German,English
ich,I
sie,she
das,the
ist,is
du,you
nicht,not
die,the
es,it
und,and
der,the
wir,we
was,What
zu,to
er,he
ein,a
in,in
mir,me
mit,with
ja,Yes
den,the
wie,How
mich,me
auf,on
dass,that
eine,one
aber,but
so,so
hat,has
hier,here
haben,have
sind,are
für,for
von,from
dich,you
war,was
wenn,if
ihr,her
habe,have
nein,no
an,to
bin,am
noch,still
da,there
dir,you
nur,only
einen,a
sich,itself
uns,us
hast,have
dem,dem
kann,can
sein,be
auch,also
ihn,him
schon,already
als,as
jetzt,now
gut,good
mal,just
aus,out of
um,to
meine,mine
dann,then
wird,becomes
im,in the
bist,are
mein,my
doch,but
alles,everything
keine,no
weiß,white
oder,or
nach,after
s,s
werden,become
nichts,nothing
man,man
wo,where
ihnen,them
etwas,something
muss,must
will,will
geht,goes
oh,Oh
mehr,more
also,so
bei,at
immer,always
bitte,please
warum,Why
hab,have
vor,before
los,go
können,can
wieder,again
sagen,say
machen,make
alle,all
sehr,very
mann,man
okay,OK
gehen,go
denn,because
zum,for the
tun,do
ihm,him
diese,this
danke,Thanks
sehen,see
wer,who
einem,a
euch,you
komm,come
vielleicht,perhaps
einer,one
ihre,her
werde,become
gibt,gives
über,above
deine,your
wissen,knowledge
müssen,must
wirklich,really
soll,should
nie,never
weg,away
hey,hey
kein,no
des,the
würde,would
einfach,simply
leben,life
am,at
viel,much
tut,does
willst,want
kommen,come
zeit,time
nun,so
hatte,had
dein,your
weil,because
kommt,comes
heute,today
wollen,want
weißt,you know
damit,with it
frau,woman
gesagt,said
wäre,were
ganz,quite
wurde,became
bis,until
sicher,secure
kannst,can
zurück,back
dieser,this
wollte,wanted
leid,sorrow
lassen,let
macht,might
na,n/a
gott,God
meinen,mean
hallo,Hello
seine,his
zwei,two
lass,let
hätte,would have
zur,to
waren,were
genau,Exactly
könnte,could
vater,father
morgen,morning
leute,people
klar,clear
ok,OK
ab,away
tag,day
gerade,straight
gesehen,seen
schön,nice
glaube,believe
liebe,love
geld,money
durch,through
reden,talk
unsere,our
jemand,someone
mach,do
raus,out
sagte,said
keinen,none
ob,whether
sollte,should
gemacht,made
mutter,mother
dieses,this
paar,couple
sir,sir
passiert,happened
musst,must
wohl,probably
möchte,want
besser,better
dachte,thought
selbst,himself
her,her
hör,listen
gehört,heard
wirst,will
sag,say
ohne,without
nacht,night
diesen,this
anderen,others
meiner,my
wieso,how come
finden,find
dort,there
helfen,help
meinem,my
lange,long
gute,good
ordnung,order
geben,give
weiter,further
natürlich,naturally
sei,be
ins,into the
gar,even
geh,go
richtig,correct
diesem,this
vom,from the
sagt,says
denke,think
seit,since
gleich,even
hören,hear
ach,Oh
mädchen,girl
davon,of that
sieht,sees
ihren,your
recht,right
dafür,for that
wegen,because of
hause,house
hin,there
warte,wait
drei,three
deinen,your
abend,evening
freund,friend
guten,good
sollen,should
sollten,should
haus,a house
menschen,people
viele,many
bleiben,remain
machst,do
musik,music
unser,our
angst,fear
schnell,fast
tot,dead
welt,world
zusammen,together
habt,have
unter,under
scheiße,shit
nehmen,take
eines,one
herr,Mr
andere,other
getan,did
rein,pure
bringen,bring
ganze,whole
essen,eat
kinder,children
glauben,believe
genug,enough
darf,may
junge,boy
stimmt,TRUE
brauchen,need
gegen,against
moment,moment
erst,first
seid,are
einmal,once
sonst,otherwise
niemand,no one
arbeit,work
steht,stands
warten,wait
dabei,included
fragen,questions
sofort,immediately
jahre,years
halt,stop
verdammt,damned
ihrer,their
bevor,before
sohn,son
familie,family
heißt,is called
jeder,everyone
sprechen,speak
gefunden,found
sache,matter
problem,problem
fertig,complete
allein,alone
wann,When
brauche,need
bruder,brother
hilfe,help
halten,hold
hatten,had
kind,child
siehst,you
darüber,about it
konnte,could
wahr,TRUE
warst,were
beim,at the
ne,no
seinen,his
beide,both
denken,think
jahren,years
daran,to it
kam,came
dazu,in addition
gib,give
würden,would
verstehe,understand
deinem,your
ihrem,their
deiner,your
wusste,knew
könnten,could
fall,case
lieber,Dear
eigentlich,actually
bekommen,receive
jeden,every
sieh,look
dank,thanks to
vergessen,forget
kennen,know
mag,likes
sehe,see
frage,ask
gern,gladly
komme,come
stadt,city
sage,saw
kopf,head
männer,men
egal,doesn't matter
letzte,last
namen,names
gab,gave
kleine,small
mache,make
töten,kill
fahren,drive
all,all
n,n
später,later
uhr,clock
ende,end
baby,baby
gehe,go
glück,happiness
dinge,things
freunde,friends
bisschen,a little
sterben,die
darauf,on it
bald,soon
minuten,minutes
echt,real
bereit,ready
eins,one
augen,eyes
runter,down
jungs,guys
seiner,his
polizei,police
auto,car
eure,your
vielen,many
stehen,stand
weit,far
meinst,do you mean
draußen,outside
tür,door
dad,dad
wurden,became
verrückt,crazy
kerl,guy
hätten,have
einzige,only
vorbei,over
treffen,meet
ganzen,entire
hi,hi
ahnung,idea
teufel,devil
kenne,I know
hinter,behind
fast,almost
name,name
arbeiten,work
gerne,gladly
dran,your turn
neue,new
ziemlich,quite
ruhig,quiet
ging,went
sorgen,care for
verstanden,understood
tochter,daughter
toll,great
jemanden,someone
sogar,even
überhaupt,at all
he,he
spät,late
hört,hears
frauen,women
hand,hand
drin,inside
schau,look
nimm,take
seinem,his
mama,mama
lang,long
solltest,should
verloren,lost
art,art
sah,saw
verstehen,understand
große,size
darum,therefore
denkst,think
job,job
ruhe,quiet
braucht,needs
woher,from where
spielen,play
idee,idea
suchen,seek
je,each
kommst,come
liegt,lies
grund,reason
versuchen,attempt
jahr,year
gekommen,came
wasser,water
gewesen,been
endlich,finally
schwester,sister
keiner,none
wenig,few
tod,death
versucht,tried
oben,above
letzten,last
geschichte,story
erste,first
alter,age
kurz,short
bedeutet,means
niemals,never
ah,uh
fünf,five
welche,which
hoch,high
etwa,approximately
erzählt,told
finde,find
land,country
lasst,let
bringt,brings
getötet,killed
stunden,hours
holen,fetch
schwer,difficult
lässt,lets
verlassen,leave
anders,different
hoffe,hope
gestern,yesterday
musste,had
wahrheit,truth
vier,four
sagst,say
mom,mom
ort,location
läuft,running
zimmer,room
während,while
captain,captain
deshalb,for this reason
seite,page
würdest,would
glaubst,do you believe
krieg,war
zeigen,show
gefallen,fallen
spiel,game
bleibt,remains
woche,week
unserer,our
nett,nice
denen,those
bestimmt,certainly
zwischen,between
wagen,dare
kleinen,small
the,the
guter,goods
schatz,treasure
schuld,fault
erzählen,tell
ersten,first
dies,this
spaß,fun
tage,days
nehme,take
manchmal,sometimes
beste,best
gehst,go
chance,chance
entschuldigung,excuse
anderes,other
schlecht,bad
wollten,wanted
äh,uh
ernst,serious
sachen,things
eben,even
schlafen,sleep
gefällt,pleases
entschuldigen,excuse
bett,bed
wort,word
allen,all
gesicht,face
typ,type
unten,below
mensch,person
freundin,girlfriend
miss,miss
kleiner,smaller
hättest,would have
teil,part
tu,do
trinken,drink
einige,some
wären,would be
bleib,stay
beiden,both
herz,heart
papa,papa
stellen,place
wichtig,important
euer,your
blut,blood
schule,school
bloß,just
john,John
neuen,new
wiedersehen,see you again
unseren,our
glücklich,happy
jack,Jack
frei,free
ding,thing
gedacht,thought
tust,do
scheint,appears
arsch,ass
oft,often
wohin,where
alt,old
alte,old
waffe,weapon
sorge,worries
fest,firmly
platz,place
eltern,parents
kriegen,get
daß,that
wen,who
möglich,possible
drauf,on it
falls,if
irgendwie,somehow
jungen,young
besten,best
alten,old
nummer,number
wahrscheinlich,probably
dollar,dollar
brauchst,need
ehrlich,honest
hierher,here
irgendwas,something
setzen,set
zuerst,first
falsch,incorrect
reicht,suffices
menge,crowd
bereits,already
bring,bring
jede,every
hölle,hell
pass,passport
außer,except
früher,earlier
rede,speech
großen,large
hände,hands
wollt,wanted
gegeben,given
telefon,phone
kennst,do you know
wartet,waits
schiff,ship
früh,early
sondern,rather
scheiß,Shit
tue,do
willkommen,welcome
kaum,barely
doktor,doctor
lieben,love
fehler,mistake
retten,save
stunde,hour
meines,my
dürfen,may
sechs,six
plan,plan
klingt,sounds
hund,dog
zehn,ten
nächste,next
nächsten,next
langsam,slow
gebe,give
allem,all
film,film
ruf,call
wochen,weeks
geworden,become
schaffen,create
wär,would
überall,everywhere
voll,full
feuer,fire
alleine,alone
büro,office
direkt,direct
kumpel,buddy
trotzdem,despite it
hm,Hm
erinnern,remember
lernen,learn
laufen,run
denkt,thinks
könig,king
new,new
tat,did
nennen,to name
kleines,small
wem,whom
eigenen,own
aufhören,stop
könnt,can
deswegen,because of this
danach,thereafter
verlieren,lose
neues,new
völlig,fully
hattest,had
leider,unfortunately
hol,get
seht,look
luft,air
stelle,position
ziehen,pull
funktioniert,functions
verstehst,do you understand
verschwinden,disappear
heiraten,marry
wolltest,wanted
unserem,our
spricht,speaks
entschuldige,sorry
jedes,each
probleme,problems
lebt,lives
könntest,could
versuche,try
groß,large
gebracht,brought
krank,sick
gegangen,gone
wow,Wow
kaffee,coffee
straße,street
froh,glad
genommen,taken
fühle,feel
wert,value
rufen,call
erde,earth
richtige,correct
suche,search
buch,book
stück,piece
getroffen,met
lch,I
tagen,days
nochmal,again
nachdem,after
möchten,want
arzt,physician
typen,types
fand,found
vertrauen,trust
sam,sam
drüben,over
himmel,heaven
erklären,explain
interessiert,interested
irgendwo,somewhere
nachricht,news
glaub,believe
tja,well
gutes,good
onkel,uncle
spielt,plays
genauso,just as
geschafft,done
großer,large
waffen,weapons
i,i
licht,light
körper,body
kaufen,buy
weniger,fewer
lasse,let
lhr,lhr
wahl,choice
damals,at that time
rest,rest
schätze,I guess
gefühl,feeling
zwar,that is
halte,hold
passieren,happen
schlüssel,key
sitzen,sit
millionen,millions
weh,sore
leicht,light
kümmern,take care
hält,holds
herren,men
sagten,said
kennt,knows
gefragt,asked
zukunft,future
schauen,look
party,party
vergiss,forget
angerufen,called
total,total
möchtest,would like
solche,such
opfer,victim
passt,fits
worden,have
versuch,attempt
gesprochen,spoken
gefängnis,jail
cool,cool
schreiben,write
vorsichtig,cautious
o,O
wovon,of which
großartig,great
laut,loud
vorstellen,introduce
sinn,sense
schöne,beautiful
sobald,as soon as
krankenhaus,hospital
wohnung,apartment
tragen,carry
person,person
böse,evil
mist,Damn
michael,Michael
super,super
stark,strong
still,still
mund,mouth
verletzt,injured
boss,boss
leuten,people
boden,floor
sex,sex
kämpfen,battle
bringe,bring
fühlen,feel
außerdem,aside from that
lustig,funny
ändern,change
fliegen,fly
findet,finds
höre,listen
klasse,class
verdammte,damn it
solange,as long as
charlie,Charlie
setz,set
schicken,send
länger,longer
jemals,ever
hörst,do you hear
stolz,proud
besonders,particularly
idiot,idiot
sicherheit,security
redest,talk
eher,rather
umbringen,kill
wenigstens,at least
anrufen,call
zeug,things
sollst,You should
gestorben,died
mr,Mr
ähm,um
hasse,hate
zeig,show
hart,hard
erwartet,expected
heißen,be called
mörder,murderer
lachen,laugh
a,a
führen,lead
heraus,out of here
glaubt,believes
fällt,falls
stimme,agree
geschehen,happen
wisst,do you know
erfahren,experience
wärst,would be
geschäft,business
tages,day
schneller,faster
hinten,rear
stand,stand
umgebracht,killed
acht,eight
liebling,darling
mögen,like
fallen,fall
denk,think
lesen,read
frank,frank
meinung,opinion
liebt,loves
erinnere,remember
folgen,consequences
schluss,ending
monate,months
unglaublich,incredible
vorher,previously
verzeihung,forgiveness
arschloch,asshole
meisten,most
schlimm,terrible
aufs,on
york,York
peter,Peter
lebens,life
werdet,will
unmöglich,impossible
kampf,battle
laden,load
nähe,vicinity
team,team
bild,picture
joe,joe
verdient,earned
arbeitet,works
jedem,each
behalten,keep
bitten,ask
tatsächlich,actually
anfangen,begin
versprochen,promised
mord,murder
bekommt,receives
rufe,call
zieh,pull
fort,continued
perfekt,perfect
tom,tom
sieben,seven
plötzlich,suddenly
geschickt,sent
tisch,table
liegen,lay
chffffff,chffffff
antwort,answer
bezahlen,pay
machte,made
arbeite,work
gefährlich,dangerous
traum,dream
bezahlt,paid
auge,eye
general,general
dumm,dumb
konnten,could
starb,died
hotel,hotel
verkaufen,sell
ziel,goal
obwohl,although
ärger,aggravation
fenster,window
seien,be
daddy,daddy
niemanden,nobody
hörte,heard
handy,mobile phone
bewegung,movement
gerettet,rescued
dagegen,against it
monaten,months
nötig,necessary
hilf,help
ihres,their
werd,will
gewinnen,win
max,max
gedanken,thoughts
erinnerst,do you remember
voller,full
verheiratet,married
fahr,drive
rum,rum
neu,new
mike,Mike
benutzt,used
yeah,yeah
nimmt,takes
welcher,which
augenblick,moment
you,you
komisch,funny
hole,hole
gefahr,danger
entscheidung,decision
meister,master
unterwegs,on the way
lacht,laughs
leiche,corpse
zug,train
ma,ma
chef,chef
gleiche,same
worte,words
bier,beer
arm,arm
klappe,flap
fangen,catch
absolut,absolutely
schlimmer,worse
kamen,came
minute,minute
zahlen,pay
benutzen,use
anfang,beginning
finger,finger
zuhause,at home
hilft,helps
arme,poor
legen,place
weiss,white
findest,find
naja,Oh well
regeln,regulate
herum,around
lhre,their
rüber,over
david,David
geschrieben,written
klein,small
wach,awake
irgendetwas,anything
paris,Paris
offen,open
schönen,beautiful
wünschte,wish
monsieur,monsieur
jemandem,someone
tanzen,dance
sitzt,sits
kalt,cold
partner,partner
reise,trip
dame,lady
sekunden,seconds
bescheid,notice
raum,space
george,george
schießen,shoot
steh,stand
rolle,role
führt,leads
monat,month
nen,a
müde,tired
schlagen,hit
informationen,information
müsst,must
lage,location
hochzeit,wedding
ständig,constant
gottes,God
müsste,would
weise,way
weitere,more
gewonnen,won
richtung,direction
süß,sweet
heiß,hot
wozu,for what reason
harry,Harry
darfst,may
lauf,run
anwalt,attorney
erzähl,tell
agent,agent
aller,all
paul,Paul
fühlt,feel
steckt,is
magst,like
ließ,let
gelernt,learned
wunderbar,wonderful
beispiel,example
hältst,do you hold
weile,while
vorsicht,caution
seele,soul
selber,himself
erledigt,completed
ehre,honor
fürs,for
nennt,calls
ansehen,view
gehabt,had
nahm,took
kraft,power
links,left
herzen,hearts
bekannt,known
wofür,for what
boot,boat
stell,position
verschwinde,disappear
darin,in it
kontrolle,control
dahin,there
rücken,back
befehl,command
leg,leg
sucht,seeks
bar,bear
hübsch,pretty
tief,deep
foto,photo
brief,letter
schreit,screams
gestohlen,stolen
verliebt,in love
irgendwann,sometime
näher,closer
welches,which
tasche,bag
heiße,hot
ehe,before
unfall,accident
verbindung,connection
geschenk,gift
jedenfalls,anyway
beweise,proofs
punkt,point
uh,uh
verschwunden,disappeared
hoffentlich,hopefully
schrecklich,terrible
geist,spirit
sowieso,anyway
professor,professor
gold,gold
dasselbe,the same
zumindest,at least
gelesen,read
beweisen,prove
gearbeitet,worked
erwischt,caught
geboren,born
bisher,until now
öffnen,open
versteckt,hidden
unbedingt,absolutely
dauert,lasts
computer,computer
sonne,sun
reich,rich
damen,ladies
hunger,hunger
lady,lady
preis,price
lügen,lie
firma,company
normal,normal
neben,next to
wette,bet
gekauft,bought
wunder,wonder
pferd,horse
beschützen,protect
frieden,peace
schwöre,I swear
erreichen,to reach
aussehen,look
fehlt,missing
verkauft,sold
erwarten,expect
haut,skin
holt,gets
herrn,Mr.
wussten,knew
traurig,sad
seltsam,strange
henry,Henry
gesucht,wanted
kriegt,gets
zieht,pulls
süße,sweetness
jung,young
liste,list
de,de
tolle,great
nächstes,next
sekunde,second
euren,your
tschüss,bye
großes,large
karte,map
stirbt,dies
redet,talks
ans,to
schade,Too bad
anruf,call
letzter,last
and,and
beziehung,relationship
bewegen,move
rechts,right
willen,will
wütend,angry
toten,kill
persönlich,personal
nachrichten,news
zeiten,times
präsident,president
eigene,own
muß,must
madame,madame
bleibe,stay
witz,joke
freut,happy
lebe,live
fährt,drives
geburtstag,birthday
entfernt,removed
untertitel,subtitles
verraten,betrayed
möglichkeit,possibility
wein,wine
vermutlich,allegedly
bord,board
nick,Nick
ruft,calls
fahre,drive
nase,nose
kindern,children
bank,bank
geschlafen,slept
fürchte,I am afraid
offensichtlich,apparently
blick,view
verändert,changed
hau,hau
alex,alex
singen,sing
zerstört,destroyed
geheimnis,secret
beschäftigt,busy
flugzeug,airplane
fuß,foot
diesmal,this time
vermisst,missing
tante,aunt
bekam,got
ha,Ha
schlaf,sleep
regierung,government
sauer,sour
armee,army
majestät,majesty
jimmy,Jimmy
meinte,meant
deines,yours
kirche,church
drogen,drugs
jesus,Jesus
schlechte,bad
zeigt,shows
kontakt,contact
ben,ben
letztes,last
gegenüber,opposite
geredet,talked
bleibst,stay
richtigen,correct
miteinander,each other
detective,detective
hoffnung,hope
wunderschön,beautiful
ermordet,murdered
liebst,love
la,la
schicksal,fate
stecken,put
schlag,hit
lust,desire
geliebt,loved
gericht,court
bekomme,get
ran,ran
kaputt,broken
sauber,clean
nämlich,namely
gefühle,feelings
erhalten,receive
brachte,brought
gesellschaft,company
verspreche,I promise
lieb,dear
zeichen,sign
übrigens,by the way
interessant,interesting
gehören,belong
volk,people
anderer,other
erledigen,complete
antworten,answer
überraschung,surprise
tee,tea
vaters,father's
kriegst,you get
soweit,so far
schlampe,slut
besorgt,worried
indem,by
achtung,danger
verstecken,hide
verdammten,damned
manche,some
mary,Mary
ewig,forever
show,show
don,Don
soldaten,soldiers
herausfinden,find out
weihnachten,Christmas
sarah,Sarah
namens,called
überleben,survive
lieutenant,lieutenant
gelassen,relaxed
heim,home
entweder,either
sheriff,sheriff
sagtest,you said
vergangenheit,past
fotos,photos
haare,hair
of,of
situation,situation
weder,neither
angefangen,begun
wald,forest
james,James
bill,bill
jawohl,yes indeed
fbi,FBI
setzt,sets
stellt,presents
kriege,wars
frag,ask
zuvor,before
besuch,visit
amerika,America
bob,bob
teilen,split
schuldig,guilty
schwein,pig
beginnen,start
schritt,step
gebäude,building
kümmere,take care
entscheiden,decide
guck,look
hals,neck
verstand,mind
zweite,second
ungefähr,approximately
drinnen,indoors
passen,fit
herein,in
vergnügen,enjoyment
haltet,hold
gefahren,driven
schönes,beautiful
güte,quality
jim,Jim
gebeten,requested
meint,means
übrig,left over
überrascht,surprised
aufhalten,stop
worauf,whereupon
ehemann,husband
besuchen,visit
ganzes,whole
brauch,need
insel,island
nimmst,take
glas,glass
werfen,throw
erkennen,recognize
nervös,nervous
verantwortlich,responsible
fühlst,do you feel
schaut,looks
königin,queen
kamera,camera
zerstören,destroy
witzig,funny
wohnen,reside
irgendwelche,any
anna,Anna
niemandem,no one
schützen,protect
deutsche,German
mussten,had to
lag,lay
prinzessin,princess
gibst,give
gesetz,law
schöner,beautiful
erschossen,shot
vorne,in front
freude,joy
messer,knife
sowas,like this
nehmt,take
gleichen,same
glückwunsch,congratulations
nahe,vicinity
aufgabe,task
falsche,FALSE
neun,nine
gegend,area
feiern,celebrate
falschen,FALSE
entschieden,decided
mission,mission
küche,kitchen
erster,first
gegessen,eaten
planeten,planets
ball,ball
übernehmen,take over
johnny,Johnny
mitnehmen,take along
unsinn,nonsense
stopp,stop
pro,per
gemeinsam,together
lied,song
gespielt,played
melden,report
seines,his
spur,track
rat,council
adresse,address
dorf,village
hälfte,half
m,m
allerdings,however
position,position
bedeuten,mean
wüsste,knew
bewegt,moves
gruppe,group
monster,monster
beine,legs
aussieht,looks
wohnt,lives
hängt,depends
schwierigkeiten,difficulties
respekt,respect
london,London
seh,see
händen,hands
danny,Danny
erinnert,remembers
schuhe,shoes
verhaftet,arrested
feind,enemy
verzeihen,pardon
band,band
geholfen,helped
dachten,thought
abendessen,dinner
statt,instead of
besorgen,obtain
drehen,turn
mark,mark
worüber,about what
davor,before
freiheit,freedom
schließen,close
nah,close
nachts,at night
kannte,knew
zufrieden,satisfied
martin,Martin
gewartet,waited
gefangen,caught
brücke,bridge
leisten,afford
gewusst,known
verbrechen,crime
armen,poor
lief,ran
drink,drink
meer,sea
wünsche,wishes
eier,eggs
eis,ice
kleid,a dress
clark,Clark
schmerz,pain
stimmen,voices
gesund,healthy
eurer,your
witze,jokes
richter,judge
bullen,bulls
deren,whose
leise,quiet
welchen,which
wind,wind
danken,thank
kümmert,cares
bericht,report
maria,Maria
ring,ring
sorry,Sorry
entlang,along
furchtbar,terrible
einverstanden,agreed
geschlagen,beaten
übel,bad
betrunken,drunk
to,to
taxi,taxi
versteht,understands
fernsehen,TV
mitten,in the middle
erfolg,success
schwanger,pregnant
falle,fall
unternehmen,company
beenden,finish
deal,deal
träume,dreams
schwierig,difficult
maul,mouth
schläft,sleeps
dauern,last
billy,Billy
genannt,named
maschine,machine
fantastisch,fantastic
beginnt,begins
helfe,help
energie,energy
versprechen,promise
t,t
fleisch,meat
singt,sings
aha,Aha
schließlich,finally
unseres,our
stehe,stand
ehren,honor
männern,men
angriff,attack
sergeant,sergeant
beeil,heap
verdienen,earn
größte,largest
wochenende,weekend
freue,am happy
hängen,hang
spiele,games
kostet,costs
see,lake
bekommst,get
schloss,lock
halb,half
rennen,run
unterschied,difference
echte,real
trägt,carries
tötet,kills
quatsch,nonsense
jane,Jane
geändert,changed
angebot,offer
daniel,Daniel
bilder,pictures
neuer,newer
major,major
bein,leg
au,au
schuss,shot
freunden,friends
polizist,policeman
schätzchen,baby
treten,step
weinen,cry
patienten,patients
schaden,damage
fang,catch
wusstest,did you know
fräulein,miss
schätzen,treasure
hielt,held
brechen,break
fanden,found
besteht,consists
leiden,suffer
haufen,heap
brüder,brothers
sprach,spoke
ernsthaft,seriously
daher,therefore
reichen,are sufficient
colonel,colonel
lächerlich,ridiculous
dessen,whose
aufpassen,watch out
nee,no
verpasst,missed
befehle,commands
zufällig,randomly
meter,meter
blumen,flowers
bauen,build
vorwärts,forward
tony,tony
tommy,Tommy
park,park
hut,hat
töte,kill
bringst,bring
loch,hole
operation,operation
spreche,speak
hinaus,in
thomas,Thomas
tiere,animals
zeitung,newspaper
gehirn,brain
wand,wall
richard,Richard
verbringen,spend
wünschen,wish
charles,Charles
mitgebracht,brought along
spannende,exciting
bücher,books
worum,what about
gelegenheit,opportunity
commander,commander
ohren,ears
chuck,chuck
entkommen,escape
schreien,scream
nachgedacht,thought
bombe,bomb
angetan,impressed
gebrochen,broken
mut,courage
ray,ray
bus,bus
steig,rise
robert,Robert
lüge,lie
weißen,white
heilige,holy
unterhalten,entertain
ecke,corner
flasche,bottle
eingeladen,invited
sahen,saw
stöhnt,groans
gestellt,placed
zeitpunkt,time
lord,lord
verhalten,behave
grad,degree
lächeln,smile
schafft,creates
besonderes,special
konntest,could
oma,granny
haar,hair
nutzen,to use
schwanz,tail
lois,Louis
neuigkeiten,news
engel,angel
gespräch,conversation
leer,empty
klingelt,rings
lehrer,teacher
blöd,stupid
fassen,grasp
trifft,hits
fahrt,drive
interesse,interest
versteh,I understand
verantwortung,responsibility
gebt,give
mannes,man
folge,consequence
tor,goal
robin,Robin
fragt,asks
wart,wait
lhnen,you
kosten,cost
schmerzen,pains
geschlossen,closed
system,system
funktionieren,function
eigenes,own
sommer,summer
red,red
zweiten,second
club,club
keller,cellar
schwarze,black
dorthin,there
keinem,none
überprüfen,check
frühstück,breakfast
mami,mommy
druck,pressure
schwert,sword
traf,met
dach,roof
sprichst,speak
gehalten,held
wahnsinn,craziness
baum,tree
verdammter,damned
auftrag,order
hintern,butt
gelaufen,walked
fragte,asked
mitkommen,come with me
hose,trousers
ted,ted
fisch,fish
rief,called
zeige,show
held,hero
rauf,up
kugel,bullet
gewalt,force
kurs,course
lösung,solution
flug,flight
gebaut,built
sprich,speak
nachdenken,ponder
beweis,proof
vorhin,earlier
bobby,Bobby
freuen,be happy
stein,stone
hasst,hates
knast,prison
walter,Walter
katze,cat
daraus,from this
tote,dead
urlaub,vacation
hunde,dogs
pause,pause
verschwindet,disappears
irre,insane
tier,animal
nachmittag,afternoon
d,d
erreicht,reached
prinz,prince
übersetzung,translation
koffer,suitcase
welchem,which
hinterlassen,leave behind
fick,fuck
erklärt,explained
einzigen,single
vogel,bird
getrunken,drank
eddie,Eddie
erstes,first
geschieht,happens
gemeint,meant
taten,did
jagen,hunting
is,is
wichser,wanker
erlaubt,allowed
küssen,kiss
weiteren,further
irgendjemand,anyone
bessere,better
schwarzen,black
stören,disturb
größer,larger
hoffen,hope
dankbar,thankful
besseres,better
seitdem,since
versuchte,attempted
kunden,customers
normalerweise,normally
übersetzt,translated
gingen,go
claire,Claire
halbe,half
natur,nature
atmen,breathe
risiko,risk
mindestens,at least
fiel,fell
bad,bad
beruhigen,calm
schlechter,worse
fängt,begins
prima,great
karten,cards
vollkommen,completely
mädels,girls
brauchte,needed
wahre,TRUE
zeugen,witnesses
entdeckt,discovered
erfahrung,experience
liebes,Dear
gezeigt,shown
steigen,climb
idioten,idiots
polizisten,police officers
runde,round
gibts,There is
geschossen,shot
schmeckt,tastes
schickt,sends
mistkerl,bastard
thema,theme
offenbar,apparently
isst,eats
weiße,white
gewissen,conscience
drüber,about it
gilt,applies
date,date
reihe,row
verfolgt,pursued
großvater,grandfather
behandelt,treated
van,van
wunsch,wish
erschießen,shoot
ryan,ryan
pläne,plans
city,City
morgens,morning
solchen,such
rom,Rome
geblieben,remained
entschuldigt,excused
schaffst,do you manage
dienst,service
emily,Emily
zufall,coincidence
längst,long ago
eurem,your
bravo,Bravo
zustand,condition
bemerkt,noticed
fluss,flow
wesen,essence
arthur,Arthur
chris,Chris
amerikaner,American
eh,eh
wahnsinnig,insane
rose,rose
lee,lee
nem,nem
roger,Roger
lautet,is
junger,younger
szene,scene
schlägt,strikes
schwarz,black
durcheinander,mixed up
weisst,you know
beruhige,calm down
geplant,planned
dringend,urgent
einigen,some
farbe,color
fern,remote
geschäfte,shops
rachel,Rachel
rot,red
vertraut,trusted
labor,laboratory
strand,beach
mond,moon
hinein,inside
soldat,soldier
gäste,guests
außerhalb,outside
rache,revenge
pferde,horses
frankreich,France
restaurant,restaurant
england,England
geschichten,stories
angegriffen,attacked
füße,feet
it,it
überlegen,superior
gelogen,Lies
rechte,right
garten,garden
kapitän,captain
alan,alan
ähnlich,similar
anscheinend,apparently
deutschen,German
radio,radio
langer,long
meilen,miles
verfolgen,track
zweimal,twice
opa,grandpa
louis,Louis
autos,cars
erinnerung,memory
reisen,travel
direktor,director
verlangt,required
gang,aisle
stört,disrupts
legt,lays
me,me
kapiert,I understand
streit,dispute
trink,drink
my,my
netter,nice
riecht,smells
jake,Jake
chief,chief
fuck,fuck
überzeugt,convinced
stehst,are you
aufgeben,give up
stehlen,steal
weshalb,for what reason
fair,fair
fass,barrel
dürfte,likely
nerven,annoy
verlangen,demand
bat,bat
sprache,language
scherz,joke
arbeitest,work
scott,Scott
derjenige,that one
vertrag,contract
steve,Steve
abgesehen,apart from
grenze,border
such,search
vorbereitet,prepared
braut,bride
einiges,some
san,san
kate,kate
lauter,loud
kuchen,cake
bürgermeister,mayor
officer,officer
hieß,was called
erzählte,told
langweilig,boring
college,college
aufstehen,stand up
scheinen,seem
dan,Dan
womit,with which
schande,shame
milch,milk
wache,wake
zweifel,doubt
nirgendwo,nowhere
gebrauchen,use
knie,knee
rauchen,smoke
nette,nice
erzähle,tell
entführt,kidnapped
wurdest,were
woran,what
folgt,follows
lager,storage
geglaubt,believed
dadurch,through this
lösen,solve
geheiratet,married
nachher,afterward
fragst,ask
pflicht,duty
abholen,pick up
verflucht,cursed
ziehe,pull
umsonst,for free
entlassen,dismissed
dreck,dirt
dean,dean
zählt,count
anzug,men's suit
andy,andy
erwähnt,mentioned
beeilen,hurry up
tatsache,fact
sieg,victory
unschuldig,innocent
suchst,are looking
test,test
schutz,protection
dreh,turn
ner,ner
leichen,corpses
bösen,evil
programm,program
erinnerungen,memories
schulden,debts
fährst,drive
pistole,gun
hassen,hate
mister,mister
schwach,weak
doc,doc
verboten,forbidden
schatten,shadow
enden,end
helft,help
stock,stock
form,form
klug,smart
erklärung,explanation
einfacher,simpler
kollegen,colleagues
knochen,bone
kuss,kiss
daten,data
begann,began
selbstverständlich,of course
irgendeine,any
akte,file
handeln,act
vergeben,forgive
wichtiger,important
dunkel,dark
blödsinn,nonsense
karriere,career
lily,lily
krankheit,illness
englisch,English
hexe,witch
aufmerksamkeit,attention
gefeuert,fired
großmutter,grandmother
gehts,Going
lisa,Lisa
hingehen,go there
erlauben,allow
gezogen,pulled
blöde,stupid
pfund,pound
bester,best
kunst,art
innerhalb,within
beendet,finished
million,million
satt,full
ebenso,as well
wachen,wake
regen,rain
geb,born
trottel,idiot
überlebt,survived
termin,appointment
komplett,completely
woanders,elsewhere
hure,whore
fühlte,felt
herzlichen,heartfelt
fliegt,flies
gebraucht,needed
dennoch,nonetheless
high,high
seiten,pages
feinde,enemies
tritt,occurs
behandeln,treat
geheimnisse,secrets
signal,signal
besprechen,discuss
warm,warm
schreibt,writes
l,l
verhindern,impede
selben,the same
verlässt,leaves
kochen,cook
kontrollieren,control
theater,theater
phil,phil
peinlich,awkward
joey,Joey
merken,remember
zurückkommen,come back
voraus,in advance
grab,grave
schweigen,be silent
roten,redden
washington,Washington
spuren,sense
weiterhin,furthermore
irgendein,any
schwimmen,to swim
müssten,would
griff,handle
wirkt,works
bewusst,consciously
liebte,loved
sterbe,die
bastard,bastard
schnappen,grab
schick,chic
schaffe,create
gäbe,would
stuhl,chair
präsidenten,presidents
geschah,happened
simon,Simon
dick,thick
trotz,despite
video,video
kerle,guys
alkohol,alcohol
freundlich,friendly
eric,eric
beobachtet,observed
dumme,stupid
selbstmord,suicide
marie,Marie
pete,pete
hank,hank
ln,ln
zähne,teeth
passierte,happened
genießen,enjoy
teuer,expensive
kräfte,forces
desto,the more
trage,wear
verrückte,crazy
einsatz,mission
heiligen,holy
eifersüchtig,jealous
gentlemen,gentlemen
zulassen,allow
gast,guest
toilette,toilet
flughafen,airport
mitgenommen,taken
panik,panic
raten,guess
superman,superman
handelt,acts
dreht,turns
absicht,intention
ideen,ideas
lebendig,lively
kennenzulernen,to get to know
begleiten,accompany
stärker,more
hä,huh
mühe,effort
schlage,hit
blind,blind
rote,redness
getrennt,separated
crew,crew
angenommen,assumed
annehmen,assume
mochte,want
code,code
nachbarn,neighbors
enttäuscht,disappointed
tode,death
herauszufinden,to find out
emma,Emma
zählen,to count
shield,shield
freitag,Friday
neulich,recently
schicke,chic
fuhr,drove
wählen,choose
definitiv,definitely
kevin,Kevin
stoppen,stop
matt,frosted
weitermachen,continue
kohle,money
oliver,oliver
bieten,offer
möglicherweise,possibly
verletzen,injure
street,street
betrifft,regards
familien,families
beinahe,almost
lst,lst
saß,sat
sonntag,Sunday
fahrer,driver
bestes,best
amy,Amy
vorstellung,performance
schlau,clever
merkwürdig,unusual
schien,seemed
b,b
erwarte,expect
carter,Carter
begraben,buried
ergibt,results
schlimmste,worst
größe,size
ohr,ear
julia,Julia
größten,largest
klappt,works
killer,killer
medizin,medicine
ebenfalls,also
schüler,pupils
barry,Barry
mehrere,several
einander,each other
anhalten,Stop
riesen,giant
tanz,dance
gehofft,hoped
rechnung,invoice
überzeugen,convince
gegenteil,opposite
treffe,meet
aussage,expression
schnauze,snout
ändert,changes
ausgehen,go out
erwachsen,adult
überprüft,checked
lügner,liar
whoa,whoa
konzentrieren,focus
harvey,Harvey
kennengelernt,met
filme,films
gesetzt,set
erlebt,experienced
prozent,percent
adam,Adam
aufmachen,open up
aufgeregt,upset
einsam,lonely
star,star
trick,trick
schönheit,beauty
unterstützung,support
solltet,should
echter,real
flucht,escape
dieselbe,the same
norden,north
zwölf,twelve
untersuchen,investigate
station,station
hoheit,Your Highness
verliert,loses
tschüs,bye
toller,great
klopfen,knock
probieren,try out
scharf,sharp
erlaubnis,permission
vermisse,I miss
lebst,live
halben,half
spielst,play
fremden,strangers
beobachten,observe
reinkommen,come in
hof,courtyard
ross,horse
endet,ends
berg,mountain
madam,madam
fehlen,miss
carl,Carl
abends,at evening
streiten,argue
brennt,burns
abhauen,run away
springen,jump
spüren,sense
jerry,Jerry
botschaft,message
ed,ed
brian,Brian
fing,started
blieb,remained
stich,engraving
entspann,relaxed
verändern,change
zuletzt,last
unterschreiben,sign
aufgenommen,recorded
locker,loose
post,post
brust,breast
trauen,trust
geklaut,stolen
antun,do
frisch,fresh
packen,pack
prost,Cheers!
dritte,third
liest,reads
existiert,exists
jederzeit,at any time
schiffe,ships
geöffnet,open
älter,older
big,big
gewinnt,wins
gebiet,area
götter,gods
kino,cinema
ums,about
verhaften,arrest
umgehen,evade
beruf,profession
einheit,unit
knapp,meager
abgeschlossen,completed
vorn,front
gerechtigkeit,justice
schrieb,wrote
verräter,traitor
gesamte,entire
deckung,cover
gewehr,gun
drücken,press
alarm,alarm
dingen,things
machten,made
william,William
akzeptieren,accept
geduld,patience
straßen,streets
morgan,morgan
story,story
herausgefunden,found
aufgehört,stopped
wichtige,important
zugang,access
bauch,belly
anrufe,calls
landen,land
ertragen,bear
on,on
kenn,know
mitte,center
herrgott,Lord
untersuchung,investigation
armer,poor
sitze,seats
selten,rarely
extra,extra
reparieren,repair
verbunden,tied together
möge,may
fliehen,flee
erzählst,tell
vertraue,trust
ärzte,doctors
angeht,as far as
wege,ways
schießt,shoots
kleider,dresses
luke,hatch
montag,Monday
nackt,naked
teile,parts
alice,Alice
gerufen,called
iss,eat
gezwungen,forced
angekommen,arrived
schreibe,write
penny,penny
presse,press
langen,long
steigt,rises
brot,bread
priester,priest
magie,magic
befreien,free
westen,west
schlechten,bad
anziehen,put on 
kompliziert,complicated
jedoch,however
laß,let
wetter,weather
sexy,sexy
erkannt,recognized
deutschland,Germany
berlin,Berlin
inzwischen,in the meantime
staaten,states
ton,clay
riskieren,risk
chaos,chaos
wundervoll,wonderful
prozess,process
papiere,papers
rechten,right
freundschaft,friendship
cop,cop
lhren,their
rock,rock
überlegt,considered
beten,pray
schauspieler,actor
linda,Linda
interessieren,are of interest
zunge,tongue
versuchst,are you trying
strafe,penalty
weint,cries
rate,rate
amen,Amen
song,song
träumen,dream
hauen,hit
winter,winter
usa,USA
dieb,thief
türen,doors
hübsche,pretty
hmm,hmm
wartest,wait
helden,heroes
trinkt,drinks
trennen,separate
stellte,presented
immerhin,anyway
personen,persons
gras,grass
befindet,are
kiste,box
beantworten,answer
nehm,take
schritte,steps
zog,pulled
schüsse,shots
dave,Dave
zuhören,listen
artikel,article
deutlich,clearly
jacke,jacket
starten,start
regel,rule
gegenseitig,each other
anstatt,instead of
schwul,gay
inspektor,inspector
blau,blue
hinterher,after
leck,leak
spiegel,mirror
gift,gift
schief,wrong
zahl,number
verwirrt,confused
trinke,drink
ficken,fuck
feuern,fire
vermissen,miss
erfreut,delighted
samstag,Saturday
wolf,wolf
anne,Anne
e,e
fälle,cases
leichter,lighter
schlafzimmer,bedroom
erleben,experience
cousin,cousin
jason,Jason
schwestern,sisters
meins,mine
wichtigste,most important
tausend,thousand
hemd,shirt
perfekte,perfect
mittagessen,lunch
herkommen,come here
victor,Victor
eindruck,impression
gucken,look
bedeutung,meaning
hungrig,hungry
projekt,project
trug,wore
bühne,stage
lügt,lies
kleidung,clothing
vernichten,destroy
julie,julie
champagner,champagne
verpassen,miss
echten,real
soviel,so much
gekriegt,got
schwere,heavy
nenne,name
theorie,theory
verteidigen,defend
menschheit,humanity
tatort,crime scene
wild,wild
angesehen,viewed
bestellt,ordered
gerät,device
altes,old
gemeldet,reported
arbeitete,work
müll,garbage
wessen,whose
vince,Vince
virus,virus
no,no
dritten,third
harte,hardness
decke,ceiling
motor,motor
möglichkeiten,possibilities
roy,roy
ausgezeichnet,excellent
geholt,fetched
bestätigt,confirmed
annie,Annie
dienen,serve
süßer,sweet
geraten,advised
geschmack,taste
ruiniert,ruined
vertrau,trust
europa,Europe
zelle,cell
treiben,to drive
jeff,Jeff
gründe,reasons
beweg,move
auseinander,apart
aye,aye
gelebt,lived
sprachen,languages
anführer,leader
wonach,after which
beeilung,hurry
abteilung,department
sturm,storm
vorschlag,suggestion
kaiser,emperor
gaben,gave
bricht,breaks
gas,gas
gewählt,chosen
geworfen,thrown
beerdigung,burial
menschliche,human
spitze,great
unrecht,wrong
find,find
verbracht,spent
welch,which
festhalten,hold onto
larry,Larry
gnade,grace
schlafe,temple
papier,paper
vögel,birds
betrogen,cheated
praktisch,practical
agenten,agents
wahren,TRUE
geburt,birth
spinnst,Are you crazy?
beruhigt,reassured
dunkelheit,darkness
charlotte,Charlotte
tolles,great
richtiger,correct
notfall,emergency
dahinter,behind
fremde,foreign
anfassen,touch
begegnet,encountered
besseren,better
wechseln,change
sack,bag
süden,south
genie,genius
fähigkeiten,skills
kommando,command
treppe,stairs
überlassen,left
übergeben,hand over
gelegt,laid
mantel,a coat
verschiedene,different
lucy,Lucy
nenn,name
offizier,officer
al,al
entwickelt,developed
täter,perpetrator
details,details
krebs,cancer
fressen,eat
gefolgt,followed
gemein,mean
fliege,fly
fein,fine
huh,huh
heimat,hometown
öffne,open
gleichzeitig,at the same time
howard,Howard
king,king
kilometer,kilometers
zurückkehren,return
reiten,ride
bye,bye
strom,electricity
kuh,cow
chicago,Chicago
briefe,letters
cops,cops
geil,cool
tötete,killed
schlange,snake
explosion,explosion
trägst,wear
talent,talent
frische,fresh
versteck,hiding place
feld,field
fernseher,TV
laura,Laura
cia,cia
geführt,guided
enterprise,enterprise
aufnehmen,to record
pech,bad luck
greifen,grab
wetten,betting
nieder,low
null,zero
verdächtigen,suspect
china,China
schließt,closes
publikum,audience
krieger,warrior
wieviel,how much
mittag,midday
jo,yes
unterhaltung,entertainment
öfter,more often
setze,set
spazieren,stroll
entspannen,relax
lebte,lived
wehtun,hurt
hiermit,hereby
hilfst,help
öffnet,opens
patrick,Patrick
quelle,source
entscheidungen,decisions
zwingen,force
ei,egg
sterne,stars
unterstützen,support
solch,such
eilig,hurry
verlor,lost
erfüllt,fulfilled
schlechtes,bad
bauer,farmer
fred,Fred
leitung,line
geträumt,dreamed
neugierig,curious
gewarnt,warned
schreie,screams
akten,files
babys,babies
offiziell,officially
las,las
anderem,other
besucht,visited
befinden,condition
schrei,scream
seufzt,sighs
bart,beard
tränen,tears
behauptet,claims
umzubringen,to kill
susan,Susan
kim,Kim
volle,full
esse,eat
verarschen,fool
einziger,only
geister,ghosts
streng,strictly
mitternacht,midnight
bestens,excellent
behaupten,claim
schläfst,sleep
höher,higher
fühl,feel
begonnen,started
leo,Leo
karen,Karen
erschaffen,create
loswerden,get rid of
staat,state
hütte,hut
chloe,Chloe
stoff,material
geschenkt,gift
vorgestellt,presented
rechtzeitig,punctual
schweine,pigs
melde,report
mitglied,member
vincent,Vincent
korrektur,correction
hergekommen,came here
würdet,would
dicht,dense
verursacht,caused
wohne,live
elena,Elena
heutzutage,nowadays
hosen,pants
verdammtes,damn it
wut,fury
kämpfe,fights
medikamente,medication
schreckliche,terrible
glaubte,believed
bürger,citizens
klären,clear up
gründen,found
maggie,Maggie
entfernen,remove
information,information
treibt,drives
beides,both
doctor,doctor
lebend,live
waschen,wash
tausende,thousands
vieles,many
schnee,snow
sean,sean
ergeben,result
vermute,I suspect
feigling,coward
atmet,breathes
nannte,named
sicherlich,surely
abgehauen,ran away
juden,Jews
besitz,possession
vernünftig,reasonable
häuser,houses
geräusch,noise
jones,Jones
doug,Doug
stärke,strength
empfangen,received
dauernd,constantly
stefan,Stefan
geheim,secret
schlacht,battle
beeilt,hurry
wirf,throw
eindeutig,clearly
chancen,chances
politik,policy
universum,universe
mittel,medium
riechen,smell
schlug,hit
eingesperrt,locked up
werk,factory
km,km
schrank,wardrobe
wichtiges,important
c,c
grace,grace
wirken,works
yo,yo
gehörte,belonged
warnen,warn
russen,Russians
irgend,any
musstest,had to
zugeben,admit
bestätigen,confirm
fresse,mouth
gefühlt,felt
sara,Sara
grenzen,borders
ließen,let
behalte,keep
beigebracht,taught
spielte,played
führer,leader
verbrecher,criminals
einst,once
zigarette,cigarette
brille,glasses
helen,Helen
jackson,Jackson
beschlossen,decided
gedanke,thought
himmels,heavens
künstler,artist
gelandet,landed
kämpft,fight
erschreckt,frightened
abenteuer,adventure
mexiko,Mexico
gewisse,certain
angeblich,allegedly
caroline,Caroline
wachsen,grow
erfolgreich,successful
internet,Internet
eva,Eva
beschützt,protected
truppen,troops
stammt,origins
vermögen,assets
marshall,Marshall
klinik,clinic
kauf,purchase
pizza,pizza
osten,east
verzeih,forgive
harold,Harold
kennenlernen,get to know
anbieten,offer
lippen,lips
scheisse,shit
aufwachen,wake up
stimmung,mood
gefangenen,prisoners
schickte,sent
amanda,Amanda
richten,direct
schieß,shoot
verurteilt,sentenced
holmes,Holmes
fange,start
bulle,bull
maske,mask
per,by
by,by
dinger,things
verbrannt,burned
antworte,reply
oberst,colonel
gratuliere,Congratulations
wenige,few
leiter,director
April,April
schnitt,cut
erfunden,invented
krankenwagen,ambulance
verpiss,piss off
smith,Smith
fett,fat
verwenden,use
schädel,skull
zurecht,rightly so
unglück,accident
mußt,must
heil,unhurt
jenny,Jenny
nettes,nice
irren,err
verlust,loss
einladung,invitation
wiederhole,repeat
erkläre,explain
sophie,Sophie
abgemacht,agreed
lecker,yummy
fluch,curse
schulter,shoulder
heilen,heal
aufgegeben,abandoned
beeindruckt,impressed
liebsten,I love you
ho,ho
hundert,hundred
stern,star
beziehungen,relationships
klo,toilet
momentan,at the moment
sendung,broadcast
brav,well-behaved
jagd,hunting
markt,market
grün,green
spüre,feel
wüste,desert
love,love
patient,patient
zweck,purpose
ziehst,pull
gewöhnt,used
hass,hate
benehmen,behavior
lügst,are you lying
vergisst,forgets
klang,sound
aufgrund,because of
schulde,debt
real,real
senator,senator
normale,normal
tyler,Tyler
verstärkung,reinforcement
punkte,points
würd,would
fähig,capable
stattdessen,instead
tim,tim
einziges,only
gesteckt,inserted
angreifen,attack
magen,stomach
zucker,sugar
ritter,knight
erstaunlich,astonishing
miles,miles
berichten,report
schaff,create
ausziehen,get undressed
uniform,uniform
klamotten,clothes
mum,mum
versagt,failed
planet,planet
ciao,ciao
realität,reality
stinkt,stinks
kommissar,commissioner
barney,barney
holz,wood
pack,pack
kurze,short
schneiden,cut
tiger,tiger
erfüllen,fulfill
anteil,portion
weiteres,further
gekämpft,fought
tiefer,deeper
house,house
weib,woman
urteil,verdict
führte,led
wayne,Wayne
verliere,lose
wünscht,wishes
frankie,Frankie
verrückten,crazy
kannten,knew
freiwillig,voluntarily
gesundheit,health
scheidung,divorce
lauft,running
achten,regard
angelegenheit,matter
öffentlichkeit,public
wiederholen,repeat
lies,read
starke,strength
lhrer,your
lernt,learns
revier,territory
loslassen,release
wirklichkeit,reality
begeistert,enthusiastic
meistens,mostly
verfügung,disposal
äußerst,extremely
roman,novel
dachtest,thought
grunde,reasons
jungfrau,Virgo
ratte,rat
verteidigung,defense
schreib,write
kyle,Kyle
posten,post
schreibtisch,desk
hübsches,pretty
happy,happy
hammer,hammer
pater,father
verließ,left
gewohnt,used
bewahren,preserve
besitzt,owns
tasse,cup
durchs,through
heut,today
lhrem,her
stress,stress
steckst,are you stuck
schenken,give
anklage,indictment
kugeln,balls
mrs,Mrs
drum,that
kalifornien,California
linken,left
bereich,area
besitzer,owner
führe,lead
west,west
zeuge,witness
vorbereiten,prepare
zusehen,watch
ali,Ali
korrekt,correctly
lege,lay
jäger,hunter
nahmen,took
tunnel,tunnel
aufregend,exciting
wilson,Wilson
pfarrer,priest
blaue,blueness
berührt,touched
white,white
gewiss,certainly
täglich,daily
besessen,possessed
reifen,tires
jessica,Jessica
schaue,look
übers,about
zahlt,pays
christus,Christ
freundinnen,girlfriends
probe,sample
viertel,quarter
leonard,Leonard
stücke,pieces
verwandelt,transforms
hurensohn,son of a whore
wissenschaft,science
hinweis,a notice
aufgefallen,noticed
suppe,soup
berge,mountains
amerikanische,American
mhm,mhm
scheißkerl,bastard
texas,Texas
hauptmann,captain
rick,Rick
gedächtnis,memory
verdacht,suspicion
behandlung,treatment
rosa,pink
durchgemacht,went through
sicht,view
nix,nothing
einladen,invite
schönste,most beautiful
übernehme,take over
scheck,check
französisch,French
schwerer,heavier
ursache,cause
landes,country
aufgetaucht,appeared
besiegen,defeat
anweisungen,instructions
verzweifelt,desperate
nennst,name
jean,Jean
erwischen,catch
verschwand,disappeared
fingerabdrücke,fingerprints
truck,truck
standen,stood
opfern,sacrifice
jahrhundert,century
bestellen,order
wissenschaftler,scientist
mitleid,pity
bereiten,prepare
schwachsinn,nonsense
vampir,vampire
erscheinen,appear
jesse,Jesse
miete,rent
titel,title
antrag,application
bäume,trees
terry,terry
freien,free
zigaretten,cigarettes
kauft,buys
verbrennen,burn
dutzend,dozen
martha,Martha
informiert,informed
fische,fish
rauskommen,get out
verrückter,crazy
hässlich,ugly
indianer,Indians
hirn,brain
befreit,freed
bestraft,punished
sitz,seat
linie,line
dummkopf,idiot
sand,sand
gehörst,belong
sollt,should
basis,base
reine,pure
käse,cheese
gegner,opponent
nancy,Nancy
spieler,player
langsamer,slower
affen,monkeys
gemerkt,noticed
joseph,Joseph
we,we
zahle,pay
sammeln,collect
stil,style
erfährt,learns
schock,shock
diener,servant
berühren,touch
merkt,notices
vorteil,advantage
monica,Monica
elf,eleven
tests,tests
affäre,affair
geliebte,beloved
empfang,reception
geschenke,gifts
verabschieden,say goodbye
applaus,applause
fürchten,fear
geküsst,kissed
titten,tits
ausweis,ID
start,start
roboter,robot
hafen,harbor
rund,around
casey,casey
beeindruckend,impressive
daneben,besides
fabrik,factory
elizabeth,Elizabeth
verlasse,leave
einfluss,influence
morde,murders
bedrohung,threat
umständen,circumstances
identifizieren,identify
tanzt,dances
anschauen,look at
gouverneur,governor
hans,Hans
derek,derek
sparen,save
besondere,special
cent,cent
kreuz,cross
albern,silly
black,black
that,that
stop,Stop
identität,identity
eng,closely
angelogen,lied
rufst,call
kaufe,buy
miststück,bitch
nebenan,next door
training,training
folgendes,the following
negativ,negative
unterricht,instruction
terroristen,terrorists
gekümmert,cared
verwendet,used
stets,always
zentrale,central
revolution,revolution
mauer,wall
angezogen,dressed
umdrehen,turn around
your,your
gary,Gary
bestehen,consist
meinetwegen,For all I care
liefern,delivery
pünktlich,on time
unglücklich,unhappy
not,not
ewigkeit,eternity
plus,plus
reaktion,reaction
watson,Watson
edward,Edward
angestellt,employed
fieber,fever
wenden,turn around
umstände,circumstances
schnappt,grabs
angeles,angeles
erscheint,appears
mitarbeiter,employees
grüß,Greetings
aussteigen,exit
deck,deck
penner,bum
einfache,simple
lektion,lesson
leiten,lead
nachsehen,look
kreis,circle
stahl,steel
dusche,shower
spring,spring
ausruhen,relax
walker,walker
angenehm,pleasant
kilo,kilo
little,little
gelöst,solved
one,one
phoebe,Phoebe
tollen,great
großartige,great
schluck,swallow
tour,tour
kelly,Kelly
studiert,studied
begangen,committed
rückkehr,return
donnerstag,Thursday
störung,disturbance
maschinen,machines
clever,clever
wunde,wound
überfallen,attacked
steuern,steer
parker,Parker
mm,mm
worten,words
op,op
mäuse,mice
junior,junior
dienstag,Tuesday
verabredung,appointment
geruch,odor
unheimlich,scary
jugend,youth
verdienst,earnings
amerikanischen,American
mutig,brave
carlos,Carlos
extrem,extreme
voran,forward
mordes,murder
albert,Albert
staatsanwalt,prosecutor
füßen,feet
italien,Italy
vegas,Vegas
verschwenden,waste
schlimmes,bad
bereuen,regret
gepäck,baggage
traurige,sad
for,for
stellung,position
monk,monk
staub,dust
blauen,blue
klauen,to steal
prüfen,check
menschlichen,human
miami,Miami
seltsame,strange
hohen,high
aufnahme,recording
todes,death
text,text
carol,carol
sammy,Sammy
geschnappt,snatched
dummes,stupid
graf,count
sport,sport
mademoiselle,Mademoiselle
brachten,brought
leidenschaft,passion
dramatische,dramatic
half,half
kurzem,short
vampire,vampire
flotte,fleet
gehöre,belong
kindheit,childhood
el,el
lm,lm
heiratet,marries
versprich,promise
vermeiden,avoid
hübscher,pretty
benzin,petrol
üben,practice
warnung,warning
arbeiter,workers
reingelegt,tricked
testen,test
klaus,Klaus
marcus,Marcus
nathan,Nathan
afrika,Africa
graben,dig
suchte,searched
nutte,hooker
diamanten,diamonds
klingen,sound
taylor,Taylor
schokolade,chocolate
steine,stones
over,over
erstens,first
bedroht,threatened
trafen,met
karl,Karl
â,â
söhne,sons
flehe,plea
betreten,enter
eile,hurry
manager,manager
clay,clay
sohnes,son
jay,Jay
abgelehnt,rejected
inneren,inner
gewollt,intentional
damon,demon
bonnie,bonnie
fan,fan
gewöhnlich,usually
laufe,run
königs,king's
kameras,cameras
schild,sign
bahnhof,railroad station
flügel,wing
berühmt,famous
weitergehen,continue
reagiert,Reacts
japan,Japan
filmen,film
barbara,Barbara
innen,inside
wenigen,few
minister,minister
belohnung,reward
cole,Cole
hitler,Hitler
jamie,Jamie
molly,molly
beibringen,teach
informieren,inform
wunderbare,wonderful
reingehen,go inside
munition,ammunition
notwendig,necessary
gentleman,gentleman
appetit,appetite
bruce,Bruce
narr,fool
stan,stan
hohe,height
höhle,cave
betrachten,regard
erneut,anew
schütze,protect
figur,figure
lehrerin,teacher
ari,ari
zeigte,showed
johnson,Johnson
alexander,Alexander
hättet,would have
cooper,cooper
schuldest,debt
farm,farm
dexter,dexter
angeboten,offered
erstmal,first
lärm,noise
mögliche,possible
verbergen,hide
einstellen,set
ausgerechnet,of all things
bergen,recover
bedingungen,conditions
toter,dead
bescheuert,stupid
sheldon,Sheldon
geflogen,flown
fahrrad,bicycle
wohnst,live
planen,plan
heirate,marry
ª,ª
gestört,disturbed
eingestellt,set
lese,read
diejenige,the one
dunklen,dark
go,go
koch,cook
jackie,Jackie
geschaffen,created
bezahle,pay
widerstand,resistance
gordon,Gordon
verbinden,connect
rauch,smoke
abmachung,agreement
marty,marty
bereitet,prepares
erkenne,recognize
steck,plug
ware,goods
gesichter,faces
heiliger,holy
reiß,tear
hintergrund,background
verkauf,sale
wirft,throws
begrüßen,greet
nächster,next
stirbst,die
drachen,dragons
technik,technology
präsentiert,presents
erkennt,recognizes
führung,guide
verschiedenen,different
anzeichen,signs
fantasie,fantasy
badezimmer,bathroom
interessante,interesting
höhe,height
leb,life
pierre,Pierre
sicherer,safer
christian,Christian
holst,get
sünde,sin
angela,Angela
besitzen,own
weggehen,leave
satz,sentence
auftritt,occurs
untersucht,examined
nina,Nina
rausfinden,find out
euro,euro
größere,larger
nass,wet
mai,May
zurückgekommen,returned
h,h
ruhen,rest
wächst,grows
admiral,admiral
hopp,hop
genügt,sufficient
miller,miller
kühlschrank,refrigerator
jess,Jess
universität,university
pillen,pills
senden,send
wovor,what from
hörten,heard
stille,silence
reg,reg
fakten,facts
verdiene,earn
aufzuhalten,to stop
blöden,stupid
taub,deaf
vereinigten,united
verwandeln,transform
seelen,souls
scheißegal,don't give a fuck
kollege,colleague
aufgewachsen,grew up
zeitungen,newspapers
persönliche,personal
francis,Francis
auftauchen,turn up
exzellenz,excellence
jonathan,Jonathan
ergebnis,result
kurt,Kurt
kopie,copy
lou,lou
hauses,house
donna,donna
bezweifle,I doubt it
dreimal,three times
telefonieren,make a phone call
rette,rescue
rausholen,extract
nützlich,useful
frohe,happy
sally,Sally
legende,legend
durfte,was allowed
springt,jumps
teddy,teddy
anzurufen,to call
aussagen,testify
milliarden,billions
lucas,Lucas
zauberer,wizard
seil,rope
tempel,temple
gekostet,cost
beschissen,shitty
gestanden,confessed
keinerlei,none
getragen,worn
störe,disturb
nigger,nigger
baron,baron
außen,outside
bequem,comfortable
konto,account
hunderte,hundreds
spion,spy
ausgesucht,selected
jacob,Jacob
starben,died
aaron,aaron
gesetze,laws
schnapp,snap
felix,Felix
be,be
weswegen,which is why
einkaufen,shopping
bande,band
raumschiff,spaceship
hinsetzen,sit down
stellst,ask
sorgt,ensures
verhandeln,negotiate
homer,homer
rächen,revenge
feier,celebration
technologie,technology
August,August
vögeln,birds
stöhnen,moan
umso,all the more
bibel,Bible
humor,humor
jordan,Jordan
male,male
vernichtet,destroyed
daheim,home
vergesse,forget
ladies,Ladies
greift,attacks
kürzlich,recently
sms,SMS
böses,evil
material,material
beschreiben,describe
davis,Davis
einheiten,units
dunkle,dark
josh,Josh
wilde,wild
ellen,ellen
abschluss,diploma
verärgert,annoyed
abgeben,hand over
sklaven,slaves
schieben,push
knopf,button
beth,beth
taschen,bags
rätsel,puzzle
atem,breath
gerüchte,rumors
island,island
triffst,meet
todd,todd
jünger,younger
lane,lane
freie,free
teller,plate
verrat,betrayal
kette,chain
norman,Norman
brach,broke
organisation,organization
kamst,came
schalten,switch
hubschrauber,helicopter
militär,military
überfall,robbery
santa,Santa
erwähnen,mention
vergewaltigt,raped
klopft,knocks
angeschossen,shot
palast,palace
wäsche,wash
gesamten,entire
bekämpfen,fight
president,president
übersehen,overlook
grade,just
data,data
befreundet,friends
versetzt,moved
berichte,reports
stanley,Stanley
einzig,only
boston,Boston
besonderen,special
existieren,exist
catherine,Catherine
beleidigt,insulted
bär,bear
weich,soft
ratten,rats
franzosen,French
gabe,gift
böser,evil
süßes,sweet
tauschen,to exchange
erschöpft,exhausted
heben,lift
linke,left
victoria,Victoria
anzeige,advertisement
katastrophe,disaster
bietet,offers
darunter,including
heutigen,today
warne,warn
herzlich,heartfelt
mickey,Mickey
leihen,lend
quinn,quinn
überraschen,surprise
treffer,hit
umgebung,vicinity
schilde,shields
verfluchte,cursed
keins,none
ignorieren,ignore
haken,hook
ruinieren,ruin
höchstens,at most
ausdruck,expression
nation,nation
ginge,go
leib,body
pilot,pilot
uni,university
jobs,jobs
kram,junk
nächte,nights
beteiligt,involved
botschafter,ambassador
ken,ken
sinnlos,pointless
verlange,demand
reagieren,react
kehle,throat
derselbe,the same
repariert,repaired
spock,Spock
reporter,reporter
anstellen,hire
sünden,sins
rettet,saves
brennen,burn
francisco,Francisco
laune,mood
irgendeinem,any
staffel,squadron
pool,pool
ungewöhnlich,unusual
versaut,ruined
gewicht,weight
ausgang,exit
mädel,girl
zweiter,second
trinkst,drink
zweitens,secondly
hattet,had
funk,radio
einstellung,attitude
gedauert,took
heimlich,secretly
scheiden,divorce
schwäche,weakness
räumen,clear
garage,garage
einig,some
gefreut,pleased
russland,Russia
einfallen,come up
solle,should
käme,would come
atme,breathe
schämen,shame
typisch,typical
brown,brown
übung,exercise
studio,studio
kopfschmerzen,headache
leutnant,lieutenant
klienten,clients
genial,brilliant
zunächst,first
reißen,tear
ermittlungen,investigations
pleite,broke
anhören,listen
köpfe,heads
leere,empty
unhöflich,impolite
konzert,concert
knarre,gun
paradies,paradise
küste,coast
ferien,holidays
live,live
ordentlich,orderly
felsen,rock
g,G
couch,couch
umziehen,move
studieren,study
netz,network
puppe,doll
unterlagen,documents
besiegt,defeated
ais,ais
last,load
liebhaber,lover
handschellen,handcuffs
wecken,wake up
nähern,approach
gesang,singing
geirrt,mistake
asche,ash
school,school
bewaffnet,armed
gemeinde,community
entgegen,in contrast to
drück,press
wüssten,knew
pfeift,whistles
geschwindigkeit,speed
entwickeln,develop
diejenigen,those
travis,travis
aufgewacht,woke up
juli,July
ziele,goals
dunkeln,dark
gloria,Gloria
beute,prey
derselben,the same
aua,ouch
gefasst,composed
bestimmten,certain
rita,Rita
reizend,charming
ehefrau,wife
treu,faithful
ergebnisse,results
mächtig,powerful
rollen,roll
kommandant,commander
spielchen,games
durst,thirst
andrew,andrew
lernte,learned
verlobt,engaged
bibliothek,library
geklappt,succeeded
freu,yay
tina,tina
benutze,use
otto,Otto
museum,museum
versicherung,insurance
schmutzig,dirty
verlass,leave
doppelt,double
diskutieren,discuss
ex,ex
nirgends,nowhere
tricks,tricks
mitmachen,participate
dämon,demon
eingehen,to
echtes,genuine
schließ,close
spanien,Spain
ankunft,arrival
motiv,motive
schlimme,bad
grausam,awful
rebecca,Rebecca
kunde,customer
dämonen,demons
gefangene,prisoners
pinkeln,pee
ann,ann
dummen,stupid
apartment,apartment
bewusstsein,consciousness
dna,DNA
tipp,tip
gewöhnen,get used to
katzen,cats
schwarzer,black
zauber,magic
jahres,year
safe,safe
hanna,Hanna
vergleich,comparison
spanisch,Spanish
rad,wheel
fähigkeit,capability
hannah,Hannah
heisst,is called
scheinbar,apparently
vergesst,forget
kent,Kent
meiste,most
earl,Earl
kontrolliert,controlled
hitze,heat
hollywood,Hollywood
hierbleiben,stay here
bau,building
laute,loud
einzelnen,individual
entschlossen,determined
stiefel,boots
studenten,students
genauer,more precisely
aktiviert,activated
tapfer,brave
wiederzusehen,to see each other again
ersetzen,substitute
beweist,proves
weißer,white
julian,Julian
r,r
mitbringen,bring along
kämpfer,fighter
verwickelt,involved
decken,cover
spielzeug,toy
soeben,just
ausrüstung,equipment
zack,zack
unterschrieben,signed
prüfung,test
ausmachen,turn off
camp,camp
vergib,forgive
nate,nate
lieferung,delivery
wichtigen,important
begriff,expression
grünen,green
weglaufen,run away
ruth,Ruth
sekretärin,secretary
benötigen,need
hügel,hill
lincoln,Lincoln
gewinne,wins
hell,bright
durchsuchen,browse
betty,betty
ungern,reluctantly
stecke,stick
glücklicher,happy
bruders,brother's
beinen,legs
unterstützt,supports
verabredet,have an appointment
plätze,places
modell,model
bittet,requests
bekamen,received
widerlich,disgusting
großzügig,generous
meeting,meeting
hervorragend,terrific
einzelne,individual
clara,Clara
positiv,positive
esel,donkey
duschen,shower
protokoll,protocol
höchste,highest
wunden,wounds
sinne,senses
schmuck,jewelry
handel,trade
friedhof,cemetery
chinesen,Chinese
leeren,empty
abnehmen,lose weight
segen,blessing
irrtum,error
fällen,felling
sender,sender
hinweise,notes
unwichtig,unimportant
jeremy,Jeremy
krone,crown
blitz,flash
arschlöcher,assholes
margaret,Margaret
kehren,return
gejagt,hunted
hinweg,away
trocken,dry
steuer,tax
amüsieren,amuse
spencer,Spencer
persönlichen,personal
jenseits,beyond
durchsucht,searched
riesige,huge
bedanken,thank you
muster,pattern
herrscht,prevails
grant,grant
bomben,bombs
erheben,raise
proben,samples
bete,pray
sachte,gently
ladys,ladies
getrieben,driven
unangenehm,unpleasant
zuviel,too much
flüstert,whispers
heulen,howling
gefehlt,missing
grüße,greetings
flur,corridor
ansonsten,otherwise
wirkung,effect
orten,locate
wehgetan,hurt
mitglieder,members
fleck,spot
lerne,learn
jude,Jew
tal,valley
gelächter,laughter
ausreden,excuses
behörden,authorities
aussicht,outlook
köstlich,delicious
weine,wines
german,German
hausaufgaben,homework
personal,staff
versehen,provided
wilden,wild
geiseln,hostages
what,what
sebastian,Sebastian
ebene,level
trainieren,train
tv,TV
tiefe,depth
schweren,heavy
strecke,route
franz,Franz
sing,sing
romantisch,romantic
dicke,thickness
käfig,cage
geräusche,noises
re,re
ausbildung,education
genossen,enjoyed
vergiftet,poisoned
ausweg,way out
ankommen,arrive
hexen,witches
schrecklichen,terrible
könne,can
mannschaft,team
do,do
blicken,look
freier,free
dieselben,the same
erwachsene,adult
benjamin,Benjamin
drehbuch,script
verdächtige,suspicious
interview,interview
geheime,secret
allzu,too
probier,try
wunderschöne,beautiful
ey,ey
mason,mason
gekannt,known
huhn,chicken
ladung,charge
vergaß,forgot
sicheren,safe
gegenwart,present
bestimmte,particular
bedenken,consider
wiederkommen,come again
dürft,may
normalen,normal
rosen,roses
segne,bless
katie,Katie
k,k
öl,oil
gebissen,bitten
zurückkommt,comes back
aufgepasst,pay attention
bilden,form
schmecken,taste good
süßen,sweet
tagebuch,diary
abschied,farewell
irgendeinen,any
anblick,sight
owen,owen
motorrad,motorcycle
narren,fool
hauptsache,The main thing
herrlich,splendid
engländer,English
ruhm,fame
einsteigen,get in
kapitel,chapter
bezüglich,with reference to
möglichen,possible
abstand,distance
ned,ned
trainer,trainer
alibi,alibi
gewinn,profit
märchen,fairy tale
meldet,reports
missverständnis,misunderstanding
zurückbringen,return
verlierst,you lose
liebste,favorite
geliebten,beloved
bursche,boy
lewis,Lewis
teppich,carpet
blöder,stupid
phase,phase
verkaufe,selling
löschen,delete
sozusagen,so to speak
glückliche,happy
audrey,Audrey
nebenbei,alongside
online,on-line
furcht,fear
klavier,piano
könntet,could
laufenden,ongoing
führerschein,driver's license
indien,India
eingeschlafen,fell asleep
unschuldige,innocent
lautes,loud
laster,vice
jennifer,Jennifer
begreifen,understand
wille,will
stift,pen
aufnahmen,recordings
blue,blue
hübschen,pretty
überwachen,monitor
womöglich,possibly
angel,angel
michel,Michel
paket,package
ertönt,sounds
heb,lift
dankeschön,Thank you very much
aufgehalten,held up
September,September
le,le
gewinner,winner
klappen,succeed
cousine,cousin
adrian,Adrian
ron,ron
komische,strange
ausgegangen,assumed
schüchtern,shy
teams,teams
albtraum,nightmare
farben,colors
schlimmsten,worst
schaust,look
boy,boy
gefiel,liked
gestehen,confess
hätt,would have
whisky,whiskey
carrie,Carrie
lichter,lights
pst,pst
rasse,race
road,road
vorbeikommen,come by
verschlossen,closed
schlief,slept
blasen,blow
verpflichtet,obligated
ooh,ooh
kultur,culture
zorn,anger
geheimen,secret
liam,Liam
befohlen,ordered
unterbrechen,interrupt
tropfen,drops
gefälligst,please
weiterer,further
religion,religion
tess,tess
netten,nice
legte,lay
stephen,Stephen
kirk,Kirk
jahrelang,years
ausnahme,exception
verteilt,distributed
orte,places
brüste,breasts
schreibst,write
besucher,visitor
queen,queen
befürchte,I fear
verkehr,traffic
nervt,annoying
knall,bang
kindes,child
tempo,tempo
sitzung,meeting
konsequenzen,consequences
harter,harder
blume,flower
normaler,normal
toast,toast
therapie,therapy
kenny,Kenny
version,version
sichern,secure
entfernung,distance
tara,Tara
versichere,assure
fremder,stranger
schauspielerin,actress
kanal,channel
ausgesetzt,exposed
bestimmen,determine
werte,values
reiche,rich
garantiert,guaranteed
hood,hood
rettung,rescue
parkplatz,parking
guckt,looks
geladen,loaded
scheinst,you seem
grey,grey
weihnachtsmann,Santa Claus
mac,mac
lediglich,only 
beginn,start
ausrichten,align
tradition,tradition
papst,pope
juni,June
kofferraum,trunk
eingang,entrance
faszinierend,fascinating
zirkus,circus
schuh,shoe
entdecken,discover
existenz,existence
verfahren,procedure
mittwoch,Wednesday
jersey,jersey
marke,brand
besorg,get
flammen,flame
hilfreich,helpful
pflanzen,plant
riesigen,huge
erden,earth
drama,drama
letztendlich,ultimately
täuschen,deceive
sowie,as well as 
murphy,Murphy
charakter,character
nebel,fog
wolle,wool
abwarten,wait
salz,salt
anwälte,lawyers
trauer,grief
riesig,gigantic
experiment,experiment
königreich,kingdom
chandler,Chandler
patientin,patient
malen,paint
gedreht,turned
can,can
krankenstation,hospital ward
gewünscht,desired
auftaucht,appear
block,block
coach,coach
illegal,illegal
baut,builds
gewachsen,grown
williams,williams
betrüger,cheater
kehrt,returns
bestrafen,punish
zelt,tent
enttäuschen,disappoint
gemütlich,cozy
falsches,FALSE
denselben,the same
bauern,farmers
florida,Florida
olivia,Olivia
benny,Benny
stürzen,fall
setzte,set
ausflug,side trip
anwesenheit,presence
akzeptiert,accepted
nicole,Nicole
ohnmächtig,unconscious
schnaps,schnapps
verständnis,understanding
rakete,rocket
mitteilen,communicate
aufmerksam,attentive
sarg,coffin
gus,Gus
hielten,held
christine,Christine
zurückgeben,return
arten,species
panzer,tanks
drinks,drinks
attraktiv,attractive
löst,solves
versprach,promised
deutsch,German
vertragen,tolerate
passe,pass
lohnt,worthwhile
puls,pulse
verlierer,loser
anzusehen,to view
erschrecken,scare
identifiziert,identified
herausforderung,challenge
versuchten,tried
treue,loyalty
gefickt,fucked
private,private
dummer,stupid
deins,yours
rennt,runs
shaw,shaw
eingeschlossen,included
friedlich,peaceful
festgenommen,arrested
schluchzt,sobs
episode,episode
warf,threw
mona,mona
moskau,Moscow
wohnzimmer,living room
kurzen,short
richtiges,correct
penis,penis
aufzeichnungen,records
geständnis,confession
wendy,wendy
belogen,lied to
truppe,troop
starken,strengthen
mylord,my lord
abgeholt,picked up
welten,worlds
witwe,widow
freddy,Freddy
stirb,die
werbung,advertising
out,out
nahrung,food
louise,Louise
leidet,suffers
unterwäsche,underwear
raymond,Raymond
hurra,hurray
armes,poor
aufregung,excitement
erkennst,recognize
nö,no
besetzt,occupied
wartete,waited
ethan,ethan
baden,bathe
eimer,bucket
f,f
schwören,swear
michelle,Michelle
goldene,golden
aktion,action
küss,kiss
absichtlich,intentionally
betrachtet,considered
telefoniert,phone call
explodiert,explodes
unterschrift,signature
kids,kids
entscheide,decide
koordinaten,coordinates
serie,series
taucht,dives
jules,Jules
abhalten,prevent
rechnen,calculate
irgendwer,anyone
partei,party
mars,Mars
symbol,symbol
maus,mouse
daumen,thumb
vorm,before
besorge,get
marine,marine
zurückgehen,go back
höflich,polite
biete,offer
habs,I got it
kanone,cannon
oscar,Oscar
thron,throne
prinzen,princes
aufzug,elevator
bewusstlos,unconscious
affe,ape
ärztin,doctor
manny,manny
x,x
sherlock,Sherlock
fahrzeug,vehicle
dennis,Dennis
long,long
abby,Abby
wegnehmen,take away
bailey,Bailey
kaufte,bought
whiskey,whiskey
betrügen,deceive
regnet,is raining
zugehört,listened
beißen,bite
persönliches,personal
verlaufen,get lost
amt,government office
genosse,enjoyed
bewiesen,proven
mia,mia
durchaus,certainly
zentrum,center
motel,motel
übernimmt,takes over
finn,finn
ernstes,serious
befragen,question
gesessen,sat
vollständig,complete
voyager,voyager
walt,walt
herunter,down
verarscht,fooled
gerede,talk
liege,lie
stufe,level
kummer,sorrow
regisseur,director
töchter,daughters
shuttle,shuttle
privat,private
müsstest,You would have to
ausschalten,turn off
gesichert,secured
jene,those
ricky,Ricky
psychiater,psychiatrist
señor,señor
zurzeit,currently
geheilt,cured
billig,cheap
vermasselt,messed up
füllen,fill
verletzungen,injuries
draus,out of it
rand,edge
fängst,catch
brieftasche,wallet
apparat,apparatus
enkel,grandson
medizinische,medical
versagen,fail
gerissen,torn
haaren,hair
heftig,violent
betrug,fraud
fröhliche,cheerful
einbruch,burglary
brand,fire
gelangen,reach
papi,daddy
fußball,football
kompliment,compliment
yang,yang
einsetzen,insert
übertragen,transmitted
wußte,knew
generation,generation
flog,flew
fortschritte,progress
bestanden,passed
übernommen,taken over
stimmengewirr,A murmur of voices
nachzudenken,to think about
babe,babe
sandwich,sandwich
blödmann,idiot
vision,vision
wächter,guard
intelligent,intelligent
gestatten,allow
vorhaben,plan
zwischenzeit,in the meantime
krankenschwester,nurse
mommy,mommy
menschlich,human
verderben,spoil
ausgeben,spend
lernst,learn
halbes,half
schwör,swear
bay,bay
ruhige,quiet
eures,yours
brauchten,needed
castle,castle
wände,walls
verzichten,waive
geliefert,delivered
stabil,stable
geweint,cried
hinlegen,lie down
schlägst,you hit
entscheidet,decides
durchführen,carry out
vergebung,forgiveness
einspruch,objection
trainiert,trained
villa,villa
erklär,explain
geflohen,fled
brad,Brad
entführung,kidnapping
grüne,green
anlegen,invest
Jan,Jan
alpha,alpha
alison,alison
ekelhaft,disgusting
nochmals,again
zoe,zoe
gemälde,painting
vorfall,incident
lebten,lived
krise,crisis
zuschauer,viewers
methode,method
bevölkerung,population
verhungern,starvation
loyalität,loyalty
kleinigkeit,small thing
geklärt,clarify
verzeiht,forgives
beunruhigt,worried
ellie,Ellie
kotzen,vomit
wodka,vodka
café,cafe
toby,toby
flaschen,bottles
time,time
spinner,spinner
erwartest,expect
atmosphäre,atmosphere
green,green
alfred,Alfred
kreatur,creature
perry,Perry
gräfin,countess
probiert,tried
koma,coma
greg,Greg
fasse,grasp
lloyd,Lloyd
zugriff,access
geschnitten,cut
zeigst,show
houston,Houston
erhielt,received
lade,load
nützt,useful
traue,trust
wolken,clouds
li,li
lydia,Lydia
gefesselt,bound
gestoßen,bumped
worf,worf
beliebt,popular
ausgeschlossen,excluded
anständig,respectable
finch,finch
gnaden,grace
hill,hill
profi,professional
gangster,gangster
innere,inner
glatt,smooth
tracy,tracy
lebenden,living
sternenflotte,Starfleet
avenue,avenue
vieh,cattle
grüßen,greet
dschungel,jungle
ereignisse,events
rocky,rocky
nutzlos,useless
beschädigt,damaged
daisy,daisy
bellt,barks
achte,eighth
bahn,train
zustimmen,agree
volkes,people
akzent,accent
fröhlich,cheerful
kid,kid
nachbarschaft,neighborhood
erledige,do it
eigener,own
turm,tower
eingesetzt,used
faust,fist
angelegenheiten,matters
putzen,cleaning
zerstörung,destruction
guy,guy
brutal,brutally
front,front
aufgebaut,built
gehasst,hated
logan,logan
veränderung,change
reißt,tears
geleistet,performed
begehen,commit
zone,Zone
palmer,palmer
anton,Anton
leichte,light
endgültig,finally
harten,hard
oberfläche,surface
sieger,winner
katherine,Katherine
summe,sum
angehen,approach
rausgehen,go out
klinge,blade
marcel,Marcel
verfassung,constitution
ruh,rest
geschworen,sworn
irgendeiner,any
mütter,mothers
korrigiert,corrected
nutzt,uses
kümmer,take care
cowboy,cowboy
kostüm,costume
ll,all
verhandlung,negotiation
erik,Erik
köder,bait
bond,bond
melodie,melody
bestie,beast
brillant,brilliant
rezept,recipe
zähle,count
sau,sow
schnelle,fast
zwillinge,twins
heroin,heroin
ausland,abroad
präsentieren,present
exakt,exactly
faul,lazy
duke,Duke
telefonnummer,phone number
übliche,usual
mutti,mom
sensoren,sensors
geradeaus,straight ahead
dale,dale
verschieben,move
herrin,mistress
verlegen,embarrassed
gerecht,just
vernunft,reason
reese,reese
nähert,approaching
service,service
zahn,tooth
freak,freak
jen,jen
erbe,heritage
geisel,hostage
pardon,pardon
up,up
kutsche,coach
ward,ward
aufgehoben,lifted
kanada,Canada
monroe,Monroe
verbindungen,connections
fürst,prince
tragödie,tragedy
schließe,close
kontaktieren,contact
vertraust,trust
fuhren,lead
oktober,October
übertrieben,exaggerated
lohn,salary
spaziergang,stroll
gestritten,argued
liegst,lie
nannten,called
genügend,enough
feige,cowardly
moral,moral
jener,that
wörter,words
warren,Warren
löwen,lions
y,y
schieße,shoot
schlimmeres,worse
leine,leash
hoffte,hoped
vorfahren,ancestors
clown,clown
spezies,species
marsch,march
world,world
klingeln,ring
stammen,origin
zoo,zoo
kranken,sick
aufhört,stops
box,box
japaner,Japanese
bißchen,a little
gründlich,thorough
küsst,kisses
nachbar,neighbor
versager,failure
beherrschen,command
etage,floor
ronnie,Ronnie
highschool,high school
weiber,women
bestand,consisted
gelände,terrain
nichte,niece
matthew,Matthew
kloster,monastery
chip,chip
di,di
sprung,jump
losgehen,start
packt,packs
zweites,second
kira,Kira
bargeld,cash
vertreten,represent
lampe,lamp
vorgehen,proceed
selbe,same
megan,megan
autor,author
kisten,boxes
trost,comfort
bären,bears
beruhig,calm down
juan,Juan
ausmacht,makes
ford,ford
kalte,cold
leitet,leads
kameraden,comrades
abgenommen,taken off
eröffnen,open
herzog,duke
eventuell,possibly
sanft,soft
umgeben,surround
liebster,dearest
unschuldigen,innocent
unschuld,innocence
objekt,object
frühling,spring
sauerstoff,oxygen
marco,Marco
forschung,research
hinunter,down
heilmittel,remedy
vergehen,pass
angeln,fishing
vielmals,many times
gespräche,conversations
shane,Shane
zuständig,responsible
biest,beast
benötigt,needed
randy,randy
hebt,lifts
liz,Liz
frisst,eats
verhältnis,relationship
symptome,symptoms
zaun,fence
butter,butter
verprügelt,beaten up
durchgehen,go through
bedienen,serve
leber,liver
ticket,ticket
fur,for
leistung,perfomance
May,May
kai,Kai
ausgelöst,triggered
kabel,cable
geschieden,divorced
dient,serves
blutdruck,blood pressure
fette,fat
knacken,crack
bekannte,acquaintance
gürtel,belt
special,special
römer,Romans
eigentum,property
bewundere,admire
piloten,pilots
eli,Eli
apropos,apropos
betrieb,operation
with,with
schönsten,most beautiful
teenager,teenager
stoßen,encounter
like,like
respektieren,respect
zurückgekehrt,returned
mine,mine
trank,drank
iris,iris
krawatte,necktie
connor,Connor
hugo,Hugo
stirn,forehead
zettel,note
nora,nora
schießerei,shoot-out
tabletten,tablets
opfers,victim
charmant,charming
überlege,consider
hühnchen,chicken
gespannt,tense
schicht,layer
schreckliches,terrible
aufbauen,build up
begegnen,encounter
natalie,Natalie
aufgaben,tasks
harris,Harris
verlieben,fall in love
infiziert,infected
lehren,teach
mitchell,Mitchell
sektor,sector
verspätung,lateness
herzinfarkt,heart attack
hierhin,here
diebstahl,theft
getreten,kicked
heirat,marriage
notruf,emergency call
single,single
vergangen,past
action,action
diebe,thieves
entspannt,relaxed
bedaure,I regret
seist,be
kasse,checkout
passagiere,passengers
gepackt,packed
weggelaufen,ran away
zurückgelassen,left behind
föderation,federation
ausgedacht,invented
master,master
fabelhaft,fabulous
jagt,hunt
besprochen,discussed
einsperren,lock up
grand,grand
gegensatz,contrast
ralph,Ralph
löcher,holes
französische,French
kekse,cookies
aussuchen,choose
dreckskerl,scumbag
kissen,pillow
gesorgt,provided
come,come
socken,socks
ofen,oven
philip,Philip
verrate,reveal
normales,normal
landet,lands
brooklyn,Brooklyn
dünn,thin
diskussion,discussion
football,football
weisheit,wisdom
mies,awful
blatt,sheet
salat,lettuce
joan,Joan
zwanzig,twenty
durchziehen,pull through
breit,broad
shit,shit
wettbewerb,competition
freundes,friend
bewährung,parole
lex,lex
diego,Diego
cal,cal
eigenartig,peculiar
spruch,saying
testament,testament
dana,Dana
gemeinsame,common
beschreibung,description
schultern,shoulder
vorschriften,regulations
scherze,jokes
gehalt,salary
cameron,Cameron
krass,cool
hergebracht,traditional
wei,white
leiser,quieter
jonas,Jonas
ian,ian
schmeißen,throw
dienste,services
wärt,would
steckte,stuck
tarnung,camouflage
treibst,are you driving
steven,Steven
entwicklung,development
gemüse,vegetables
befehlen,command
han,han
quietschen,squeak
unfair,unfair
schriftsteller,writer
rückzug,retreat
quartier,quarter
krieges,war
nicky,nicky
jury,jury
persönlichkeit,personality
dazwischen,in between
erleichtert,relieved
ächzt,groans
hupen,honking
offenen,open
grayson,grayson
werkstatt,workshop
öffentlich,public
draussen,outside
bruno,Bruno
schläger,bat
zellen,cells
elliot,Elliot
irgendwohin,somewhere
beschissene,shitty
üblich,usual
aktivieren,activate
zwang,obligation
verlobte,engaged
kaution,deposit
sandy,sandy
rührt,stirs
fangt,catch
sprengen,blow up
niedlich,cute
ausgewählt,selected
tieren,animals
antwortet,answers
lawrence,Lawrence
berater,advisor
absurd,absurd
dämlich,stupid
wobei,where
aah,aah
andererseits,on the other hand
füttern,feed
marge,margin
hauptquartier,headquarters
akt,act
brunnen,spring
vereint,united
schoss,lap
schachtel,box
bell,bell
höchst,maximum
neffe,nephew
politiker,politician
zusammenarbeiten,cooperate
zielen,aim
malcolm,Malcolm
genießt,enjoy
telegramm,telegram
zivilisation,civilization
bräuchte,I would need
willie,Willie
tödlich,deadly
gekocht,cooked
meredith,Meredith
überleg,consider
nadel,needle
gelöscht,deleted
bach,bach
erhöhen,increase
sorte,variety
entführen,kidnap
gerichtet,directed
festung,fortress
weiten,wide
boris,Boris
bo,bo
naomi,Naomi
medien,media
eröffnet,opened
überfahren,run over
assistentin,assistant
besoffen,drunk
flugzeuge,airplanes
nolan,nolan
day,day
nacken,neck
unterrichten,teach
angeklagt,accused
anfängt,begins
gitarre,guitar
dicken,thick
sichere,safe
beschuldigt,accused
gnädige,gracious
saft,juice
gesungen,sung
dtv,dtv
vorschlagen,suggest
verwundet,wounded
eklig,disgusting
beileid,sympathy
platte,plate
vergeht,passes
pfeife,pipe
apollo,Apollo
momente,moments
graham,Graham
si,si
riechst,smell
tauchen,dive
chase,chase
hal,hal
größeren,larger
vorüber,over
russell,Russell
mädchens,girl
diane,Diane
neil,Neil
old,old
härter,harder
dauerte,lasted
schuldet,owes
hergestellt,manufactured
übernachten,stay overnight
locken,lure
plant,plans
virginia,Virginia
kommunikation,communication
unbekannt,unknown
gemocht,liked
noten,grades
sodass,so that
janet,Janet
craig,Craig
zusammenhang,connection
sid,sid
wellen,waves
rechnungen,invoices
scheune,barn
bekannten,known
ungeheuer,monster
spenden,donate
schneide,cut
fuchs,fox
hühner,chickens
zurückrufen,call back
andern,change
geringste,least
piraten,pirates
berichtet,reported
polen,Poland
dezember,December
logisch,logical
min,min
angesichts,in view
scotch,Scotch
lunge,lung
oper,opera
gedicht,poem
elend,misery
riskant,risky
kümmerst,take care of
kokain,cocaine
interessantes,interesting
enthält,contains
paige,Paige
weisen,show
mauern,walls
gene,genes
wahrer,TRUE
hustet,coughs
läufst,are you running
erfahrungen,experiences
subcentral,subcentral
tschuldigung,Sorry
allison,Allison
handtuch,hand towel
analyse,analysis
verbrachte,spent
bla,bla
operieren,operate
are,are
vereinbarung,agreement
verängstigt,frightened
just,just
ferne,distance
melancholische,melancholic
picard,Picard
morden,murder
fischen,fishing
vietnam,Vietnam
verschaffen,provide
klänge,sounds
ungut,bad
tüte,bag
meldung,report
fließt,flows
herrschaften,gentlemen
lagen,lay
anfing,began
mütze,cap
anlass,occasion
küsse,kisses
reis,rice
werfe,throw
überwacht,monitored
beleidigen,insult
lester,Lester
deinetwegen,Because of you
pfeifen,whistle
bemerken,notice
möbel,furniture
russisch,Russian
wüsstest,would you know
thanksgiving,Thanksgiving
sofa,sofa
verteilen,distribute
rieche,smell
überreden,convince
dylan,Dylan
beantwortet,answered
verbessern,improve
väter,fathers
pfeil,arrow
troy,troy
mitch,mitch
ozean,ocean
methoden,methods
sämtliche,all
anschlag,stop
wahres,TRUE
blödes,stupid
experte,expert
stone,stone
zurückziehen,withdraw
leon,Leon
schwuchtel,faggot
explodieren,explode
reichweite,reach
manieren,manners
sharon,Sharon
aktiv,active
abschaum,scum
widerstehen,resist
organisiert,organized
autounfall,car accident
spritze,injection
hongkong,Hong Kong
flieger,pilot
detail,detail
golf,golf
behalt,retain
verwandten,related
einrichtung,furnishings
hauptsächlich,primarily
bremsen,brakes
harmlos,harmless
kälte,cold
summt,hums
eingebrochen,burgled
städte,cities
wien,Vienna
durchgeführt,carried out
gefährliche,dangerous
guckst,look
rannte,ran
öffentlichen,public
befördert,promoted
aushalten,endure
ersetzt,replaces
gelungen,succeeded
rausgefunden,found out
sowohl,as well as
gehorchen,obey
gefressen,eaten
blockiert,blocked
merke,note
wade,calf
berühmte,famous
cody,cody
häufig,frequently
praxis,practice
heran,approach
intelligenz,intelligence
auftreten,appear
wolltet,wanted
apfel,apple
düstere,gloomy
zylonen,Cylons
us,us
geweckt,woken up
werft,shipyard
v,v
interessen,interests
nüchtern,sober
trennung,separation
air,air
muskeln,muscles
river,river
status,status
schweden,Sweden
goldenen,golden
cola,cola
jax,jax
reingekommen,came in
datum,date
furchtbare,terrible
bedingung,condition
bereite,prepare
gelacht,laughter
legst,lay
girl,girl
anthony,Anthony
hahn,faucet
anwesend,present
alternative,alternative
gebet,prayer
rebellen,rebels
kater,hangover
angesicht,in the face of
klage,suit
grundstück,property
holly,holly
ausgedrückt,expressed
conrad,Conrad
strategie,strategy
fans,fans
gefangener,prisoner
überraschungen,surprises
oje,oh dear
angestellten,employees
pat,pat
verdanken,owe
drückt,presses
benutzte,used
zufolge,according to
november,November
startet,starts
simpson,simpson
aufstand,uprising
empfinden,feel
sun,sun
schwieriger,more difficult
ausdrücken,to express
gemalt,painted
riss,tear
wichtigsten,most important
gekündigt,quit
räume,rooms
systeme,systems
transport,transport
lila,purple
bewacht,guarded
blake,Blake
begleite,accompany
behilflich,helpful
county,county
vierte,fourth
umlegen,to move
sonnenuntergang,sunset
kratzer,scratch
brüllt,roars
laurel,laurel
angehalten,stopped
dokumente,documents
schach,chess
riskiert,risk
willy,willy
vergewaltigung,rape
einfachen,simple
krach,noise
besuche,visits
lautsprecher,loudspeaker
beschissenen,shitty
lachst,laugh
großartiger,great
fester,firmer
peggy,Peggy
thompson,Thompson
unbekannte,unknown
erkannte,recognized
psst,shh
gabriel,Gabriel
meist,most
zentimeter,centimeter
east,east
werkzeug,tool
offiziere,officers
anspruch,claim
prinzip,principle
erschießt,shoots
folgte,followed
genieße,enjoy
metall,metal
tickets,tickets
vergraben,buried
stuart,Stuart
trinkgeld,tip
frost,frost
erfuhr,learned
allah,Allah
jenem,that
romeo,Romeo
keith,Keith
laptop,laptop
problemen,problems
zugestimmt,agreed
bohnen,beans
kriminelle,criminal
burschen,boys
darling,darling
schrecken,fright
begleitet,accompanied
zurücklassen,left behind
einiger,some
französischen,French
absolute,absolute
märz,March
reist,travels
wacht,wakes
politische,political
dinner,dinner
räuber,robber
miguel,Miguel
ahnen,sensues
z,z
ermittlung,determination
glocke,bell
kellner,waiter
teilt,shares
evan,Evan
reicher,richer
brody,brody
let,let
regina,Regina
kreaturen,creatures
kerzen,candles
fesseln,tie up
ausgegeben,issued
romantische,romantic
belästigen,harass
verlegt,moved
wehe,woe
bock,desire
amüsiert,amused
maya,Maya
schirm,screen
empfehlen,recommend
helm,helmet
zeremonie,ceremony
bedauern,regret
partys,parties
ansicht,opinion
gauner,rogue
aufgebracht,agitated
collins,Collins
manhattan,Manhattan
legal,legal
eid,oath
schweiz,Switzerland
unsichtbar,invisible
christopher,Christopher
italienisch,Italian
ärgern,annoy
rauskommt,comes out
solcher,such
doppelte,double
auflegen,hang up
group,group
gebunden,bound
trete,step
zeugin,witness
schwierige,difficult
abschalten,switch off
rasen,race
kaninchen,rabbit
herbst,autumn
torres,Torres
halloween,Halloween
gemeinschaft,community
ereignis,event
gespürt,felt
tokio,Tokyo
schwachkopf,moron
nirgendwohin,nowhere
öffentliche,public
mitgefühl,compassion
jubel,cheers
engagiert,committed
tank,tank
angefasst,touched
top,top
lars,Lars
vanessa,Vanessa
beeinflussen,influence
baseball,baseball
runden,round
ermitteln,determine
sch,sch
gläser,glasses
anzahl,number
versichert,insured
unwahrscheinlich,unlikely
central,central
paula,Paula
ctu,ctu
frisur,hairstyle
nummern,numbers
original,original
temperatur,temperature
einschlafen,fall asleep
wünsch,wish
kocht,cooks
fordern,demand
erfordert,requires
erschien,appeared
et,et
wundern,wonder
gwen,Gwen
verschwörung,conspiracy
kabine,cabin
schmeißt,throws
mafia,mafia
vic,vic
umwerfend,stunning
anschließen,connect
bernard,Bernard
verschafft,provides
mikey,Mikey
pfad,path
lola,lola
andauernd,continuously
unterscheiden,differentiate
musiker,musician
lkw,truck
diana,Diana
gerücht,rumor
rente,pension
stieg,rose
vorgesetzten,superiors
kalten,cold
diensten,services
know,know
glenn,Glenn
umschlag,envelope
kern,core
silber,silver
vorzustellen,to introduce
anfühlt,feels
tiefen,deep
absichten,intentions
times,times
geliebter,beloved
quellen,sources
rückwärts,backward
ketten,chains
betracht,consider
detektiv,detective
russischen,Russian
justin,Justin
überlebenden,surviving
donner,thunder
sue,sue
geheimdienst,intelligence
wehren,defend yourself
borg,borg
schuppen,scales
dichter,poet
computerlogbuch,computer logbook
banditen,bandits
champion,champion
beiseite,aside
nazis,Nazis
zeitverschwendung,waste of time
getanzt,danced
vollidiot,complete idiot
wertvoll,valuable
weinst,cry
erhält,receives
verursachen,cause
schneider,tailor
süßigkeiten,sweets
verhaftung,arrest
zweifellos,undoubtedly
schlauer,smarter
gruselig,creepy
ersatz,substitute
beamen,beaming
medizinischen,medical
zivilisten,civilians
richte,correct
zweit,second
naiv,naive
wars,was
skandal,scandal
lieder,songs
empfinde,feel
hai,hai
sloan,sloan
weltraum,space
loser,looser
anwältin,lawyer
abgesagt,cancelled
dicker,thicker
beschütze,protect
schenke,give
frech,cheeky
verletzung,injury
vorkommen,happen
wundervolle,wonderful
einsamkeit,loneliness
einnehmen,take
erweisen,prove
schäme,shame
antreten,compete
büchern,books
übermorgen,the day after tomorrow
braver,brave
angeheuert,hired
when,when
minus,minus
erfindung,invention
winston,Winston
rühren,stir
unsicher,unsure
früheren,previous
aufrichtig,sincerely
reserviert,reserved
donald,Donald
lustige,funny
sprecht,speak
schützt,protects
falscher,counterfeiter
aussprechen,express
aufräumen,clean up
south,south
stamm,tribe
notizen,notes
handschuhe,gloves
good,good
buddy,buddy
this,this
loszuwerden,to get rid
buchstaben,letters
russische,Russian
beseitigen,eliminate
banken,banks
aufbrechen,break open
ufer,riverbank
tötest,kill
en,en
republik,republic
stella,Stella
verhindert,prevented
geschrei,shouting
weibliche,female
versorgt,provided
arrangiert,arranged
unbekannten,unknown
beeindrucken,impress
kriminellen,criminal
komplette,complete
gesprungen,jumped
schmidt,Schmidt
sperren,lock out
doof,dumb
kartoffeln,potatoes
halle,hall
angerichtet,prepared
down,down
dreckig,dirty
raketen,rockets
umarmen,embrace
heiratest,marry
veränderungen,changes
trat,stepped
marion,Marion
täte,would
pille,pill
aufzunehmen,to record
meg,meg
zogen,pulled
anzufangen,to begin
neal,neal
bezug,relation
versetzen,move
nelson,Nelson
emotionen,emotions
anstrengend,stressful
dar,that
produkt,product
gewaschen,washed
bedeckt,covered
weggenommen,taken away
abgeschnitten,cut off
ranch,ranch
tore,tore
spielten,played
weist,points
irrst,You're wrong
aliens,aliens
bude,booth
unnötig,unnecessary
konzentriert,concentrated
debbie,Debbie
überprüfe,check
ausrede,excuse
erhöht,increased
hotels,hotels
gelb,yellow
zombie,zombie
hinsicht,with regard to
konkurrenz,competition
operiert,operated on
steak,steak
kredit,credit
fortschritt,progress
heult,howls
carla,Carla
heißer,hotter
lauren,Lauren
herrscher,ruler
unterm,under
route,route
handys,mobile phones
kombination,combination
manipuliert,manipulated
anlage,attachment
devon,devon
ewige,eternal
junges,young
orleans,Orleans
frosch,frog
nest,nest
holte,got
kühe,cows
andermal,another time
quasi,quasi
burg,castle
ablehnen,refuse
there,there
schmeiß,throw
pierce,pierce
narbe,scar
geschäftsmann,businessman
lake,lake
perfekten,perfect
kommentar,comment
streich,strike
ausführen,carry out
assistent,assistant
ruder,rudder
bro,bro
chinesisch,Chinese
brien,brien
arrangieren,arrange
sexuelle,sexual
kätzchen,kitten
unverständlich,incomprehensible
geschäftlich,business
wölfe,wolves
verwandt,related
timing,timing
streichen,cancel
fähnrich,ensign
adler,eagle
töteten,killed
mittlerweile,in the meantime
stall,stall
scheibe,disc
erschieß,shoot
fu,fu
abgegeben,submitted
jill,jill
verteidigt,defended
seltsames,strange
blutet,bleeds
versammelt,gathered
miese,lousy
menschliches,human
korb,basket
fischer,fisherman
fit,fit
hinauf,up
sicherstellen,ensure
schulen,schools
studium,studies
januar,January
ausprobieren,try
respektiere,respect
kreditkarte,credit card
ios,iOS
freddie,Freddie
genick,neck
booth,booth
zugelassen,approved
quitt,quit
erfasst,recorded
versorgen,take care of
mel,mel
lance,lance
sanfte,litter
merkst,do you notice
ablenken,distract
hinfahren,go there
echo,echo
ruhestand,retirement
bot,bot
kitty,kitty
instinkt,instinct
irak,Iraq
vergleichen,compare
gelehrt,taught
bezeichnen,design
feste,fixed
drehte,turned
gelingt,succeed
abgefahren,crazy
franklin,Franklin
kuppel,dome
verdächtig,suspicious
henker,hangman
feststellen,notice
agentur,agency
curtis,Curtis
aufzugeben,to give up
begeben,go
anzeigen,show
alptraum,nightmare
beschweren,complain
francs,francs
festnehmen,arrest
stattfinden,take place
festgehalten,Recorded
schrie,screamed
profil,profile
privatsphäre,privacy
notaufnahme,emergency room
bingo,bingo
entschied,decided
büßen,atone
läutet,rings
zwingt,forces
leite,lead
abzuholen,to pick up
emotional,emotionally
befolgen,follow
saison,season
huren,whores
schläge,blows
merlin,Merlin
kumpels,buddies
anzunehmen,to assume
schafe,sheep
beurteilen,judge
orden,order
länder,countries
wirtschaft,business
set,set
marc,Marc
eingefallen,came to mind
figuren,figures
welle,wave
transporter,transporter
fasst,summarizes
abschließen,complete
versteckst,hide
autorität,authority
bedrohliche,threatening
ankommt,arrives
noah,Noah
reiter,equestrian
bedenkt,consider the following:
films,films
carmen,Carmen
betten,beds
fetten,fat
ausgeschaltet,off
gutem,good
keines,none
zutritt,access
aufstellen,set up
interessanter,interesting
amber,amber
clarke,Clarke
helikopter,helicopter
schalte,switch
papierkram,paperwork
beach,beach
scheine,seem
unterbrochen,interrupted
keucht,gasps
angebracht,appropriate
ausgebildet,trained
kontakte,contacts
aussiehst,look
aß,ate
erwachsenen,adult
em,em
flieg,fly
anhänger,trailer
serena,serena
italiener,Italian
elefanten,elephants
un,U.N
platten,plates
klingst,sound
hector,Hector
reif,ripe
ausgeraubt,robbed
ente,duck
urteilen,judge
blair,Blair
datenbank,database
verhör,interrogation
erwähnte,mentioned
ergreifen,seize
violet,violet
gesperrt,blocked
führst,lead
deb,deb
besserer,better
mode,fashion
ashley,Ashley
offene,open
knallt,bangs
ermorden,murder
sonnenaufgang,sunrise
gelitten,suffered
einzelheiten,details
erbärmlich,pathetic
organisieren,organize
geraucht,smoked
tankstelle,gas station
vorgeht,proceeds
eisen,iron
geteilt,divided
hoffnungen,hopes
ziege,goat
feierabend,quitting time
würstchen,sausages
fürchtet,fears
aktivitäten,activities
gewehre,rifles
egoistisch,egotistical
besprechung,meeting
heißes,hot
zahnarzt,dentist
schmerzt,hurts
fotze,cunt
cäsar,Caesar
spinnt,crazy
elisabeth,Elisabeth
unglaubliche,incredible
konferenz,conference
ertrage,endure
ärsche,asses
beginne,begin
ausgesprochen,pronounced
blonde,blonde
befragt,interviewed
könige,kings
lena,Lena
tumor,tumor
judy,judy
boxen,boxing
antoine,antoine
georg,georg
kacke,shit
langes,long
gefährdet,endanger
handtasche,handbag
abzug,deduction
segeln,sailing
brett,board
money,money
vierten,fourth
pedro,Pedro
rucksack,backpack
flagge,flag
geantwortet,replied
anfangs,initially
andrea,Andrea
umgekehrt,vice versa
klaren,clear up
mario,Mario
ersparen,save
binden,bind
vollen,full
haltung,attitude
gefeiert,celebrated
winkel,angle
sammlung,collection
inspector,inspector
heilig,holy
auswahl,selection
zögern,hesitate
timmy,Timmy
erzogen,raised
chips,chips
schinken,ham
beauftragt,commissioned
bewachen,guard
zombies,zombies
bishop,bishop
abhängen,depend
geldes,money
saßen,sat
infektion,infection
grosse,size
simone,Simone
versichern,assure
entspricht,corresponds
pop,pop
begriffen,understood
drehe,turn
archer,archer
wallace,Wallace
but,but
beschloss,decided
spar,save
produktion,production
mahlzeit,have a good meal
deputy,deputy
kürze,short
verständlich,understandable
kronen,crown
betrachte,consider
gehandelt,traded
landung,landing
passwort,password
honig,honey
austausch,exchange
gewisser,certain
burke,burke
braun,brown
frohes,happy
karre,cart
get,get
gina,Gina
bewohner,residents
diagnose,diagnosis
bumm,boom
veronica,Veronica
kurzer,short
turner,Turner
orange,orange
mitfahren,ride along
navy,navy
beschäftigen,occupy
anlügen,lie
sprang,jump
wiederholt,repeated
pflichten,duties
sklave,slave
hase,hare
bogen,bow
seife,soap
ausgefallen,failed
ausgezogen,moved out
belästigt,harassed
bäumen,trees
duncan,Duncan
akzeptiere,accept
tanze,dance
gestürzt,fallen
sonny,sonny
seth,seth
größeres,larger
galactica,galactica
qualität,quality
eifersucht,jealousy
szenen,scenes
j,j
jacques,Jacques
kammer,chamber
geschützt,protected
schlangen,snakes
australien,Australia
aufrecht,upright
sichergehen,play it safe
tafel,table
dreckige,dirty
blieben,remained
platt,flat
absagen,cancel
geregelt,regulated
disziplin,discipline
offizielle,official
zurückholen,retrieve
babysitter,baby-sitter
unheimliche,eerie
einziehen,move in
riley,Riley
trip,trip
gewaltig,enormous
sanitäter,paramedic
ganzer,whole
tattoo,tattoo
philippe,philippe
wagt,dares
irrer,crazy
genehmigung,permit
schoß,lap
bereithalten,have ready
bienen,bees
priorität,priority
verfluchten,cursed
gefährlicher,dangerous
irene,Irene
aufregen,excite
fremd,foreign
frühen,early
pa,pa
security,security
hervor,out
geopfert,sacrificed
standort,location
beruflich,professionally
gewechselt,changed
claude,Claude
harper,Harper
ältere,older
schublade,drawer
verluste,losses
wuchs,growth
verbindet,connects
beeinflusst,influenced
egon,Egon
geliehen,borrowed
gesegnet,blessed
burt,burt
ernähren,feed
pressen,press
aktien,shares
fingern,fingers
erobern,conquer
überraschend,surprisingly
durchmachen,go through
berühmten,famous
vorwürfe,accusations
privaten,private
besatzung,crew
experten,experts
scheißer,shit
erholen,recover
verbreiten,spread
abhängig,dependent
krachen,crash
kapierst,do you understand
division,division
königliche,royal
vermuten,assume
jenna,Jenna
gibbs,gibbs
bud,bud
folter,torture
wohnte,lived
night,night
überlasse,leave
geschworenen,jury
vorstand,board
antonio,Antonio
heutige,today
vertreiben,drive out
chan,chan
first,first
option,option
dealer,dealer
mönch,monk
deutscher,German
hindern,prevent
anruft,calls
schieb,push
käufer,buyer
wage,wage
klettern,climb
check,check
husten,cough
veröffentlicht,published
melissa,Melissa
überein,agree
technisch,technically
alicia,Alicia
bezaubernd,enchanting
wandern,hike
revolver,revolver
singe,sing
freust,rejoices
fahrstuhl,elevator
sternen,stars
bewegungen,movements
wong,Wong
moderne,modern
versteckte,hidden
funkgerät,radio
kranke,sick
carson,Carson
afghanistan,Afghanistan
oz,oz
besagt,says
batman,Batman
bluten,bleed
hochzeitstag,wedding anniversary
hunter,hunter
breche,break
gestiegen,increased
entdeckte,discovered
w,w
ignoriert,ignored
reverend,reverend
kanonen,cannons
pablo,Pablo
klagen,complain
anweisung,instruction
knoten,node
magazin,magazine
illusion,illusion
seattle,Seattle
paranoid,paranoid
elsa,Elsa
adieu,Adieu
versprichst,promise
verkehrt,wrong
vorübergehend,temporary
butler,butler
schalter,switch
teilnehmen,participate
got,got
vertreter,representative
hacken,chop
roll,roll
artie,artie
torte,cake
cindy,Cindy
sprengstoff,explosive
münze,coin
beißt,bites
hing,hinge
yorker,Yorker
tauchte,emerged
preise,prices
eintreten,enter
gewinnst,win
vera,Vera
getäuscht,deceived
daniels,Daniels
army,army
regelmäßig,regularly
schneidet,cuts
traust,do you dare
höchsten,highest
khan,khan
kennedy,kennedy
häuptling,chief
herzens,heart
gratis,free
klopf,knock
hasste,hated
koks,coke
muschi,pussy
way,way
kanzlei,law firm
februar,February
empfindlich,sensitive
neidisch,envious
risiken,risks
hot,hot
omar,Omar
rico,Rico
scotty,Scotty
ausgeht,exits
harrison,Harrison
rettete,saved
siegen,win
hänge,hang
starker,strong
lügnerin,liar
arnold,Arnold
gefährden,endanger
schadet,harms
kichert,giggles
heinrich,Heinrich
lehre,teach
geste,gesture
spinne,spider
eingezogen,moved in
klingonen,Klingons
sylvia,Sylvia
manchen,some
somit,thus
flitterwochen,honeymoon
verwandte,related
ablegen,take off
hierbei,this
besonderer,special
sehnsucht,longing
gestalt,shape
demselben,the same
saal,room
wiederhören,hear from you again
peng,bang
brandon,Brandon
knurrt,growls
meile,mile
würdig,worthy
starbuck,Starbucks
vorlesen,read aloud
generationen,generations
schwarzes,black
herstellen,produce
schein,appearance
getestet,tested
nicholas,Nicholas
samuel,Samuel
überstehen,survive
doyle,Doyle
viktor,Viktor
spinnen,spiders
ohnehin,anyway
och,och
geräte,devices
more,more
kongress,congress
löffel,spoon
saul,Saul
abbrechen,cancel
hinrichtung,execution
kommunizieren,communicate
melanie,Melanie
gestrichen,cancelled
gleichgewicht,balance
vermutet,suspected
garantieren,guarantee
wärme,warmth
bestimmung,determination
blocks,blocks
überwachung,surveillance
flecken,stains
now,now
greif,gripping
vermutung,supposition
zurückzukehren,to return
zwerg,dwarf
porter,porter
droht,threatens
statue,statue
fliegst,are you flying
spürt,feels
mangel,shortage
silver,silver
spürte,felt
schwager,brother-in-law
angemessen,appropriate
spannend,exciting
ähnliches,similar
beverly,Beverly
take,take
sternzeit,sidereal time
möglichst,if possible
ivan,Ivan
verschwendet,wasted
cat,cat
reichtum,wealth
starren,staring
knien,kneel
morris,Morris
colin,Colin
beobachte,observe
stu,stu
adams,Adams
dankbarkeit,gratitude
allianz,alliance
verfluchter,cursed
zueinander,to each other
liebend,loving
state,state
fiona,Fiona
verklagen,sue
israel,Israel
lande,land
billiger,cheaper
steige,rise
glaubten,believed
aussah,looked
kong,Kong
empfange,receive
gestank,stink
größter,largest
klient,client
willi,Willi
bezahlung,pay
totale,total
chen,chen
gemeinsamen,common
mächtigen,powerful
verletzte,injured
verdorben,spoiled
unfassbar,unbelievable
umbringt,kills
marian,Marian
pastor,pastor
kellnerin,waitress
außergewöhnlich,unusual
versammlung,assembly
hall,hall
grauen,gray
rauche,smoke
north,north
begleitung,accompaniment
have,have
touristen,tourists
göttin,goddess
genaue,precise
erholt,recovered
vorbild,example
laßt,let
inklusive,including
klarstellen,clarify
douglas,Douglas
ablenkung,diversion
erpressung,blackmail
erregt,excited
rosie,Rosie
verhandlungen,negotiations
ausgesehen,looked
burger,citizens
fickt,fucks
cm,cm
merkte,noticed
überzeugend,convincing
wähle,choose
ringe,rings
neuesten,latest
grob,rough
bezirk,district
rangehen,approach
charme,charm
ingenieur,engineer
lenny,Lenny
reichlich,plenty
anerkennung,recognition
hoher,higher
träumte,dreamed
chor,choir
bedient,operate
ängstlich,fearful
herde,herd
maurice,Maurice
roter,red
verurteilen,condemn
seltsamen,strange
reagan,Reagan
jeanne,Jeanne
weste,vest
unterrichtet,taught
zusammenarbeit,cooperation
spannung,tension
gerechnet,calculated
ernste,serious
üblichen,usual
cam,cam
gelten,apply
samurai,samurai
geeignet,suitable
beförderung,promotion
mehrmals,several times
erschienen,appeared
langem,long
haftbefehl,arrest warrant
gefüllt,filled
abziehen,deduct
kaufst,buy
mischen,mix
schrott,scrap
gonna,Gonna
älteren,older
begegnung,encounter
sydney,Sydney
henri,Henri
ägypten,Egypt
heiratete,married
organe,organs
harvard,Harvard
rollstuhl,wheelchair
insgesamt,in total
wells,wells
merk,note
cass,Cass
jakob,Jakob
umsehen,look around
löwe,lion
vorräte,supplies
ausschau,lookout
mitbekommen,overheard
baker,baker
suchten,searched
universums,universe
erteilt,granted
demokratie,democracy
derzeit,currently
erfinden,invent
umgelegt,turned over
gefühlen,feelings
aufzuhören,to stop
buchstäblich,literally
firmen,companies
bernie,Bernie
weltkrieg,World War
hawaii,Hawaii
heather,heather
piper,piper
helena,Helena
campbell,Campbell
spezielle,special
entdeckung,discovery
ernte,harvest
sullivan,Sullivan
mick,Mick
anderson,Anderson
feuerwehr,fire department
warp,warp
mehreren,several
hauptstadt,capital city
gruppen,groups
galaxie,galaxy
einfällt,comes to mind
jahrhunderts,century
doris,Doris
dummheit,stupidity
dosis,dose
kardinal,cardinal
inwiefern,to what extent
duft,fragrance
glücklicherweise,fortunately
niederlage,defeat
abgezogen,deducted
einschließlich,including
verlobten,engaged
speziell,special
zuneigung,affection
ruby,ruby
logik,logic
sicherheitsdienst,security service
bastarde,bastards
anhörung,hearing
lokal,local
beamten,civil servants
wegwerfen,throw away
messe,fair
kämpfte,fought
sonnenschein,sunshine
kaugummi,chewing gum
claudia,Claudia
ankam,arrived
nagel,nail
wunderschönen,beautiful
blond,blond
neffen,nephews
seven,seven
geistes,spirit
kane,Kane
shawn,Shawn
juliette,Juliette
maler,painter
abgebrochen,aborted
toni,toni
tuvok,tuvok
spass,fun
autopsie,autopsy
hüte,hats
polly,polly
becher,mug
beschaffen,procure
standpunkt,position
fox,fox
satan,Satan
chinesische,Chinese
hunt,hunt
mmm,mmm
bestätigung,confirmation
speck,bacon
gin,gin
studie,study
prügel,beating
pferden,horses
cathy,Cathy
gelegen,located
trag,wear
aufenthalt,stay
erdbeben,earthquake
verbreitet,spread
gratulieren,congratulate
finsternis,darkness
verschwindest,disappear
maschinenraum,engine room
schiffes,ship
verbringt,spends
gezählt,counted
parken,park
tucker,tucker
vertraulich,confidential
herausfindet,finds out
schalt,switch
spione,spies
gezahlt,paid
drohen,threaten
ungewöhnliches,unusual
liter,liter
turtle,turtle
dom,cathedral
pfannkuchen,pancake
saubere,clean
zittern,tremble
respektiert,respected
wirkliche,real
unglücklicherweise,unfortunately
koche,cook
puppen,dolls
media,media
freigelassen,released
godzilla,godzilla
privatleben,private life
gemma,gemma
aufgelöst,resolved
dummheiten,stupidity
zustimmung,approval
hobby,hobby
futter,feed
klare,clear
verhört,interrogated
entgehen,escape
läßt,lets
fordere,demand
folgende,following
bischof,bishop
bewahrt,preserved
mieser,lousy
streifen,stripes
stimmte,agreed
endete,ended
kinderspiel,children's game
hinterließ,left
moses,Moses
stürzt,falls
federn,feathers
randall,Randall
gray,gray
aufzubauen,to build
münzen,coins
kündigen,quit
braves,brave
pissen,piss
andenken,souvenir
lach,laugh
edgar,Edgar
geschaut,looked
durchhalten,persevere
mächtige,powerful
tatsachen,facts
badewanne,bathtub
wählt,selects
formen,shapes
serviert,served
batterie,battery
krankheiten,diseases
untersuchungen,investigations
überlass,leave
bräutigam,groom
kopien,copies
stundenlang,for hours
päckchen,parcel
erteilen,grant
gewährt,granted
zeichnen,draw
aufwacht,wakes up
rasch,quickly
odo,odo
kooperieren,cooperate
strahlung,radiation
jeffrey,Jeffrey
raub,robbery
überwinden,overcome
fingen,started
police,police
songs,songs
schenkt,gives
beschuldigen,accuse
leugnen,deny
luis,Luis
gevögelt,fucked
regie,directing
hugh,Hugh
bellen,bay
schäden,damage
riker,riker
gitter,grid
tower,tower
hässliche,ugly
umkehren,reverse
ruht,rests
geehrt,honored
hausmeister,building superintendent
camille,Camille
weiterleben,continue to live
klemme,clamp
kenntnis,knowledge
richie,richie
sexuell,sexually
gewann,won
überlebende,surviving
nachbarin,neighbor
läuten,ring
foster,foster
ausgeführt,executed
lebende,living
supermarkt,supermarket
chefin,boss
anpassung,adjustment
shirt,shirt
strasse,street
esst,eat
quälen,torment
kräftig,strong
bedarf,requirement
clyde,Clyde
auslösen,trigger
züge,trains
abgelenkt,distracted
forderungen,demands
balkon,balcony
wurm,worm
durchgedreht,went crazy
haft,liability
gefoltert,tortured
keks,biscuit
sherry,sherry
gelbe,yellow
befragung,survey
abgelaufen,expired
garrett,Garrett
klassische,classic
elvis,Elvis
agnes,Agnes
reite,ride
politischen,political
arizona,Arizona
verzweiflung,despair
boote,boats
pearl,pearl
reitet,rides
moore,Moore
schwächen,weaken
programmiert,programmed
anfänger,beginner
nutze,use
hope,hope
lecken,lick
großem,large
murray,Murray
verprügeln,beat up
bunker,bunker
dose,can
kansas,Kansas
flüchten,escape
bella,bella
feucht,moist
annahme,assumption
plaudern,chat
pommes,fries
marschieren,march
mitspielen,participate
hardy,hardy
radar,radar
snow,snow
keineswegs,not at all
juwelen,jewels
akademie,academy
commissioner,commissioner
schockiert,shocked
fehlte,missing
blutung,bleeding
verkaufte,sold
anfall,seizure
lache,pool
belle,belle
frühstücken,breakfast
depp,idiot
wundert,wonders
stoppt,stops
briten,British
kasten,crate
glen,Glen
mußte,had to
gestattet,permitted
leslie,Leslie
horn,horn
marvin,Marvin
schmutzige,dirty
wesentlich,significant
abschneiden,cut
highway,highway
redete,spoke
britischen,British
theo,theo
erwachsener,adult
maura,maura
kuba,Cuba
englischen,English
verstoßen,violate
arbeiteten,worked
kamin,chimney
wende,turn
fuer,for
voneinander,each other
premierminister,prime minister
strich,line
herrje,oh dear
eindringen,penetration
mitbewohner,roommate
tonnen,tons
geprüft,checked
rang,rank
eve,Eve
angeschaut,looked at
formel,formula
manuel,manual
schrecklicher,terrible
rausgekommen,came out
sahst,saw
hasen,rabbits
kennzeichen,mark
erinnerte,remembered
fotografieren,photograph
back,back
servieren,serve
kampagne,campaign
becky,becky
genutzt,used
staatsanwaltschaft,public prosecutor's office
gasse,alley
traut,trust
amerikas,America's
einzigartig,unique
ressourcen,resources
gebete,prayers
medikament,drug
hilflos,helpless
zeitplan,schedule
versuchung,temptation
weltweit,worldwide
lahm,lame
weggegangen,went away
flash,flash
life,life
evelyn,Evelyn
spürst,do you feel
nutten,prostitutes
jegliche,any
mieten,rent
besitze,own
betteln,beg
verglichen,compared
gereist,traveled
phillip,Phillip
weitergeht,continues
birthday,birthday
verstorbenen,deceased
dr,dr
dokument,document
wunderbarer,wonderful
young,young
aufeinander,each other
kandidaten,candidates
zukommen,to
kanntest,did you know
invasion,invasion
neugier,curiosity
dreckigen,dirty
dog,dog
überreste,remains
internationalen,international
profit,profit
coole,cool
kara,Kara
schmerzhaft,painful
zurücktreten,resign
eiern,eggs
schaute,looked
zähnen,teeth
eingetroffen,arrived
gedient,served
andre,andre
empfehle,I recommend
grau,gray
schienen,rails
anklagen,accuse
schlucken,swallow
chinesischen,Chinese
sofia,Sofia
zoll,customs
ertrunken,drowned
schuhen,shoes
gottverdammt,goddammit
gütiger,kind
rauszukommen,to get out
warme,warmth
evans,Evans
prostituierte,prostitute
rio,Rio
videos,videos
narben,scars
verweigert,refused
anzugreifen,to attack
richtet,directs
unabhängig,independent
pest,pest
drängen,urge
rudy,Rudy
göttern,gods
lana,Lana
herkommt,comes from here
sorgfältig,carefully
scheiss,shit
merkwürdige,strange
triff,meet
philosophie,philosophy
aufspüren,track down
verknallt,in love
schweizer,Swiss
scheitern,fail
madison,Madison
durchsuchungsbefehl,search warrant
lionel,lionel
reinigen,clean
axt,ax
schere,scissors
zoey,Zoey
mylady,my lady
niere,kidney
geringsten,least
wunderbaren,wonderful
feine,fine
ausländer,foreigner
drohung,threat
isabelle,Isabelle
nationale,national
stechen,sting
berufung,vocation
silas,Silas
roberts,Roberts
tagsüber,during the day
hängst,hang
wirt,host
jüngste,youngest
faden,thread
wang,wang
deprimiert,depressed
rhythmus,rhythm
napoleon,Napoleon
daphne,Daphne
mandanten,clients
aufhängen,hanging
reiner,pure
drache,dragon
bemühen,make an effort
verkleidet,disguised
verletzten,injure
frequenz,frequency
drecksack,scumbag
lagerhaus,warehouse
verlorene,lost
erzeugen,generate
kommunisten,communists
dolch,dagger
dads,dads
eiskalt,ice cold
heller,brighter
end,end
treibstoff,fuel
drücke,press
journalist,journalist
hoffnungslos,hopeless
wa,wa
françois,françois
zugegeben,admittedly
finale,final
tuch,cloth
angie,Angie
brandy,brandy
aggressiv,aggressive
ausstehen,stand
wilder,wild
ideale,ideal
durchbruch,breakthrough
verstecke,hide
körpers,body
mexikaner,Mexican
gestartet,started
venedig,Venice
träumt,dreams
stillen,breastfeeding
gelegentlich,occasionally
kleinste,smallest
u,u
früchte,fruit
basiert,based
fielen,fell
propheten,prophets
stevens,Stevens
ermordung,assassination
seltsamer,strange
benimmst,behave
fasziniert,Charmed
zerbrochen,broken
flüstern,whisper
elijah,Elijah
verrücktes,crazy
abwesenheit,absence
blätter,leaves
ertrinken,drowning
how,how
messen,measure
ausleihen,lend
natürliche,natural
gerannt,ran
angelegt,created
marines,marines
schwule,gay
ausgemacht,agreed
rasieren,shave
lebensmittel,groceries
verzieh,forgiven
feuerwerk,fireworks
ruhiger,calmer
anwesen,estate
tinte,ink
rausgeworfen,thrown out
wieviele,how many
erlaube,allow
ella,ella
höhere,higher
solches,such
verirrt,lost
sisko,sisko
regieren,govern
aufheben,lift
verschieden,different
klüger,smarter
türklingel,doorbell
versprech,promise
fell,fur
meinten,meant
wertlos,worthless
zweifeln,doubt
region,region
les,les
klirren,clinking
todesursache,cause of death
sal,sal
experimente,experiments
beitrag,contribution
operationen,operations
befürchten,fear
herkunft,origin
geduldig,patient
schaltet,switches
po,po
hintertür,back door
stufen,steps
detroit,Detroit
ausser,except
gen,gene
bescheiden,modest
verdächtiger,suspicious
kung,kung
ewigen,eternal
ausstellung,exhibition
dritter,third
droge,drug
komplizierter,complicated
oberen,upper
fee,fairy
knight,knight
griffin,Griffin
fahne,banner
verbrennt,burns
wirkte,seemed
komisches,strange
benommen,dazed
vorsitzender,chairman
ersticken,suffocate
registriert,registered
angeklagten,accused
hamburger,hamburger
mächtiger,powerful
kerze,candle
entstehen,arise
unendlich,infinite
siegel,seal
zehen,toes
schiss,shit
boyd,boyd
kneipe,bar
gemietet,rented
blass,pale
kathy,Kathy
fragten,asked
cross,cross
inhalt,contents
gesammelt,collected
gelben,yellow
übertragung,transmission
pressekonferenz,press conference
aufgelegt,laid up
aspirin,aspirin
kämpfst,fight
barkeeper,barkeeper
höhepunkt,climax
wirfst,throw
angewiesen,instructed
erlösung,salvation
potter,potter
drunter,underneath
partnerin,partner
miranda,Miranda
ritual,ritual
model,model
räuspert,clears throat
segel,sail
zuschlagen,strike
stiehlt,steals
netzwerk,network
klarer,clearer
ausgelöscht,wiped out
demnächst,soon
stehenbleiben,stop
lungen,lungs
dynamit,dynamite
pornos,porn
marianne,Marianne
folgenden,the following
zach,zach
pussy,pussy
unverzüglich,immediately
oberste,top
abraham,Abraham
signora,signora
yes,yes
bert,Bert
entsteht,arises
flittchen,hussy
betrügt,cheats
flamme,flame
tarzan,Tarzan
beantworte,answer
sidney,sidney
fritz,Fritz
fürchterlich,terrible
who,who
geboten,offered
überdenken,reconsider
barnes,barnes
weichei,soft egg
vortrag,lecture
heiligkeit,holiness
renn,run
hingerichtet,executed
schlagt,strikes
geschrien,screamed
schneid,cut
herrschen,prevail
königlichen,royal
geier,vulture
unerträglich,unbearable
konzept,concept
herzschlag,heartbeat
right,right
gedrückt,pressed
entzückend,delightful
reue,regret
tragisch,tragic
monats,month
bezeichnet,designated
bezahlst,pay
gedichte,poems
übertreiben,exaggerate
britische,British
janeway,Janeway
gemäß,according to
absetzen,to
eugene,Eugene
wärter,guard
suite,suite
englische,English
burns,burns
ideal,ideal
fünfte,fifth
blase,bubble
großartigen,great
beutel,bag
erpressen,blackmail
schrift,writing
entführer,hijacker
tanner,tanner
stur,stubborn
ra,ra
arbeitslos,unemployed
zugestoßen,joined
kleingeld,small change
department,department
ehemaliger,former
tussi,chick
händler,dealer
rühr,stir
sackgasse,dead end
evakuieren,evacuate
mandy,mandy
prinzipien,principles
dampf,steam
gefecht,battle
nickerchen,nap
bestehe,exists
einmischen,interfere
pam,Pam
jeans,jeans
magische,magical
grünes,green
irgendwelchen,any
untergang,downfall
maßnahmen,measures
at,at
scheißen,shit
cora,Cora
lizenz,license
josef,Josef
sorg,care
two,two
weggeworfen,thrown away
samantha,Samantha
ausfindig,locate
lebewesen,living beings
wal,whale
auswendig,by rote
beschrieben,described
freundchen,buddy
hinterlässt,leave
ungerecht,unfair
buddha,Buddha
erraten,guess
force,force
brüdern,brothers
kriechen,creep
platzen,burst
juhu,hooray!
rahmen,frame
braten,fry
delta,delta
nonne,nun
salon,salon
spartacus,Spartacus
stab,rod
älteste,oldest
nägel,nails
vereinbart,agreed
begannen,began
müsse,must
verrät,reveals
oskar,Oskar
wohnwagen,caravan
boxer,boxer
missbraucht,abused
hiervon,of this
ironie,irony
vergangenen,past
schale,peel
roland,Roland
argument,argument
abwechslung,variety
knöchel,ankle
konzentrier,concentrate
schenk,gift
kompanie,company
nadia,Nadia
erzeugt,generated
zauberei,sorcery
sorgst,you take care
lucky,lucky
scofield,Scofield
treffpunkt,meeting point
quer,across
milo,milo
lauten,ring
nachtisch,dessert
handgelenk,wrist
ehrlichkeit,honesty
gans,goose
wall,wall
valley,valley
sumpf,swamp
johannes,Johannes
literatur,literature
führten,led
gilbert,Gilbert
rex,rex
fleißig,diligent
hinterhalt,ambush
nördlich,north
allmählich,gradually
wurzeln,roots
manipulieren,manipulate
elegant,elegant
look,look
enge,narrow
gestoppt,stopped
mcgee,mcgee
they,they
bevorzuge,prefer
angriffe,attacks
kapelle,chapel
gramm,gram
buchhalter,accountant
dallas,Dallas
erziehung,education
allergisch,allergic
erben,inherit
tequila,tequila
zahlst,you pay
ludwig,Ludwig
frischen,fresh
ländern,countries
bläst,blows
angeordnet,arranged
fließen,flow
steif,stiff
mh,mh
ollie,Ollie
benimm,behavior
wenigsten,at least
heilung,cure
schlampen,sluts
freizeit,leisure time
gewähren,grant
fernhalten,Keep away
jubeln,cheer
abdrücke,prints
lippenstift,lipstick
mittleren,medium
abgesetzt,discontinued
profis,professionals
produziert,produced
polizistin,policewoman
ohh,ohh
verschont,spared
hills,hills
phaser,phaser
wurmloch,wormhole
investiert,invests
getränke,drinks
nachfolger,successor
lux,lux
drake,drake
bildern,pictures
kollegin,colleague
loyal,loyal
beleidigung,insult
jammer,sigh
überredet,persuaded
price,price
home,home
schüssel,bowl
komischer,weirder
überaus,extremely
bereden,discuss
neueste,latest
verlobter,fiancé
einbrecher,burglar
zigarre,cigar
öffnete,opened
wirkst,you seem
fordert,demands
checken,check
araber,Arabs
jonah,jonah
kay,Kay
reinen,pure
beende,finish
pflanze,plant
umgehend,immediately
gegründet,founded
konzentration,concentration
garantiere,guarantee
del,del
mumm,courage
vorzubereiten,to prepare
biss,bite
billige,cheap
hingegangen,went there
zurückhalten,restrain
belügen,lie
summen,hums
draht,wire
weißes,white
kratzen,scratch
student,student
hinzu,in
ve,ve
verlobung,engagement
stars,stars
speziellen,special
gezeichnet,drawn
ego,ego
kurve,curve
judith,Judith
marshal,marshal
handlung,action
american,American
nützen,use
umgang,handling
stadtrat,city ​​council
caleb,Caleb
vorhang,curtain
vergeuden,waste
flach,flat
verdächtigt,suspected
shakespeare,Shakespeare
kräften,forces
erstickt,suffocated
sirene,siren
garderobe,wardrobe
festen,firm
bestellung,an order
ehrliche,honest
locke,locke
visier,visor
basketball,basketball
ling,ling
umher,around
geschwister,siblings
liebten,loved
schwangerschaft,pregnancy
wolke,cloud
schaffte,managed
schräg,slant
nich,not
rue,rue
as,as
christina,Christina
foltern,torture
visionen,visions
bereue,I regret
backen,bake
unfähig,unable
loslegen,get started
satelliten,satellites
spuck,spit
schlachtfeld,battlefield
pfoten,paws
betroffen,affected
liga,league
notiz,note
vollmond,full moon
stumm,mute
hamburg,Hamburg
gaius,Gaius
lüg,lie
saufen,drinking
äpfel,apples
masse,mass
autogramm,autograph
axel,Axel
einfaches,simple
beraten,advise
dateien,files
chester,Chester
klaviermusik,piano music
wu,wu
erwartungen,expectations
modernen,modern
rotes,red
casino,casino
hunden,dogs
übrigen,other
geschlecht,gender
hülle,covering
herrschaft,rule
lenken,steer
babylon,Babylon
dax,DAX
münchen,Munich
fünften,fifth
gewalttätig,violent
füreinander,for each other
distanz,distance
überqueren,cross over
häng,hang
knallen,pop
körperlich,physically
bedeutete,meant
ältesten,oldest
baltimore,Baltimore
level,level
situationen,situations
beachten,observe
otaru,otaru
friseur,barber
erbarmen,mercy
kg,kg
lacey,lacey
zerrissen,torn
müller,Müller
verkaufst,sell
light,light
chauffeur,chauffeur
festgestellt,noted
norma,norma
vorhat,plans
quark,quark
glotzt,stares
igitt,yuck
wiegt,weighs
beherrscht,masters
jon,jon
schlimmen,bad
auszeit,time out
wünschst,do you wish
drogendealer,drug dealer
bedürfnisse,needs
julius,Julius
käfer,beetle
langweilen,bore
automatisch,automatically
chang,Chang
bloss,just
luxus,luxury
taube,dove
restlichen,remaining
unterzeichnet,signed
leuchten,shine
mitzunehmen,to take with you
lernten,learned
terrorist,terrorist
vermissten,missing
mitgehen,go with me
shannon,Shannon
teure,expensive
kündige,resign
rohr,pipe
regnen,rain
nudeln,noodles
rückgängig,undo
unterzeichnen,sign
teufels,devil's
ausgebrochen,escaped
befürchtet,fears
höschen,panties
freilassen,release
gross,large
vorteile,advantages
gebetet,prayed
umkreis,radius
sammelt,collects
mi,mi
teresa,Teresa
schaf,sheep
krüppel,cripple
verziehen,forgiven
teal,teal
gipfel,summit
samen,seeds
letztens,recently
trommeln,drums
mischung,mixture
durchgeknallt,crazy
uhrzeit,time
optionen,options
zuliebe,for the sake of
ausbruch,outbreak
grimm,Grimm
altar,altar
barbie,Barbie
ick,ick
apotheke,pharmacy
schickten,sent
feiglinge,cowards
aufgestanden,got up
konflikt,conflict
bewundern,admire
gefährlichen,dangerous
herbert,Herbert
robbie,Robbie
zuhälter,pimp
beschwert,complained
entsetzlich,horrible
pension,pension
weinte,cried
wunderbares,wonderful
hannibal,Hannibal
bitteschön,please
gegrüßt,Greetings
joyce,joyce
anständige,decent
ausreichend,sufficient
bemerkte,noticed
nypd,nypd
boten,offered
yu,yu
vergiften,poison
datei,file
rückseite,back
neill,Neil
piepen,beep
erstochen,stabbed
pan,pan
wälder,forests
ehemalige,former
verband,association
gewahrsam,custody
vagina,vagina
hinüber,over
analysieren,analyze
ansieht,looks
charley,Charley
reynolds,reynolds
goa,goa
wegfahren,drive away
manches,some
liefen,ran
hohes,high
lin,lin
verstorben,deceased
quatschen,chat
brüllen,roar
schwindel,dizziness
kontaktiert,contacted
anderthalb,one and a half
jedermann,anyone
sänger,singer
vorgeschlagen,proposed
jammern,whine
mimi,Mimi
theoretisch,theoretically
kragen,collar
sophia,sophia
weichen,soft
außerirdische,aliens
verfolge,follow
avery,avery
bedürfnis,need
tresor,safe
persönlicher,personal
honey,honey
nüsse,nuts
zurückkomme,come back
bender,bender
fällig,due
aufbewahrt,stored
angehört,listened to
stange,rod
beängstigend,frightening
journalisten,journalists
fürsten,princes
produzieren,produce
erschlagen,slain
she,she
reed,reed
signale,signals
komischen,strange
schwachen,weaken
geriet,got
starkes,strong
hinbringen,take
totaler,total
baue,build
vati,dad
gebucht,booked
vorsprung,projection
amerikanischer,American
erstaunt,astonished
weite,wide
dahinten,back there
todesstrafe,capital punishment
hotelzimmer,hotel room
gefälscht,fake
vaterland,fatherland
kanzler,chancellor
branche,industry
nanu,nanu
gelangt,reached
chad,chad
wiederhaben,regain
nachkommen,progeny
verborgen,hidden
vornehmen,do
ratschläge,advice
bestimmtes,certain
here,here
freuden,joys
einschalten,turn on
thea,thea
ehemaligen,former
fry,Fry
restaurants,restaurants
investieren,invest
betet,prays
gegenzug,in return
diskret,discreet
turnier,tournament
truthahn,turkey
angelo,angelo
anstelle,instead
liefert,delivers
winzig,tiny
arena,arena
sprecher,speaker
einrichten,furnish
überstunden,overtime
schwulen,gay
entworfen,designed
gehängt,hung
einatmen,inhale
verfickte,fucking
flüssigkeit,liquid
obst,fruit
angespannt,tense
blicke,views
schottland,Scotland
hit,hit
tödliche,deadly
rechtfertigen,justify
griechenland,Greece
wegtreten,step away
vorschläge,suggestions
verkäufer,salesperson
unsterblich,immortal
kapier,understand
erklärte,explained
männlich,masculine
umarmung,hug
ge,ge
beinhaltet,contains
knarren,creak
tänzerin,dancer
internationale,international
rippen,ribs
entstanden,developed
entscheidest,decide
verwechselt,confused
einwohner,resident
aufgefunden,found
chirurg,surgeon
vorbeigekommen,passed by
maulwurf,mole
batterien,batteries
kämen,come
ii,ii
nikki,Nikki
mercedes,Mercedes
rudi,Rudi
jet,jet
verhören,interrogate
philadelphia,Philadelphia
riefen,called
glücklichen,happy
techniker,technician
dorothy,Dorothy
gestalten,design
frisches,fresh
tammy,Tammy
beschissener,shitty
glocken,bells
flint,flint
topf,pot
termine,appointments
scharfe,sharp
trieb,drive
bennett,Bennett
software,software
überdosis,overdose
außerirdischen,extraterrestrial
verbringe,spend
aufklären,explain
zutiefst,deeply
billigen,cheap
mon,mon
stimmts,Right?
zeichnungen,drawings
summer,summer
überstanden,survived
quentin,Quentin
benimmt,behaves
geheimnisvolle,mysterious
ehrenwort,Word of honor
wäldern,forests
unauffällig,unobtrusive
geradezu,practically
reinigung,cleaning
masken,masks
buck,buck
diät,diet
sarge,coffin
ursprünglich,originally
armut,poverty
erin,erin
bildet,forms
picknick,picnic
abstellen,turn off
friede,peace
eintritt,entry
bildung,education
besuchte,visited
erwartete,expected
bräuchten,needed
doppelten,double
abkürzung,abbreviation
ellis,Ellis
unterkunft,accommodation
hong,Hong
shepherd,shepherd
enttäuschung,disappointment
isabella,Isabella
geübt,practiced
duck,duck
stärken,strengthen
paps,pope
deutet,does not indicate
sandra,Sandra
inspiriert,inspired
südlich,south
phoenix,Phoenix
lori,lori
hauch,breath
secret,secret
flut,flood
spritzen,injections
gewerkschaft,union
eingenommen,taken
jenkins,Jenkins
dutzende,dozens
vorerst,for now
quarantäne,quarantine
lastwagen,truck
deuten,interpret
drew,drew
geleitet,led
wechsel,change
chi,chi
küsschen,kisses
funken,spark
lösegeld,ransom
anpassen,adjust
knöpfe,buttons
wunderschönes,beautiful
armband,bracelet
aria,aria
verabschiedet,adopted
wohnungen,apartments
aufgezogen,raised
gnädig,mercifully
zugleich,at the same time
bemüht,engaged
auswirkungen,effects
involviert,involved
wurst,sausage
kitt,putty
elias,Elias
floh,flea
anstand,decency
schal,scarf
alien,alien
alec,alec
genehmigt,approved
eleanor,Eleanor
kalender,calendar
assistenten,assistants
mccoy,McCoy
christen,Christians
wurf,throw
eingerichtet,furnished
hinweisen,point
lädt,loads
ausliefern,deliver
bonjour,bonjour
institut,institute
häusern,houses
schlachten,slaughter
rogers,Rogers
stellten,posed
handschrift,handwriting
veröffentlichen,publish
fantastische,fantastic
feuerzeug,lighter
beträgt,amounts
schätzt,estimates
veranda,veranda
gleichfalls,same to you
schwung,momentum
fälschung,forgery
adoptiert,adopted
informanten,informants
nationalen,national
yen,yen
wrack,wreck
fach,academic subject
sinken,sink
prügeln,beat up
garantie,guarantee
zumachen,close
kühl,cool
angeklagte,accused
vertraute,familiar
chemie,chemistry
grippe,flu
nackte,naked
angestellte,employee
square,square
rauchst,do you smoke
pink,pink
rob,rob
fertigmachen,get ready
bh,bra
dreckiger,dirty
reinste,purest
stiftung,foundation
wasch,wash
begräbnis,funeral
versauen,mess up
kreuzung,crossing
tomaten,tomatoes
bates,bates
mathe,math
hüfte,hip
connie,Connie
genügen,sufficient
klub,club
dauer,duration
rusty,rusty
herhören,listen
schwänze,tails
lustiger,funny
stürzte,crashed
infos,info
glückspilz,lucky guy
erspart,saves
gekleidet,dressed
gustav,Gustav
angefahren,driven
beichte,confession
bekannter,well-known
felder,fields
wally,wally
sirenen,sirens
mitzuteilen,to inform
struktur,structure
angesetzt,scheduled
aussehe,look
attentat,assassination
schmutzigen,dirty
schweres,heavy
glanz,shine
mochten,want
anker,anchor
schwimmt,swims
verschwendung,waste
feder,feather
köpfen,behead
sünder,sinner
clubs,clubs
detectives,detectives
perlen,pearls
gelobt,praised
abschnitt,section
brasilien,Brazil
bewahre,preserve
aufgemacht,opened
wertvolle,valuable
jin,jin
fracht,freight
miriam,Miriam
note,note
qual,quality
amüsant,amusing
yvonne,Yvonne
geile,awesome
carlo,Carlo
lobby,lobby
neelix,neelix
verheimlichen,conceal
verführen,seduce
routine,routine
schwerter,swords
kichern,giggle
anschuldigungen,accusations
regt,stimulates
anvertrauen,entrust
fotografiert,photographed
auslöschen,extinguish
furchtbaren,terrible
sofern,if
ärmel,sleeve
prüfungen,exams
lebewohl,goodbye
ändere,change
markiert,marked
massaker,massacre
süchtig,addicted
treppen,stairs
sheila,Sheila
gps,GPS
ana,Ana
abreisen,leave
reggie,Reggie
heilt,heals
haley,haley
männliche,male
landschaft,landscape
leide,I suffer
venus,Venus
juckt,itches
center,center
feinden,enemies
riggs,riggs
verwirrend,confusing
zukünftige,future
hofft,hopes
bumsen,fuck
überbringen,deliver
kritik,criticism
raj,raj
motto,motto
herzustellen,to produce
ranger,ranger
bang,bang
fähre,ferry
stephanie,Stephanie
gegenstand,object
abigail,Abigail
verhält,behaves
angreifer,attacker
crowley,Crowley
friedrich,Friedrich
galerie,gallery
dunkler,darker
kreisen,circling
misstrauisch,suspicious
verfügbar,available
gedroht,threatened
christ,Christian
hospital,hospital
landete,landed
heart,heart
beschleunigen,accelerate
zwischenfall,incident
helf,help
schuft,scoundrel
ausgezeichnete,excellent
hochgehen,go up
körperverletzung,bodily harm
tausch,exchange
caesar,Caesar
gates,gates
vergeltung,retribution
ermittler,investigator
wehen,blowing
platziert,placed
verpisst,pissed off
verließen,left
übernimmst,you take over
kodex,code
erlitten,suffered
transportieren,transport
verbannt,banished
gelang,succeed
kämpften,fought
erwacht,awakens
ausnutzen,exploit
windeln,diapers
weiblichen,female
zwerge,dwarves
erschieße,shoot
kinn,chin
gärtner,gardener
jahrhunderte,centuries
fakt,fact
moon,moon
zustößt,happens
emotionale,emotional
june,June
taschentuch,handkerchief
kindergarten,kindergarten
abreise,departure
schnurrbart,mustache
isaac,Isaac
rekord,record
bucht,bay
wildnis,wilderness
eigenschaften,characteristics
kerker,dungeon
bewundert,admired
plastik,plastic
lieferwagen,delivery van
bush,bush
klebt,sticks
feiert,celebrates
beschwerden,complaints
anzubieten,to offer
orbit,orbit
reingezogen,pulled in
antrieb,drive
preston,Preston
behindert,disabled
untergehen,sink
materie,matter
ermittelt,determined
änderte,changed
alkoholiker,alcoholic
produzent,producer
werner,Werner
georgia,Georgia
serienmörder,serial killer
zurückgebracht,returned
schleichen,sneak
junkie,junkie
jüngsten,youngest
cate,cater
fanny,fanny
raucht,smokes
anbetracht,considering
fletcher,fletcher
teurer,more expensive
lukas,Lukas
widmen,dedicate
stößt,encounters
eintreffen,arrive
schnellste,fastest
vermisste,missing
hudson,Hudson
sang,sang
denver,Denver
diner,diner
vergebe,forgive
cleveland,Cleveland
höheren,higher
vizepräsident,vice president
rücksicht,consideration
cassie,Cassie
inspiration,inspiration
drang,urge
leises,quiet
weiche,soft
cristina,Cristina
yard,yard
erlangen,obtain
verreisen,travel
mechaniker,mechanic
hoppla,Oops
chakotay,chakotay
horizont,horizon
attentäter,assassin
kreditkarten,credit cards
metropolis,metropolis
margot,Margot
mitteln,means
erfüllung,fulfillment
rockmusik,rock music
olive,olive
köchin,cook
verehrte,revered
wecker,alarm clock
zischen,hiss
dreier,three
gesetzes,law
autobahn,highway
aufzupassen,to pay attention
umgezogen,moved away
aufsicht,supervision
gewitter,thunderstorm
alters,age
klemmt,is stuck
volltreffer,Bullseye
beichten,confess
beneide,envy
gesendet,sent
regiert,governs
ergreift,seizes
empfehlung,recommendation
illegale,illegal
birne,pear
ava,ava
nsa,NSA
vorname,first name
gerührt,stirred
zusammenhalten,stick together
funktion,function
rendezvous,rendezvous
walden,Walden
sperma,semen
komplizen,accomplices
kluge,clever
verbessert,improved
bildschirm,screen
quere,cross
obersten,top
menschlicher,human
durchkommen,get through
eichhörnchen,squirrel
schweig,silence
einkaufszentrum,shopping center
angeschlossen,connected
tobias,Tobias
sire,sire
sendet,send
side,side
arabisch,Arabic
franc,franc
entwischt,escaped
abkommen,agreement
mittags,midday
rumlaufen,walking around
einholen,obtain
professionell,professional
tageslicht,daylight
scannen,scan
prophezeiung,prophecy
schlitten,sleds
sprichwort,proverb
menschlichkeit,humanity
klaut,steals
pirat,pirate
darcy,Darcy
erhebt,raises
schütteln,shake
kreischen,screech
paß,passport
riesiger,huge
p,p
durstig,thirsty
perücke,wig
lamm,lamb
sonja,sonja
unterschiedliche,different
sensibel,sensitive
cardassianer,Cardassians
kluger,clever
gebacken,baked
schenkte,gifted
wesley,Wesley
busch,bush
konzentriere,concentrate
vorbereitungen,preparations
news,news
braune,tan
trösten,console
dns,DNS
erwische,catch
immerzu,constantly
erschoss,shot
nieren,kidneys
sonde,probe
drucken,press
beamte,officer
mailbox,mailbox
riesiges,huge
pässe,passports
shh,shh
befahl,commanded
zusätzliche,additional
gelähmt,paralyzed
setzten,set
dixon,dixon
colorado,Colorado
nähen,sew
telefone,telephones
wärs,would it
empfohlen,recommended
scanner,scanner
entwickelte,developed
übersetzen,translate
meinerseits,on my part
fortsetzen,continue
vertrieben,distributed
rennst,run
trugen,wore
schlaft,sleep
container,container
lächelt,smiles
provinz,province
abstimmung,vote
luca,Luca
soße,sauce
enkelin,granddaughter
clean,clean
schimmer,shimmer
rückweg,way back
sookie,Sookie
spitzel,spy
kranker,sick
militärische,military
erfassen,capture
aufzuspüren,to track down
patty,patty
sexuellen,sexual
lichtjahre,light years
dienstmädchen,maid
initiative,initiative
theorien,theories
nachforschungen,investigations
katharina,Katharina
rich,rich
laser,laser
aufpasst,pay attention
bemühungen,efforts
tänzer,dancer
bestrafung,punishment
vermasseln,mess up
stipendium,scholarship
holland,Holland
vorhast,do you plan
verschluckt,swallowed
angenehme,pleasant
nötige,necessary
val,val
spezialität,specialty
überflüssig,superfluous
trau,trust
said,said
entsprechend,accordingly
bradley,Bradley
rathaus,city ​​hall
passend,appropriate
boom,boom
schlamassel,mess
informant,informant
dominion,dominion
fortfahren,continue
drohungen,threats
träum,dream
queens,queens
sdi,sdi
schlechteste,worst
frechheit,outrageous!
budget,budget
gedenken,commemorate
irland,Ireland
ausgabe,output
senat,senate
prue,prue
cooler,cooler
cousins,cousins
amsterdam,Amsterdam
fehlst,missing
esther,Esther
vorgesehen,planned
eigentümer,owner
niedrig,low
ezra,Ezra
ungeduldig,impatient
bajor,bajor
website,website
farmer,farmer
dritt,third
jahrhunderten,centuries
korea,Korea
mögt,like
schöpfer,Creator
wettkampf,competition
gefilmt,filmed
limonade,lemonade
nationen,nations
linien,lines
verdanke,thanks
sturz,fall
tauben,pigeons
kindisch,childish
jeep,jeep
rausgeschmissen,kicked out
zeitalter,age
packe,pack
aufenthaltsort,abode
behält,retains
waisenhaus,orphanage
haust,house
aufschreiben,write down
zudem,in addition
international,international
bridge,bridge
album,album
stürmen,storm
royal,royal
vorhänge,curtains
trauern,mourn
kotzt,vomit
kolonie,colony
köter,dog
tretet,step
insekten,insects
ober,upper
hummer,lobster
ansehe,look
schlamm,mud
ausgeliefert,delivered
japanisch,Japanese
sherman,Sherman
hubert,Hubert
matty,matty
blaues,blue
robinson,Robinson
dergleichen,such
schiffen,ships
schwitzen,sweat
parfüm,perfume
leichtes,lightweight
erwiesen,proven
ohio,Ohio
trevor,Trevor
unerwartet,unexpectedly
uniformen,uniforms
ahh,ahh
ihretwegen,because of her
plane,plan
singst,sing
üble,nasty
aufgestellt,set up
wagst,dare
leder,leather
gewebe,tissue
kindermädchen,nanny
angesprochen,addressed
dvd,DVD
ungewöhnliche,unusual
jep,yep
verbieten,forbid
pulver,powder
retter,savior
coulson,Coulson
entlassung,dismissal
bourbon,bourbon
abgestürzt,crashed
befand,was
aufgeschrieben,written down
vorwand,pretext
girls,girls
drittel,third
metern,meters
arrogant,arrogant
verschoben,delay
hebe,lift
autsch,Ouch
christi,Christ
beseitigt,eliminated
canyon,canyon
bittest,please
darstellen,represent
gewöhnliche,ordinary
innenstadt,city ​​center
klassiker,classic
beobachtung,observation
hamilton,Hamilton
einsätze,missions
hündchen,pooch
shelby,shelby
feiner,finer
nachnamen,last name
zuflucht,refuge
binde,bind
hingabe,devotion
markus,Markus
wanne,bathtub
annähernd,approximately
luther,Luther
reinlegen,put in
skye,skye
handlungen,actions
effekt,effect
kreischt,screeches
jefferson,Jefferson
sahne,cream
baute,built
ganzem,entire
lilly,Lilly
schickst,send
strafzettel,parking ticket
zerbrechen,break
betreiben,operate
ginger,ginger
undercover,undercover
donnie,donnie
erstellen,create
begreifst,understand
weigert,refuses
schwingen,swing
angepisst,pissed off
spaghetti,spaghetti
hierfür,for this
rufus,Rufus
mörderin,murderess
q,q
belegt,proven
bullshit,bullshit
percy,Percy
haustür,front door
einstein,Einstein
laken,sheets
bins,bins
konten,accounts
läden,shops
pakt,pact
dessert,dessert
franzose,Frenchman
bedrückt,depressed
vorschrift,regulation
kamerad,mate
mordfall,murder case
erstatten,refund
outfit,outfit
sängerin,singer
stumme,silent
wodurch,through which
spende,donation
medaille,medal
halber,half
rausgeholt,extracted
wachte,cornice
mathematik,mathematics
elemente,elements
trauma,trauma
uhren,watches
julien,Julien
denise,Denise
reiches,rich
edith,Edith
sektion,section
durchgegangen,went through
donnerwetter,thunder!
begrüßt,welcomed
alarmstufe,alert level
gewöhnlicher,ordinary
hausarrest,house arrest
liv,life
national,national
if,if
pullover,sweater
gespenst,spook
erpresst,blackmailed
zurückzukommen,to return
spanier,Spaniards
hammond,Hammond
berührung,contact
beschwerde,complaint
jens,Jens
gruß,greeting
unternommen,undertaken
abe,ab
cheers,cheers
abgrund,abyss
premiere,premiere
ähnlichkeit,similarity
vorsichtiger,more cautious
magischen,magical
zeile,line
make,make
zurückkehrt,returns
reizende,charming
isoliert,isolated
cognac,cognac
paare,couples
veranstalten,organize
rabbi,rabbi
vereinen,unite
verliebte,in love
abgeschaltet,switched off
verwirrung,confusion
jerusalem,Jerusalem
se,se
frischer,fresh
anzünden,light
aufhält,stays
umzingelt,surrounded
nerv,nerve
erleichterung,relief
much,much
haushalt,household
mordwaffe,murder weapon
herb,bitter
olga,Olga
weis,white
töne,tones
from,from
erica,erica
hindurch,through
büros,offices
rauswerfen,throw out
verpasse,miss
leuchtet,shines
calvin,Calvin
sattel,saddle
römischen,Roman
fi,fi
peters,Peters
hüten,guard
nicolas,Nicolas
vornamen,first names
thor,Thor
warmes,warm
gespart,saved
crane,crane
basierend,based
scherzen,joke
johanna,Johanna
einsame,lonely
gewagt,daring
nachmittags,afternoon
floyd,Floyd
broadway,Broadway
amelia,Amelia
sabine,Sabine
pilze,mushrooms
vicky,Vicky
rumhängen,hanging around
prächtig,magnificent
gelangweilt,bored
niveau,level
baxter,baxter
wahrscheinlichkeit,probability
zuzusehen,to watch
reihen,rows
deckt,covers
geschäftsführer,Managing Director
wählte,chose
fetter,fat
hook,hook
schecks,checks
hinzufügen,add
japanische,Japanese
einschlagen,hit
zurückgezogen,withdrawn
wanda,wanda
positive,positive
forge,forge
archie,archie
eminenz,Your Eminence
heer,army
rechtsanwalt,lawyer
schiebt,pushes
porno,porn
kürzer,shorter
erschrocken,frightened
innerlich,internally
klimaanlage,air conditioning
gewohnheit,habit
gereicht,served
verreist,traveled
neuigkeit,news
quittung,receipt
jasper,Jasper
metro,metro
taxifahrer,taxi driver
abschlussball,prom
nu,nu
scheißdreck,shit
gehör,belong
nachfrage,demand
verbündeten,allies
montgomery,Montgomery
karev,karev
präzise,precise
zusätzlich,additionally
sähe,would see
sperrt,locks
widersprechen,contradict
geerbt,inherited
bezahl,paid
unterschätzt,underestimated
codes,codes
perfektes,perfect
eisenbahn,railroad
säufer,drunkard
anita,Anita
begleiter,companion
hörer,listener
jessie,Jessie
duell,duel
gastfreundschaft,hospitality
begreife,understand
benannt,named
joshua,Joshua
verfolgung,persecution
richards,Richards
ehrgeiz,ambition
piep,beep
schlaganfall,stroke
gehackt,chopped
leichnam,body
irrelevant,irrelevant
jem,someone
sawyer,sawyer
beeile,hurry
internat,boarding school
händchen,little hands
beifall,applause
gerichtssaal,courtroom
stühle,chairs
immernoch,still
aufruhr,revolt
ballon,balloon
cd,CD
glückliches,happy
schwache,weakness
klingel,bell
schleier,veil
halleluja,Hallelujah
griechen,Greeks
huch,Oops
debatte,debate
keinesfalls,absolutely not
befolgt,followed
union,union
patrouille,patrol
schreist,scream
beruhigungsmittel,sedatives
vorstellungen,ideas
mailand,Milan
campus,campus
verfehlt,missed
abgefeuert,fired
bezahlte,paid
reinlassen,let in
studien,studies
anrufbeantworter,answering machine
miesen,lousy
bruch,break
dürften,likely
nervst,annoying
jahreszeit,season
roberto,Roberto
unruhig,restless
krimineller,criminal
zukünftigen,future
fahndung,wanted
seither,since then
luder,slut
vorgestern,the day before yesterday
herd,stove
genervt,annoyed
helene,Helene
semester,semester
abfall,waste
willow,willow
abel,abel
zinsen,interest charges
fotograf,photographer
poesie,poetry
luthor,Luther
talente,talents
karin,Karin
gier,greed
bengel,brat
verlangst,demand
pflege,care
politisch,politically
intakt,intact
clowns,clowns
staates,state
wichtigeres,more important
poker,poker
herzogin,duchess
unterschlupf,shelter
zurückkommst,come back
tabak,tobacco
durften,were allowed
justiz,justice
aufsetzen,put on
nachgesehen,checked
gästen,guests
kassette,cassette
vergewaltigen,rape
reporterin,reporter
generator,generator
bemerkenswert,remarkable
sinkt,sinks
redeten,talk
möcht,would like
japanischen,Japanese
verteidiger,defender
weckt,awakens
pfui,Pooh
prince,prince
hemden,shirts
ivy,ivy
sessel,armchair
überzeugung,conviction
ver,ver
streitet,argues
mistkerle,bastards
geschirr,dishes
tausenden,thousands
gehn,go
brooke,brooke
herzukommen,to come here
zeigten,showed
weltall,space
tango,tango
irgendjemanden,anyone
popcorn,Popcorn
gesunde,healthy
garcia,Garcia
aufgehängt,hung up
abgerissen,demolished
mamas,moms
rüstung,armor
blockieren,block
bitter,bitter
anzüge,suits
mack,mack
verpflichtungen,obligations
worin,wherein
geplatzt,burst
gewidmet,dedicated
yuri,yuri
golden,golden
anhängen,attach
ansprechen,address
champ,champ
sichtbar,visible
hingelegt,laid down
umzugehen,to deal with
türe,door
schwierigen,difficult
kehre,return
erregen,excite
est,est
wange,cheek
grillen,grilling
brennan,Brennan
schmutz,dirt
infrage,question
erforschen,explore
klarkommen,cope
gerichtsmediziner,forensic pathologist
natürlichen,natural
parade,parade
ritt,ride
lebenszeichen,Signs of life
grossen,large
instrument,instrument
realistisch,realistic
fände,I would find
benji,Benji
würfel,dice
psycho,psycho
freiwillige,voluntary
instrumente,instruments
spannungsvolle,suspenseful
pflegen,maintain
gestresst,stressed
limo,limo
erobert,conquered
länge,length
or,or
fällst,fall
mais,corn
entstand,arose
bearbeitet,edited
ausdenken,to invent
feinen,fine
chow,chow
ass,ass
jenen,those
austin,Austin
men,men
nichtmal,not even
verheimlicht,concealed
gail,gail
elefant,elephant
herab,down
überwältigt,overwhelmed
tennis,tennis
überschritten,exceeded
rasiert,shaved
minen,mines
pistolen,pistols
wirklichen,real
zeichnung,drawing
zünden,ignite
ermöglicht,enables
unbewaffnet,unarmed
dex,dex
brötchen,bread roll
pentagon,Pentagon
kiefer,jaw
betäubt,numb
rauszuholen,to get out
nigel,Nigel
einpacken,pack
hannes,Hannes
unwohl,unwell
streik,strike
besen,broom
großteil,most
getränk,beverage
unklar,unclear
fünfzehn,fifteen
zwiebeln,onions
teilweise,partially
rauslassen,let out
umwelt,environment
vulkan,volcano
gavin,Gavin
bass,bass
management,management
mississippi,Mississippi
positionen,positions
durchschaut,seen through
schwebt,floats
altmodisch,old-fashioned
nachname,last name
schmetterling,butterfly
stärkste,strongest
achtet,pay attention
freies,free
davonkommen,escape
blei,lead
verpflichtung,engagement
mindeste,least
crystal,crystal
neuem,new
lehrte,taught
susie,susie
unheilvolle,ominous
uld,uld
anonym,anonymous
busen,bosom
vorbereitung,preparation
professionelle,professional
aids,AIDS
werwolf,werewolf
ängste,fears
schnellen,fast
städten,cities
agentin,agent
negative,negative
steuerbord,starboard
gesunden,healthy
stier,bull
schwerkraft,gravity
bevorzugen,prefer
lynn,Lynn
stückchen,pieces
bonus,bonus
finanzielle,financial
relativ,relative
knurren,growl
crawford,Crawford
taschenlampe,flashlight
streben,strive
flieht,flees
lebenslauf,CV
gretchen,Gretchen
arbeitgeber,employer
aufhörst,you stop
illegalen,illegal
meiden,avoid
aufwecken,wake
selbstvertrauen,self-confidence
schülerin,student
mieses,lousy
defekt,defect
atlanta,Atlanta
zurückkam,came back
enthalten,contain
verleihen,lend
valerie,Valerie
bandit,bandit
dramatisch,dramatic
zeitschrift,magazine
festnahme,arrest
wachmann,guard
klugscheißer,know-it-all
versammeln,gather
platzt,bursts
suspendiert,suspended
auftreiben,find
angemeldet,logged in
sicherzustellen,to ensure
großartiges,great
never,never
durchsage,announcement
käpt,captain
rücksitz,rear seat
fersen,heels
herbringen,bring here
madrid,Madrid
behältst,retain
lud,invited
reddington,reddington
rauszufinden,to find out
rauschen,rush
woody,woody
flynn,flynn
glückstag,lucky day
blas,blow
günstig,cheap
heimweg,way home
gerald,Gerald
träumst,dreaming
blinde,blind
pärchen,couple
bon,bon
belasten,burden
weigern,refuse
reihenfolge,sequence
turk,Turk
zugesehen,watched
geheimes,secret
unverschämt,outrageous
seltene,rare
donovan,donovan
welpen,puppies
gottverdammte,goddamn
costa,Costa
shirley,Shirley
schweiß,welding
cash,cash
ameisen,ants
tickt,ticks
pope,pope
neger,negr
sterling,sterling
lebenslänglich,life sentence
ausgaben,expenditure
toiletten,toilets
starte,start
vielmehr,rather
gate,gate
julio,Julio
wildes,wild
anstalt,institution
schildkröte,tortoise
munter,lively
lehnen,lean
frucht,fruit
clayton,clayton
sheriffs,sheriffs
abknallen,shoot
kerlen,guys
aufsuchen,visit
seide,silk
schwamm,sponge
verläuft,goes
beethoven,Beethoven
litt,litt
vorsprechen,audition
leibwächter,bodyguard
qualen,torments
erhielten,received
verarbeiten,process
resultat,result
rausbringen,release
gestochen,stung
zurückzahlen,pay it back
ernsthafte,serious
mount,mount
stiefvater,stepfather
bauten,built
gelingen,succeed
senior,senior
mo,mo
exemplar,copy
andré,André
zero,zero
zuzuhören,to listen
arbeitsplatz,workplace
gregory,Gregory
dinosaurier,dinosaur
matratze,mattress
fies,nasty
bänder,ribbons
taktik,tactics
unfälle,accidents
robby,Robby
punkten,points
abgelegt,filed
tätig,employed
belohnt,reward
grube,pit
stevie,Stevie
bewirken,effect
künstlerin,artist
gerochen,smelled
präsidentin,president
andreas,andreas
zwecklos,pointless
drehst,turn
blinden,blind
laurie,Laurie
wendet,turns
daily,daily
adern,veins
lo,lo
mittagspause,lunch break
break,break
ähnliche,similar
veranstaltung,event
entschluss,decision
regiment,regiment
stoß,shock
gesichtet,sighted
grundlage,basis
vorgehensweise,procedure
corporal,corporal
impuls,pulse
südamerika,South America
passagier,passenger
pub,pub
unterscheidet,differs
marquis,marquis
schluß,ending
mayday,Mayday
lesbe,lesbian
nötigen,necessary
gegenleistung,consideration
raubüberfall,robbery
hirsch,deer
hayes,hayes
kondom,condom
flirten,flirt
georges,Georges
vorläufig,provisional
verweigern,refuse
leinwand,canvas
wimmert,whimpers
schurken,villains
verdeckt,hidden
stopfen,plug
brenda,Brenda
verträge,contracts
alaska,Alaska
portland,Portland
komitee,committee
verarschst,fooled
eingreifen,intervention
korrigieren,correct
söldner,mercenary
übereinstimmung,accordance
becca,Becca
kostüme,costumes
stripperin,stripper
ratschlag,advice
ärgert,annoys
inmitten,in the midst of
geprügelt,beaten
simmons,Simmons
unteren,lower
ragnar,Ragnar
berühmter,famous
knabe,boy
ida,Ida
galt,was
kiki,kiki
brichst,break
schlauch,hose
phantastisch,fantastic
abgeschossen,shot down
saint,saint
rückt,moves
elender,wretched
eingedrungen,penetrated
denjenigen,those
speed,speed
inseln,islands
räumt,clears
spucken,spit
durchstehen,endure
bruderschaft,brotherhood
säcke,bags
geknackt,cracked
investition,investment
auktion,auction
drängt,urges
maß,measure
gabst,gave
geahnt,suspected
want,want
eingeschaltet,turned on
gebildet,educated
ernie,Ernie
benötige,I need
modern,modern
frankenstein,Frankenstein
funktionierte,worked
geparkt,parked
sven,Sven
magier,magician
belassen,leave
physik,physics
sound,sound
wechselt,changes
pier,pier
gedeckt,covered
ursprung,origin
kehrte,returned
albträume,nightmares
latein,Latin
mandant,client
männlichen,male
point,point
orgasmus,orgasm
substanz,substance
starrt,stares
zart,tender
tierarzt,vet
verflixt,darn it
mexico,Mexico
ministerium,ministry
kleben,stick
brick,brick
attacke,attack
verbinde,connect
bereitschaft,readiness
eingriff,intervention
tokyo,Tokyo
anordnung,arrangement
schwächer,weaker
ausgetauscht,exchanged
seemann,sailor
verkünden,announce
vögelchen,little birds
plans,plans
sheridan,Sheridan
meintest,you meant
kaltes,cold
verbiete,forbid
anvertraut,entrusted
klappern,rattle
perspektive,perspective
mysteriöse,mysterious
klatschen,clap
martinez,Martinez
dachboden,attic
signor,signor
festplatte,hard drive
partie,party
einlassen,let
mühle,mill
geistern,ghosts
abzuhalten,to prevent
häh,Huh?
peitsche,whip
hinreißend,delightful
chelsea,Chelsea
identisch,identical
ergriffen,seized
benutz,use
feuert,fires
notwehr,self-defense
halluzinationen,hallucinations
fitz,fitz
weibchen,female
einzusetzen,to use
auserwählt,selected
anschließend,afterward
auszuschalten,to turn off
zac,zac
würmer,worms
verzichte,do without
silvester,New Year's Eve
direkten,direct
letztlich,ultimately
schwindler,swindler
kavallerie,cavalry
zerstörte,destroyed
atlantic,Atlantic
geistig,mental
reingefallen,fell for it
annika,Annika
archiv,archive
unheil,disaster
schlugen,struck
arrow,arrow
kapsel,capsule
derart,such
kopenhagen,Copenhagen
reines,pure
mythos,myth
eigentliche,actual
benachrichtigen,notify
hicks,hiccups
langeweile,boredom
perfekter,perfect
wunderschöner,beautiful
ansichten,views
winzige,tiny
taugt,is suitable
übergabe,handover
chemikalien,chemicals
mae,mae
gemeinsames,joint
mountain,mountain
wiederum,again
interpol,Interpol
marihuana,marijuana
deckel,lid
höhlen,caves
bearbeiten,edit
versehentlich,inadvertently
bilde,form
erklärungen,explanations
grinsen,grin
räder,wheels
deaktivieren,deactivate
vergebt,forgive
beerdigt,buried
ramon,Ramon
verschwiegen,concealed
vorausgesetzt,provided
warmen,warm
bewaffnete,armed
verlier,lose
schreck,scare
vollbracht,accomplished
vorbeischauen,stop by
korruption,corruption
flogen,flew
bewirkt,causes
psychopath,psychopath
amigo,amigo
körperliche,physical
gegenmittel,antidote
werkzeuge,tools
schwiegersohn,son-in-law
erfahre,learn
nackten,naked
hervorragende,excellent
matthews,Matthews
blauer,blue
exzellent,excellent
geschmissen,thrown
unendliche,infinite
fortsetzung,continuation
leichten,light
vergrößern,enlarge
klempner,plumber
enger,narrower
verdiente,earned
dead,dead
jap,yep
anhaben,wear
beziehen,relate
lire,lire
strecken,stretch
valentinstag,Valentine's Day
kompass,compass
einmalige,unique
lücke,gap
dc,dc
eilt,urgent
ironisch,ironic
gabel,fork
geschmeichelt,flattered
scham,shame
unbesorgt,carefree
regal,shelf
wegbringen,take away
anrichten,to arrange
dosen,cans
alma,alma
bluse,blouse
hupt,honks
unfug,mischief
facebook,Facebook
ausschlag,rash
anrufst,call
lächle,smile
studentin,student
krug,jug
abfahrt,departure
verbrechens,crime
steigst,climb
tugend,virtue
entkommt,escapes
offiziellen,official
befreiung,liberation
herkomme,where I come from
komödie,comedy
gebot,bid
wimmelt,teeming
geschäften,shops
dreißig,thirty
irina,Irina
helfer,helper
sasha,Sasha
auspacken,unpacking
marilyn,Marilyn
sklavin,slave
unterschreibe,sign
braunen,tan
hengst,stallion
übertreibst,you're exaggerating
gratulation,Congratulations
baustelle,construction site
draper,draper
dracula,Dracula
spontan,spontaneous
nord,north
führ,lead
enorm,enormous
jugendliche,youth
grafen,counts
daraufhin,thereupon
gestohlenen,stolen
mitgemacht,participated
boys,boys
ausweise,ID cards
allan,allan
werke,factories
valentine,Valentine
kurzfristig,short term
vivian,Vivian
felicity,felicity
menschenleben,human lives
ausgestellt,exhibited
finanziert,financed
tanya,tanya
eingebildet,conceited
kolonien,colonies
vorgefallen,happened
jage,hunt
faith,faith
evakuierung,evacuation
aufteilen,divide
hysterisch,hysterical
kooperation,cooperation
verwechseln,confuse with
massage,massage
ernannt,appointed
pauline,Pauline
verbirgt,hides
signore,signore
bedauerlich,regrettable
hinkriegen,manage it
angezündet,lit
baten,asked
angezeigt,displayed
gesunken,sun
beging,began
pisse,piss
wusstet,knew
stattfindet,takes
anrief,called
jr,jr
beruht,is
außergewöhnliche,extraordinary
springe,jump
ups,Oops
kostete,cost
dämliche,stupid
vieler,many
geschluckt,swallowed
vinnie,vinnie
rande,edge
paulie,Paulie
wilhelm,Wilhelm
weiterfahren,continue
say,say
ming,ming
schwindelig,dizzy
sweet,sweet
erlebnis,experience
ärgerlich,annoying
schwanzlutscher,cock sucker
spender,donor
carroll,Carroll
ursprünglichen,original
chirurgen,surgeons
il,il
ohnmacht,fainting
karma,karma
verlasst,leaves
hüften,hips
granate,grenade
nächten,nights
vereinigung,association
brooks,brooks
terrasse,terrace
moran,Moran
rodney,Rodney
pike,pike
haven,Haven
bote,messenger
ausgeflippt,freaky
bürgerkrieg,civil war
kommission,commission
irrt,is wrong
morgengrauen,dawn
auszeichnung,award
tagelang,for days
martini,Martini
gütig,kind
feindliche,hostile
machtlos,powerless
lmmer,lmm
henderson,Henderson
einwände,objections
bernadette,Bernadette
madonna,Madonna
startklar,ready
walsh,Walsh
nottingham,Nottingham
subbed,subbed
forscher,researchers
verdreht,twisted
veränderte,changed
privatdetektiv,private detective
keen,keen
vernünftige,reasonable
doll,doll
verantworten,to be responsible
herumlaufen,walk around
tödlichen,deadly
passte,fit
bones,bones
giovanni,Giovanni
predigt,sermon
gehörten,belonged
sinnen,senses
sonntags,Sunday
greta,Greta
senor,senor
verstärkt,reinforced
gesprengt,blown up
elektrizität,electricity
kuckuck,cuckoo
kostenlos,for free
tuck,tuck
fünfzig,fifty
server,server
unterhose,underwear
aufzeichnung,recording
profitieren,benefit
schaufel,shovel
herkam,came from
butch,butch
bund,federal
chinese,Chinese
anschluss,connection
erwecken,awaken
rauben,rob
stieß,encountered
behörde,authority
aneinander,next to each other
beugen,bend
vernichtung,destruction
reinkommt,comes in
hydra,Hydra
phänomen,phenomenon
wachtmeister,sergeant
anonymen,anonymous
dawson,Dawson
josé,José
milton,Milton
liu,liu
weiser,wiser
ausgestiegen,got off
türken,Turks
kramer,chandler
vertuschen,cover up
fahrzeuge,vehicles
janice,Janice
errichten,erect
sauerei,mess
drohne,drone
solo,solo
milliarde,billion
monitor,monitor
österreich,Austria
haha,Ha-Ha
gingst,went
naht,seam
vase,vase
ausgenutzt,exploited
oswald,Oswald
verlorenen,lost
beschützer,protector
hochzeiten,weddings
begrüße,welcome
finanzen,finances
ähnelt,similar
dulden,tolerate
erzählten,told
ausgelassen,omitted
schlägerei,brawl
schluchzen,sob
stockholm,Stockholm
winde,winds
rupert,Rupert
börse,stock exchange
angerührt,stirred
sekretär,secretary
italienische,Italian
papas,dads
einlegen,insert
extreme,extreme
störungen,disturbances
vertrete,represent
where,where
kritisch,critical
item,item
belastet,charged
manuela,Manuela
angemacht,turned on
montana,Montana
brannte,burned
hu,hu
schleppen,tow
vorsitzende,chairperson
gefüttert,fed
neapel,Naples
ballett,ballet
mengen,quantities
begleichen,settle
eliminieren,eliminate
allgemeinen,general
bösewicht,villain
gierig,greedy
folgst,follow
pudding,pudding
zielperson,target person
ausflippen,freak out
flüchtlinge,refugees
objekte,objects
bewege,move
angehörigen,relatives
stützpunkt,base
lebensform,form of life
evolution,evolution
romantik,romance
raushalten,stay out
joint,joint
abgewiesen,rejected
place,place
ärzten,doctors
verführt,seduced
rumsitzen,sitting around
gegeneinander,against each other
charly,Charly
läufer,runner
rauskriegen,find out
verspätet,delayed
wäscht,washes
bettler,beggar
adama,adama
strahlen,radiate
schlagzeilen,headlines
verstärken,strengthen
briefkasten,mailbox
bislang,so far
zerschlagen,smashed
thailand,Thailand
verständigen,communicate
instrumentalmusik,instrumental music
schuldgefühle,Feelings of guilt
absturz,crash
gestehe,confess
lebensformen,life forms
geritten,ridden
wurdet,were
rudel,pack
beamter,official
möchtet,would you like
umzug,move
abzuhauen,to escape
ansteckend,contagious
bedrohen,threaten
rast,rest
heizung,heating
spanische,Spanish
blinder,blind
wahrlich,truly
erschüttert,shaken
terror,terror
verwirren,confuse
betrag,amount
meisterwerk,masterpiece
apachen,Apache
gescheitert,failed
änderungen,changes
jupiter,Jupiter
biene,bee
bridget,bridget
bedauere,I regret
verarsch,scam
grandma,grandma
begeisterung,enthusiasm
berufen,appointed
riskiere,risk
aufprall,impact
ausschließlich,exclusively
provozieren,provoke
anmachen,turn on
oui,oui
limousine,limousine
wachsam,vigilant
bindung,binding
höflichkeit,courtesy
vorwerfen,accuse
zeilen,lines
durchzuführen,to perform
eingeschlagen,hit
zigeuner,gypsy
neuanfang,new beginning
empfängt,receives
handschuh,glove
mordkommission,homicide squad
log,log
gastgeber,host
diente,served
bug,bug
ausnahmsweise,exceptionally
geige,violin
creek,creek
mehl,flour
verärgern,annoy
obhut,care
jensen,Jensen
hässlichen,ugly
insbesondere,in particular
ren,ren
vermitteln,convey
banks,banks
hauptrolle,main role
schweigt,remains silent
gotham,Gotham
abscheulich,abhorrent
vorhanden,available
istanbul,Istanbul
ecken,corners
geguckt,watched
chefs,chefs
wehtut,hurts
entwurf,draft
phantasie,imagination
orchester,orchestra
bedacht,thoughtful
vorgesetzter,superior
hinterkopf,back of head
charming,charming
verschwende,waste
elektrischen,electric
industries,industries
niedergeschlagen,depressed
schichten,layers
finanzieren,finance
jazz,jazz
joy,joy
magazine,magazine
bezeugen,witness
sandwiches,sandwiches
kapieren,understand
millionär,millionaire
gaby,gaby
verrotten,rot
kang,kang
winzigen,tiny
halts,halts
drohte,threatened
fernbedienung,remote control
begabt,gifted
zurückbekommen,get back
abreißen,tear down
häschen,bunny
auszugehen,to assume
gebäudes,building
galaxien,galaxies
vulkanier,Vulcans
warteten,wait
verzeihe,forgive
sozialen,social
page,page
gardner,Gardner
unzählige,countless
eindringling,intruder
angeben,indicate
nasa,NASA
häftling,prisoner
perle,pearl
genieß,enjoy
vorwurf,accusation
hughes,hughes
beteiligung,participation
absoluter,absolute
heitere,cheerful
jedesmal,every time
stadion,stadium
umarmt,embraced
schurke,villain
element,element
beckett,beckett
nebenwirkungen,side effects
weht,blowing
männchen,male
rührend,touching
lustiges,funny
powell,Powell
please,please
haue,hit
schriftlich,in written form
lachend,laughing
adressen,addresses
abzulenken,to distract
schnarchen,snoring
salvatore,Salvatore
starling,starling
cox,cox
trennt,separates
häuschen,cottage
dreizehn,thirteen
bindet,binds
staunen,marvel
evakuiert,evacuated
kit,kit
gutmachen,do well
engagieren,engage
kapital,capital
verwendung,use
besaß,owned
gewillt,willing
belästigung,harassment
blutungen,bleeding
edle,noble
hacker,hacker
vorschuss,advance
fäden,threads
cents,cents
wagner,wagner
teich,pond
anliegen,issue
donuts,donuts
abu,Abu
tonne,tonne
ermöglichen,make possible
dimension,dimension
stinken,stink
trauzeuge,best man
bitch,bitch
irrenhaus,madhouse
hartes,hard
bestechen,bribe
lu,lu
gemeiner,common
dj,dj
global,global
anstoßen,to initiate
zahnbürste,toothbrush
aufziehen,wind up
antwortete,answered
belastung,burden
jaja,yeah
sentimental,sentimental
yep,yep
sammle,collect
gehirnerschütterung,concussion
captains,captains
grosser,large
einsamen,lonely
joel,joel
austauschen,exchange
samt,velvet
installiert,installed
hobbs,hobbs
cynthia,Cynthia
gerry,Gerry
eingegangen,received
weitem,far
wänden,walls
bunny,bunny
örtlichen,local
bewaffneten,armed
handtücher,towels
weggefahren,drove away
aufwachsen,grow up
erreichbar,reachable
eingereicht,submitted
pony,pony
patronen,cartridges
zustoßen,happen
fortgehen,depart
blutbad,bloodbath
business,business
unberechenbar,unpredictable
stapel,stack
fügen,add
nervensäge,annoying person
sayid,sayid
einzugehen,to enter
dawn,dawn
lime,lime
lightman,lightman
zugrunde,underlying
ausschließen,exclude
erhoben,raised
arbeitszimmer,study
medium,medium
verschonen,spare
versteckten,hidden
erforderlich,necessary
sende,send
phillips,Phillips
abgestellt,parked
dänemark,Denmark
wissenschaftliche,scientific
auslöser,trigger
borgia,Borgia
trudy,trudy
zähl,count
gegenstände,objects
steinen,stones
umhang,cape
psychologie,psychology
cyril,Cyril
täuschung,illusion
schwur,oath
wasche,wash
schwor,swore
iren,Irish
künstliche,artificial
vollem,full
unterschiedlich,different
schwägerin,sister-in-law
hungern,starving
autoschlüssel,car key
lesbisch,lesbian
beklagen,complain
qualifiziert,qualified
versiegelt,sealed
paddy,Paddy
architekt,architect
präsentation,presentation
moss,moss
plage,plague
verhafte,arrest
wahlen,choose
ließe,let
betritt,enters
crack,crack
konntet,could
alexis,alexis
phantom,phantom
verspricht,promises
tragt,carries
mehrheit,majority
abflug,departure
angaben,declarations
zigarren,cigars
seuche,epidemic
verbringst,spend
latte,bar
verbraucht,consumed
monatelang,for months
schließfach,locker
aufstieg,ascent
interviews,interviews
erkältung,a cold
perverser,perverted
durchatmen,breathe
schuf,created
nonnen,nuns
direkte,direct
erstellt,created
banane,banana
behälter,container
beraubt,robbed
reid,reid
stockwerk,floor
behandelst,treat
abstimmen,vote
haushälterin,housekeeper
fassung,version
unterschätzen,underestimate
lebensunterhalt,livelihood
gedrängt,urged
basil,basil
anwenden,apply
übernahm,took over
gange,going
pretty,pretty
polizeichef,police chief
verbietet,prohibits
leckt,leaks
brei,porridge
tapferkeit,bravery
integrität,integrity
unterhosen,underwear
vergiß,forget
schämst,are ashamed
wat,wat
dates,dates
vorgenommen,performed
befassen,deal
bananen,bananas
gesichtsausdruck,facial expression
festzuhalten,to be held
bälle,balls
leitungen,pipes
juliet,Juliet
alain,alain
desaster,disaster
sky,Sky
gleichgültig,indifferent
bekämpft,fights
verschwanden,disappeared
iran,Iran
übe,practice
benutzten,used
technische,technical
becken,pool
aufwärmen,warm up
power,power
löse,solve
alvarez,alvarez
feindes,enemy
ausgestattet,equipped
mei,my
kreislauf,cycle
company,company
plätzchen,cookie
moralische,moral
anschein,apparently
scotland,Scotland
aktivität,activity
kondome,condoms
danielle,Danielle
deaktiviert,disabled
talentiert,talented
friss,eat
suzanne,Suzanne
jugendlichen,youth
callie,callie
beruhigend,reassuring
gehirns,brain
imperium,imperium
scheußlich,hideous
senken,reduce
theresa,Theresa
idiotisch,idiotic
erika,Erika
ty,ty
unabhängigkeit,independence
reparatur,repair
portion,portion
maureen,Moors
jüngere,younger
zeus,Zeus
begehrt,highly sought after
zerreißen,tear
nummernschild,license plate
interessiere,I am interested
moe,moe
lagern,store
insassen,inmates
freiem,free
endes,end
crusher,crusher
kurier,courier
nils,Nils
streichhölzer,matches
roosevelt,Roosevelt
verlegenheit,embarrassment
peterson,Peterson
biegen,bend
runterkommen,come down
hingegen,however
ira,ira
derer,whose
olsen,Olsen
people,people
liefere,deliver
ohrringe,earrings
space,space
bekomm,get
cherry,Cherry
senf,mustard
unterwelt,underworld
druckmittel,pressure means
rutsch,slide
gönnen,treat
zeugs,stuff
lina,Lina
förmlich,formally
geschmeckt,tasted
emil,Emil
geschwätz,chatter
mithalten,keep up
bull,bull
hebel,lever
partnerschaft,partnership
verstößt,violates
angewohnheit,habit
gottverdammten,goddamn
bartowski,Bartowski
sympathisch,friendly
angeber,show-off
hinsehen,look
misstrauen,distrust
produzenten,producers
lost,lost
konsul,consul
gattin,wife
tapferen,brave
verfickten,fucking
säubern,clean
fels,rock
konversation,conversation
spätestens,at latest
nanny,nanny
norwegen,Norway
geputzt,cleaned
entzug,withdrawal
fürchtete,feared
lose,Loose
salut,greetings
vermittlung,mediation
streiche,paint
andrews,andrews
schweben,float
einhalten,retain
starrst,stare
schwarm,swarm
waffenstillstand,armistice
zuverlässig,reliable
kauen,chew
traurigen,sad
stinkst,You stink
reste,leftovers
aufgeräumt,tidied up
anständigen,decent
entdeckten,discovered
roms,roms
garde,guard
puh,phew
bordell,brothel
morphium,morphine
zitrone,lemon
surfen,surfing
schonen,protect
wundervollen,wonderful
einsehen,view
füllt,fills
stewart,Stewart
armstrong,Armstrong
norris,norris
mitteilung,notice
sklaverei,slavery
expedition,expedition
schlösser,locks
graue,grey
aufzustehen,to get up
kasino,casino
cocktail,cocktail
traurigkeit,sadness
formular,form
sorgerecht,custody
buffy,Buffy
unsichtbare,invisible
einzeln,individually
aktionen,actions
kippen,tip over
komiker,comedian
rektor,rector
sicherzugehen,to be sure
alliierten,allied
italienischen,Italian
russe,Russian
bemerkung,remark
tipps,tips
erziehen,educate
anhand,based
galgen,gallows
schwiegervater,father-in-law
durchdrehen,go crazy
dastehen,stand there
depression,depression
jüdischen,Jewish
wiege,cradle
übergeschnappt,gone crazy
teuren,expensive
frustriert,frustrated
gewettet,bet
nikita,Nikita
ehrlicher,honest
zitat,quote
elaine,Elaine
unterstütze,support
edwards,Edwards
entschuldigst,excuse me
übernimm,take over
zugeteilt,allocated
gefällig,please
hüter,guardian
tassen,cups
öde,boring
jade,jade
vorstellungsgespräch,job interview
reiben,rub
vage,vague
strauss,bouquet
runtergefallen,fell down
erwürgt,strangled
taufe,baptism
zuschauen,watch
weiterhelfen,help
freundliche,friendly
merci,thank you
barrett,Barrett
unschuldiger,innocent
einbrechen,break in
entkam,escaped
foreman,foreman
marseille,Marseille
jeweils,respectively
kaliber,caliber
grausame,gruesome
aufgezeichnet,recorded
ausfüllen,fill out
kaiserin,empress
respektlos,disrespectful
sprüche,sayings
intensiv,intensive
reserve,reserve
potenzial,potential
damm,dam
verdoppeln,double
privileg,privilege
nachdenke,think
wochenlang,for weeks
louie,louie
madeleine,Madeleine
erfährst,you will learn
pervers,perverse
verlockend,tempting
zwing,compulsion
küsste,kissed
beobachter,observer
kandidat,candidate
malley,malley
bankrott,bankrupt
lautlos,silent
pfadfinder,scout
adoptieren,adopt
misch,mix
karton,cardboard
vetter,cousin
mieter,renter
investoren,investors
befiehlt,commands
panama,Panama
notarzt,emergency doctor
pariser,Parisian
gehorcht,obeyed
küstenwache,coast guard
schlucht,canyon
ergab,resulted
römische,Roman
rück,back
fã,fa
untertitelung,subtitles
candy,candy
aktuellen,current
zeugenstand,witness stand
zwecke,purposes
genäht,sewn
dutch,Dutch
allgemein,generally
speer,spear
jerome,Jerome
eröffnung,opening
gedemütigt,humiliated
feindlichen,hostile
ausmaß,extent
jüngeren,younger
celia,Celia
ferengi,ferengi
ablaufen,expire
motherfucker,motherfucker
kakao,cocoa
erwachen,awakening
halfen,helped
abgehalten,held
einzuladen,to invite
angepasst,adjusted
eden,Eden
kat,cat
countdown,countdown
saugen,suck
hypothek,mortgage
marmelade,jam
göttliche,divine
zimmerservice,room service
soziale,social
prag,Prague
veranlasst,caused
themen,topics
schwangere,pregnant
streife,patrol
übler,worse
einbringen,contribute
ermordete,murdered
wdr,WDR
teilnehmer,participant
colt,Colt
schlicht,simply
furchtbares,terrible
freaks,freaks
sonnenbrille,sunglasses
änderung,the change
marko,Marco
errichtet,erected
dude,dude
bedienung,operation
nachgehen,pursue
leidenschaftlich,passionate
anhört,sounds
beider,at the
passende,suitable
ausbrechen,break out
ausprobiert,tried
geschätzt,estimated
virgil,Virgil
spezialeinheit,special unit
zusammenleben,living together
erweitern,expand
sultan,sultan
ingrid,Ingrid
verfallen,expire
gefällst,do you like it
ausserdem,aside from that
gleicht,similar
westlich,west
stiefmutter,stepmother
standard,standard
meldete,reported
scharfschützen,snipers
frachter,freighter
gewöhnlichen,ordinary
verriegelt,locked
ziegen,goats
sichtkontakt,visual contact
hinbekommen,manage
bianca,Bianca
arrest,Arrest
ausrauben,rob
zärtlich,tender
aufgebrochen,broken
zugefügt,added
studiere,study
zurückzuholen,to recover
gemeine,common
gisborne,Gisborne
unübersetztes,untranslated
elektrische,electric
dalton,Dalton
buffalo,buffalo
fish,fish
aufreißen,tear open
engen,narrow
währenddessen,meanwhile
johan,johan
auskommen,get by
weitaus,far
hingeht,goes there
hingebracht,brought
plaza,plaza
außerordentlich,extraordinary
wes,wes
märtyrer,martyr
design,design
missverstanden,misunderstood
verwundeten,wounded
slim,slim
anfängst,you begin
freya,Freya
magnus,magnus
zaubern,conjure
öfters,more often
probiere,try
schuldigen,guilty
jahrestag,anniversary
aufträge,orders
fliegende,flying
aufgeht,opens
feiertage,holidays
leichenhalle,morgue
reichte,was enough
anzuziehen,to put on
scheren,shears
beschwingte,lively
giftig,poisonous
langley,Langley
wanze,bug
neid,envy
komplex,complex
hingekriegt,managed it
hintergangen,deceived
anständiger,decent
beschissenes,shitty
spurensicherung,evidence collection
unverständliche,incomprehensible
base,base
merkwürdiges,strange
schicksals,fate
spitznamen,nicknames
sorgte,caused
temperament,temperament
demonstration,demonstration
begrenzt,limited
produkte,products
pflaster,pavement
dämlichen,stupid
handvoll,handful
uno,U.N
totes,dead
stationiert,stationed
beschämt,ashamed
kaisers,emperors
nazi,Nazi
slade,Slade
poltern,rumbling
kampfes,battle
keuchen,panting
te,te
drittens,thirdly
leroy,leroy
aussetzen,suspend
lorenzo,Lorenzo
dingern,things
coolen,cool
backbord,port
betrinken,get drunk
pfeile,arrows
georgie,georgie
patricia,Patricia
fettsack,fatso
drohnen,drones
atemzug,breath
harbor,harbor
ewigkeiten,eternities
fraß,ate
seins,his
tische,tables
spart,saves
truhe,chest
gereinigt,cleaned
auflösen,dissolve
lob,praise
marina,marina
vermieten,rent
harmonie,harmony
quält,torments
nell,nell
erscheinung,appearance
haustier,pet
impfstoff,vaccine
wahrhaftig,truthfully
selig,blessed
unmögliche,impossible
bange,anxious
packung,pack
kristall,crystal
groll,resentment
andeuten,suggest
abheben,lift up
auskunft,information
hereinkommen,come in
erzähler,teller
krankenhäuser,hospitals
puste,blow
anzahlung,down payment
atombombe,atomic bomb
widerfahren,happened
herbei,come
strenge,strict
adrenalin,adrenaline
stacy,Stacy
yakuza,yakuza
genauen,exact
friedens,peace
empfindest,feel
monika,Monika
nahezu,almost
sehn,see
hausfrau,housewife
zeitmaschine,time machine
papagei,parrot
cruz,Cruz
aßen,ate
östlich,east
gewissermaßen,in a way
kleinere,smaller
völker,peoples
angucken,look
stiles,stiles
nuss,nut
auswählen,choose
weiblich,female
prediger,preacher
piept,beeps
edlen,noble
umfeld,environment
gallagher,Gallagher
voreilig,premature
gesamtes,entire
alternativen,alternatives
aufsteigen,ascend
komplikationen,complications
freigegeben,released
heuchler,hypocrite
poirot,Poirot
otis,otis
santiago,Santiago
sadie,sadie
fahrkarte,ticket
blutest,blood
hergeschickt,sent here
lehrt,teaches
halskette,necklace
kopfgeld,bounty
stattgefunden,took place
odysseus,Odysseus
kleinigkeiten,small things
romulaner,Romulan
samson,Samson
diskutiert,discussed
großeltern,grandparents
privates,private
unruhe,unrest
triumph,triumph
militärischen,military
imstande,able
nadeln,needles
matrosen,sailors
übergebe,hand over
geschäftspartner,business partner
überlebte,survived
unordnung,disorder
technischen,technical
entzückt,delighted
prophet,prophet
wegrennen,run away
speisen,meals
verfügen,have
ampel,traffic light
horror,horror
klarheit,clarity
losfahren,drive
behandle,treat
brendan,Brendan
alias,alias
gequält,tormented
skipper,skipper
aufführung,performance
horst,horst
gefangenschaft,captivity
trefft,meets
besserung,improvement
hinteren,rear
blues,blues
kleinsten,smallest
viper,viper
wyatt,wyatt
geflüchtet,fled
weck,wake
auffallen,stand out
zurückverfolgen,trace
sonnenlicht,sunlight
antwortest,you answer
umweg,detour
copyright,copyright
mina,Mina
dunham,Dunham
ichs,I ... it
industrie,industry
zurückhaben,have back
verfügt,has
cafeteria,cafeteria
ops,ops
einmalig,unique
gering,small amount
strafen,punish
bloßen,mere
gründer,founder
gucke,look
zusammenbleiben,stay together
tabu,taboo
siebten,seventh
gereizt,irritated
träger,carrier
vergewaltiger,rapist
sonderbar,strange
haupt,main
reduzieren,reduce
frederick,Frederick
astronauten,astronauts
wiese,meadow
chili,chili
mitbewohnerin,flatmate
verhandelt,negotiated
hoffman,Hoffman
ankamen,arrived
wiehern,neigh
bewegte,moved
siehe,see
verrätst,will you reveal
game,game
trauriger,sad
journalistin,journalist
gestolpert,tripped
anflug,approach
berechnungen,calculations
effektiv,effective
eingepackt,packed
zerbricht,breaks
ernten,harvest
handelte,acted
einsamer,lonely
shoppen,shopping
schnecke,snail
wohlstand,prosperity
ausgesagt,testified
chemische,chemical
kaviar,caviar
anteile,shares
befreie,free
kassieren,collect
kraftfeld,force field
hochwürden,Reverend
lopez,Lopez
heissen,be called
vorstrafen,criminal record
lampen,lamps
kündigung,termination
auszudrücken,to express
roch,smelled
america,America
hindernis,obstacle
abläuft,expires
hü,hü
komma,comma
malt,paints
woman,woman
festland,mainland
täuscht,is deceptive
scylla,scylla
clan,clan
tapferer,brave
weaver,weaver
pumpen,pump
neville,neville
analysiert,analyzed
vermieter,landlord
aufgerissen,torn open
ausweichen,evade
gefährliches,dangerous
bräute,brides
titelseite,front page
geschöpf,creature
shanghai,Shanghai
starr,rigid
mitgeteilt,notified
adele,Adele
umgeht,bypasses
intersect,intersect
unversehrt,unharmed
falten,fold
rückgrat,backbone
stalin,Stalin
schrieben,wrote
homo,homo
season,season
zuzugeben,to admit
immunität,immunity
ziemliche,quite
schwiegermutter,mother-in-law
enorme,enormous
abgeht,departs
haie,sharks
zivilisationen,civilizations
dämlicher,stupid
rechne,calculate
non,no
dee,de
schiffs,ship
verein,association
addison,Addison
dora,dora
gästezimmer,guest room
fernen,distant
linus,Linus
aufruf,call
hingehört,belongs
einfangen,capture
scharfen,sharpen
ka,ka
heinz,Heinz
seen,seen
eule,owl
ching,ching
klima,climate
sicherung,fuse
abzeichen,badge
springfield,springfield
tick,Tick
backe,jaw
diskretion,discretion
glaubens,faith
territorium,territory
klientin,client
empfunden,felt
bestell,order
einkommen,income
nervig,annoying
gehirne,brains
umgedreht,reversed
monte,monte
boulevard,boulevard
depressiv,depressed
verantwortlichen,responsible
vorkommt,occurs
lästig,annoying
comics,comics
country,country
befördern,promote
entscheidend,decisive
erreiche,reach
fix,fix
verklagt,sued
urteilsvermögen,discernment
hamlet,hamlet
kümmerte,cared
gräber,graves
mönche,monks
zäh,tough
grill,grill
warfen,threw
kaiserliche,imperial
überprüf,check
cowboys,cowboys
strike,strike
buchanan,Buchanan
streicheln,stroke
fledermaus,bat
schweinerei,mess
buenos,buenos
parks,parks
volles,full
enten,ducks
scheich,sheikh
interne,internal
herausgestellt,highlighted
geschissen,shit
labyrinth,labyrinth
mozart,Mozart
verurteilung,conviction
scarlett,scarlett
klippe,cliff
einberufen,summon
unerhört,outrageous
bäckerei,bakery
terrorismus,terrorism
schmuggeln,smuggle
bereut,regrets
definition,definition
pfeffer,pepper
lenkt,steers
richtungen,directions
ungeschickt,clumsy
schert,shears
bekanntschaft,acquaintance
beschlagnahmt,confiscated
lilli,Lilli
unsterblichkeit,immortality
uhm,uhm
anstrengen,exert
schwindlig,dizzy
gehorsam,obedience
smoking,smoking
feiertag,holiday
crazy,crazy
united,united
gestimmt,voted
bestechung,bribery
bevorzugt,preferred
schnarcht,snores
blonden,blonde
versäumt,missed
überprüfung,examination
schwelle,threshold
studierte,studied
won,won
anomalie,anomaly
vance,vance
notiert,noted
bremse,brake
abbekommen,get
johann,Johann
schöpfung,creation
manuskript,manuscript
weggerannt,ran away
beizubringen,to teach
empfindet,feels
therapeuten,therapists
ausdrücklich,expressly
apokalypse,Apocalypse
ungestört,undisturbed
kahn,boat
weigere,refuse
außenseiter,outsider
dante,Dante
well,well
visiontext,visiontext
zhang,zhang
brothers,brothers
donny,donny
polizeirevier,police station
lyle,lyle
borgen,borrow
abdruck,print
regierungen,governments
kick,kick
autoren,authors
powers,powers
beheben,fix
entziehen,withdraw
unterbrechung,interruption
freud,Freud
sushi,sushi
rezeption,reception
susanne,Susanne
list,list
töricht,foolish
ansiehst,look
typische,typical
spanischen,Spanish
eingelassen,admitted
ziemlicher,quite a lot
wechselgeld,change
überwachungskameras,surveillance cameras
kenneth,Kenneth
louisiana,Louisiana
nahen,sew
getauscht,exchanged
mail,mail
besetzung,occupation
mittelpunkt,center
resultate,results
mischt,mixes
spitzen,peaks
emmett,emmett
erfolgt,is
besorgnis,concern
flachgelegt,laid flat
grandpa,grandpa
wiederkommt,comes again
cyrus,Cyrus
davonlaufen,run away
michaels,Michaels
blondine,blonde
schweinehund,bastard
allerseits,all
verrecken,die
schreibmaschine,typewriter
fußboden,floor
legenden,legends
portal,portal
verbündete,allies
tiefsten,deepest
bars,bars
drückst,press
gorilla,gorilla
hellseher,clairvoyant
yuki,Yuki
aufwachte,woke up
zurückgegeben,returned
missy,missy
ächzen,groan
allmächtiger,almighty
dankt,thanks
verzögerung,delay
auftauchte,appeared
lappen,rag
spitzname,nickname
brenne,burn
verlauf,course
verabschiede,say goodbye
tschüß,bye
sams,Sam's
erreichte,reached
erstaunliche,amazing
zweier,two
parlament,parliament
moriarty,moriarty
philipp,Philipp
liebevoll,lovingly
drehten,turned
geblasen,blown
wisch,wipe
wiegen,weigh
deep,deep
bohren,drill
korridor,corridor
herauskommen,come out
auffliegen,to be exposed
bryce,Bryce
abgang,departure
höchstwahrscheinlich,most likely
herrliche,magnificent
paolo,Paolo
bennet,bennet
ratet,rate
psychiatrie,psychiatry
wärmer,warmer
away,away
dekan,dean
sechsten,sixth
torpedos,torpedoes
monty,monty
zurückzubringen,to return
gunst,favor
verschwendest,waste
drittes,third
versenken,sink
vormachen,demonstrate
gracias,gracias
michigan,Michigan
aufsatz,essay
unterdrückt,suppressed
argentinien,Argentina
falke,hawk
verleiht,lends
erfreuen,enjoy
stadium,stage
höchstpersönlich,in person
gewaltige,enormous
oxford,Oxford
umstellt,changes
feng,feng
reinzukommen,to get in
mörders,murderer
schwört,swears
durchbrechen,break through
sonia,sonia
town,town
deienn,your
erwischte,caught
aufseher,supervisor
nadine,Nadine
schossen,shot
abdrücken,press
hintereinander,one after the other
blanche,blanche
jared,jared
schämt,ashamed
scheißt,shits
reinziehen,pull in
ski,ski
aufwand,expense
gehauen,hit
hiro,Hiro
langweile,boredom
lachte,laughed
entschuldigungen,apologies
gittern,grids
gänge,aisles
carolyn,Carolyn
kratzt,scratches
adios,adios
buchen,book
äußeren,external
nachtschicht,night shift
cary,cary
anfasst,touches
ast,branch
schilling,schilling
su,su
schweinchen,piglets
puff,puff
kochst,cook
hingezogen,attracted
immobilien,property
adoption,adoption
vorrat,stock
adolf,Adolf
chirurgie,surgery
scheidet,separates
winchester,Winchester
absatz,paragraph
massen,masses
äußern,express
bestimme,determine
übernachtet,stayed overnight
gewissheit,certainty
biologische,biological
hei,hei
kompletten,complete
langsame,slow
bird,bird
sonderlich,especially
besessenheit,obsession
exil,exile
bosse,bosses
beunruhigen,worry
notizbuch,notebook
optimistisch,optimistic
losgeht,and go
strick,knitting
frühere,previous
cassidy,Cassidy
ablauf,process
wärest,would be
improvisieren,improvise
cape,cape
schiessen,shoot
onkels,uncles
mikro,micro
eingebrockt,brought this on
abzuschließen,to complete
verschließen,close
katja,Katja
zuversichtlich,confident
lokalisieren,locate
astrid,astrid
großgezogen,raised
treppenhaus,stairwell
rechenschaft,accountability
geschockt,shocked
walzer,waltz
rebellion,rebellion
call,call
constable,constable
penelope,Penelope
aufgespürt,tracked down
rausch,intoxication
vormittag,late morning
schonmal,ever
clint,Clint
andernfalls,otherwise
harriet,Harriet
isolieren,isolate
carolina,Carolina
ätzend,corrosive
verfolgte,pursued
hang,hang
savannah,savannah
mikrofon,microphone
wiehert,neighs
überschreiten,exceed
urin,urine
geschweige,let alone
trent,trent
warner,Warner
schnelles,fast
flugplatz,airfield
zünder,detonator
nachgeben,give in
religiöse,religious
ungarn,Hungary
jody,jody
wiedergeboren,reborn
kulturen,cultures
tell,tell
verwalter,administrator
weiterzumachen,to continue
nachschauen,look
lords,lords
image,image
ash,ash
niko,Niko
gebrauch,use
maximal,maximum
aufgeführt,listed
telefonzelle,phone booth
steuerung,steering
barbaren,barbarians
ruhigen,quiet
verehrer,admirers
legten,laid
scheinwerfer,headlights
aziz,aziz
innern,inside
langweilt,boring
kreativ,creative
death,death
mmh,Hmm
lucia,Lucia
joker,joker
betsy,betsy
entsetzt,horrified
jungfrauen,virgins
europas,Europe's
lehnte,declined
fotografen,photographers
westlichen,western
rodrigo,Rodrigo
plänen,plans
einheimischen,local
metapher,metaphor
fowler,Fowler
knoblauch,garlic
picasso,picasso
eingeweide,guts
heldin,heroine
tattoos,tattoos
blutigen,bloody
putzfrau,cleaning lady
originell,original
gedruckt,printed
que,que
tardis,tardis
zielt,aims
serum,serum
wiedergutmachen,make amends
schauspiel,acting
genf,Geneva
bissen,bite
anfange,begin
wirbel,whirl
therese,therese
witzbold,joker
wale,whales
folgten,followed
zugeschlagen,struck
parfum,perfume
sons,sons
quietscht,squeaks
streifenwagen,patrol car
gelaunt,mood
räum,room
hartnäckig,persistent
erhebe,raise
hayley,hayley
auszusehen,to look
depressionen,depression
schliefen,slept
zeugnis,transcript
rollt,rolls
umarme,hug
à,à
isabel,Isabel
ausgenommen,except
segnen,bless
verübt,committed
schmerzmittel,painkillers
gelockt,lured
leistet,provides
cadillac,Cadillac
sauce,sauce
reiße,tear
buzz,buzz
unterschreib,sign
storm,storm
erhöhe,increase
glücklichste,happiest
florence,Florence
liebenswürdig,amiable
befriedigen,satisfy
erklärst,explain
relevant,relevant
elektronische,electronic
dance,dance
verwaltung,administration
empfänger,recipient
iron,iron
gale,Gael
tagesanbruch,daybreak
lyndsey,Lyndsey
robbins,Robbins
trittst,you
unzufrieden,unsatisfied
vergeblich,vain
juwel,jewel
camelot,Camelot
leichenschauhaus,morgue
begeht,commits
ernährt,fed
pittsburgh,Pittsburgh
gewehrt,defended
henrik,Henrik
leland,Leland
sascha,Sascha
fleming,Fleming
lift,lift
ausüben,exercise
regle,rule
granaten,grenades
heidi,Heidi
erleichtern,facilitate
orangensaft,orange juice
lot,lot
tippen,tap
erfolgreiche,successful
blüht,blooms
ko,ko
pumpe,pump
gelohnt,worthwhile
three,three
löste,solved
lehne,rest
stärksten,strongest
getauft,baptized
blutgruppe,blood type
hinterm,behind
abbiegen,turn
heh,heh
schlinge,loop
diamant,diamond
scht,scht
verschüttet,spilled
verbrannte,burned
bestien,beasts
eyes,eyes
krallen,claws
angestellter,employee
lizzie,Lizzie
gespeichert,saved
wundervoller,wonderful
reduziert,reduced
aufklärung,enlightenment
sprit,fuel
anständiges,decent
aufgeschlitzt,slashed
hingehst,you go
reaktionen,reactions
skinner,skinner
renne,run
spind,locker
double,double
doe,do
verdoppelt,doubled
mittendrin,in the middle
bewältigen,get over
gibson,Gibson
explosionen,explosions
verstummt,silenced
überarbeitet,revised
beschluss,decision
sowjetunion,Soviet Union
machs,do it
jetzigen,current
packst,pack
schiedsrichter,referee
kessel,boiler
pennsylvania,Pennsylvania
maxwell,maxwell
columbia,Columbia
weitergeben,pass along
marcy,Marcy
berechnen,calculate
debra,debra
bewegst,move
ausgänge,exits
putz,cleaning
dialog,dialog
mitgekommen,came along
antibiotika,antibiotics
tomas,tomas
basta,That's it.
erweckt,awakens
überstürzen,rush
haarschnitt,haircut
drive,drive
marionette,marionette
vermächtnis,legacy
appartement,apartment
fantasien,fantasies
herausfand,discovered
zusammengearbeitet,collaborated
salt,salt
sehne,tendon
gesindel,rabble
behaltet,keep
eingefangen,captured
eliot,Eliot
buy,buy
gewohnheiten,habits
blühen,bloom
stellvertreter,deputy
simpel,simple
überquert,crossed
aufbewahren,store
beschreibt,describes
überfordert,overwhelmed
unterdrücken,suppress
sätze,sentences
tausendmal,a thousand times
armeen,armies
memphis,Memphis
baust,build
friedliche,peaceful
brücken,bridges
vergeudet,wasted
strahl,beam
fickst,fucks
nash,nash
beschuss,bombardment
kreuzen,cross
besetzen,occupy
simulation,simulation
rolf,rolf
ketchup,ketchup
darryl,Darryl
link,link
fuller,filler
fürchtest,fear
zeh,toe
off,off
irgendjemandem,anyone
solide,solid
belgien,Belgium
ausschuss,committee
getraut,daring
unbesiegbar,invincible
missbrauch,abuse
abtreibung,abortion
häufiger,more often
ehering,wedding ring
handwerk,craftsmanship
tapfere,brave
rettest,rescue
systems,systems
edler,noble
idiotin,idiot
willens,willing
notwendigkeit,need
finanziellen,financial
hupe,horn
xavier,Xavier
sofortige,immediate
motive,motive
schauspielern,acting
lili,Lili
alarmanlage,alarm system
planung,planning
crixus,crixus
symbole,symbols
aiden,aiden
yankees,Yankees
leistungen,services
portemonnaie,wallet
fisher,fisher
beachtet,noted
waisen,orphans
lenkrad,steering wheel
ära,era
spielplatz,playground
bekäme,would get
immun,immune
darlehen,loan
unentschieden,draw
kirby,Kirby
dringt,penetrates
direktorin,director
aufladen,charge
spiels,game
schleifen,grind
kamm,comb
viermal,four times
ansprüche,claims
motoren,engines
klara,Clara
whoo,whoo
dermaßen,so
verwöhnt,spoiled
ständer,stand
filmstar,film star
kurzes,short
brady,Brady
berechnet,calculated
helle,bright
raffiniert,refined
dea,dea
fusion,fusion
anfrage,inquiry
heu,hay
johns,johns
eigen,own
elise,Elise
bree,bree
ausstellen,exhibit
explodierte,exploded
trish,trish
pulli,sweater
ay,ay
freundlichkeit,friendliness
jubelt,cheers
vergossen,spilled
scheiben,discs
pisser,pisser
unvorstellbar,unimaginable
amerikanerin,American
kopiert,copied
cesare,Cesare
konfrontiert,confronted
ninja,ninja
cho,cho
hr,hr
streitkräfte,armed forces
erfinder,inventor
sekte,sect
bann,spell
geraubt,robbed
festzustellen,to determine
western,western
buchhaltung,accounting
nutzte,used
einleiten,initiate
blood,blood
erschreckend,frightening
jacks,jacks
tanken,refueling
herkules,Hercules
verbockt,botched
razzia,raid
transportiert,transported
übertreib,exaggerate
ausgeliehen,borrowed
stationen,stations
heiliges,holy
blutige,bloody
gespenster,ghosts
dominic,Dominic
freundlicher,friendlier
therapeut,therapist
bakterien,bacteria
änderst,change
angreift,attacks
saunders,Saunders
kommunist,Communist
dodge,dodge
einbildung,imagination
illinois,Illinois
zugesagt,promised
auszusprechen,to pronounce
arche,ark
ostern,Easter
sticht,stings
hob,hob
bea,bea
lhres,your
hawkins,hawkins
reiste,traveled
mohammed,Mohammed
unverständliches,incomprehensible
transporterraum,transporter space
ss,ss
beinah,almost
gideon,Gideon
riech,smell
rüberkommen,come over
übt,practices
beiß,bite
kühlen,cool
oberflächlich,superficial
joggen,jog
spezialisten,specialists
eingebaut,built-in
köpfchen,head
spaßig,funny
blutig,bloody
dewey,dewey
erkältet,cold
bezieht,refers
gezielt,targeted
genannten,mentioned
bonbons,candies
obdachlosen,homeless
gerichts,court
hüpfen,jump
verschweigen,concealment
scan,scan
aktuelle,current
einnahmen,revenue
karate,karate
metzger,butcher
grauenvoll,horrible
señora,señora
festgelegt,determined
jüdische,Jewish
kategorie,category
dörfer,villages
überwältigend,overwhelming
späten,late
mahlzeiten,meals
untergebracht,accommodated
gracie,gracie
griffen,grabbed
verbrochen,committed a crime
ruinen,ruins
verschlafen,overslept
texte,texts
kopieren,copy
einzigartige,unique
grüner,green
einzelhaft,solitary confinement
asien,Asia
anderswo,elsewhere
unbemerkt,unnoticed
zutaten,ingredients
dreckiges,dirty
ham,ham
luna,Luna
verbrennungen,burns
illusionen,illusions
lokale,local
ereignissen,events
oregon,Oregon
mysteriösen,mysterious
konnen,can
beobachtete,observed
riese,giant
holten,fetched
untergrund,underground
gebrochenen,broken
initialen,initials
lotte,Lotte
übermitteln,transmit
kappe,cap
darstellt,represents
gebrochene,broken
dollars,dollars
widersetzen,resist
lupe,magnifying glass
frühjahr,spring
cheng,cheng
aufgeklärt,explain
waschmaschine,washing machine
zurückbleiben,to be left behind
kameramann,cameraman
marlene,Marlene
finanziell,financially
büffel,buffalo
stillhalten,hold still
desmond,desmond
verlangte,demanded
abgeschlachtet,slaughtered
yoga,yoga
morgana,Morgana
marx,Marx
trocknen,dry
harlan,Harlan
angriffen,attacked
irgendwem,anyone
artillerie,artillery
häftlinge,prisoners
portier,doorman
zurückgerufen,recalled
lizzy,lizzy
hastings,Hastings
unverschämtheit,outrageous
buh,boo
lunch,lunch
mills,mills
eintrag,entry
pyjama,pajamas
ruck,jerk
sugar,sugar
gunnar,gunnar
servus,Goodbye
pfennig,pfennig
stau,traffic jam
grades,grades
schneewittchen,Snow White
kriminell,criminal
cooles,cool
ähnlichen,similar
edmund,Edmund
griechischen,Greek
frankreichs,France
deppen,idiots
heimweh,homesickness
demütigen,humble
ch,ch
beule,bump
yuan,yuan
bi,bi
versenkt,sunk
erleiden,suffer
klick,click
unannehmlichkeiten,unpleasantries
info,info
dolly,dolly
hinnehmen,accept
damien,Damien
sabrina,Sabrina
wirbelsäule,spine
triebwerke,engines
eskorte,escort
only,only
entwickelten,developed
rush,rush
ehrgeizig,ambitious
wahlkampf,election campaign
angebote,offers
fröhliches,cheerful
beweisstück,piece of evidence
verpissen,piss off
würdigen,appreciate
chaplin,Chaplin
entgeht,escapes
veranstaltet,organized
anzuhören,to listen
gilles,Gilles
schwuler,gay
blutes,blood
vorführung,demonstration
zerstöre,destroy
offener,open
counsellor,counsellor
holodeck,holodeck
kathryn,Kathryn
meth,method
parteien,parties
freilassung,release
della,della
unangenehme,unpleasant
odin,Odin
geiler,awesome
irgendwen,anyone
sprünge,jumps
schenkel,leg
panne,breakdown
behauptete,claimed
oberleutnant,first lieutenant
erdbeeren,strawberries
ehemänner,husbands
stünde,would stand
jura,Jurassic
kröte,toad
erdnüsse,peanuts
eingejagt,hunted
elanna,Elanna
mächte,powers
angefühlt,felt
entwischen,escape
gebumst,fucked
leiste,bar
dino,dinosaur
bomber,bomber
treff,meeting
marcello,Marcello
spritztour,joyride
geheimnisvoll,mysterious
lern,learn
lulu,lulu
kundschaft,customers
bashir,bashir
fluchen,curse
franco,Franco
mutiger,braver
sdh,sdh
zweifle,I doubt
genetische,genetic
sanchez,Sanchez
korn,grain
benehmt,behave
fandest,found
tang,tang
schwing,swing
sündenbock,scapegoat
poster,poster
greife,grab
vergnügt,cheerful
erwägung,consideration
cut,cut
intensivstation,intensive care unit
verborgenen,hidden
auszuziehen,to move out
schmelzen,melt
chin,chin
anrufer,caller
cece,cece
komplizierte,complicated
raumschiffs,spaceship
kommandeur,commander
verurteile,condemn
woods,woods
beton,concrete
pate,godfather
regenbogen,rainbow
line,line
fettes,fat
straftat,crime
prostitution,prostitution
ringen,wrestling
frösche,frogs
gestohlene,stolen
really,really
zane,zane
kaltblütig,cold-blooded
klebeband,tape
meyer,meyer
feen,fairies
klammern,brackets
wegkommen,get away
joanna,Joanna
jennings,Jennings
kartell,cartel
eingefroren,frozen
buße,penance
wertvolles,valuable
türkei,Türkiye
gummi,rubber
cliff,cliff
lt,lt
blog,blog
kaputte,broken
wood,wood
abgeordneter,member of parliament
hogan,hogan
satellit,satellite
mentor,mentor
zusammenbruch,collapse
organismus,organism
deutlicher,more clearly
edna,Edna
give,give
lächerliche,ridiculous
entfernte,distant
voilà,voilà
verabreden,make a date
psychopathen,psychopaths
beratung,advice
erbaut,built
reingelassen,let in
gebieter,master
malte,paint
einreichen,submit
provoziert,provokes
rory,Rory
teilte,shared
zwilling,twin
knete,clay
kommandanten,commanders
fassade,facade
trommel,drum
erkenntnis,knowledge
richterin,judge
komplize,accomplice
mehrfach,multiple times
floß,raft
korrupt,corrupt
wandert,hikes
kutscher,coachman
declan,Declan
nachschub,resupply
fernando,Fernando
puzzle,puzzle
protest,protest
vorgetäuscht,faked
rebekah,Rebekah
ct,ct
untergeht,sinks
mittelalter,medieval
waise,orphan
schnur,cord
eindringlinge,intruders
pfiff,whistle
kar,kar
anmelden,register
entfliehen,escape
spezielles,special
joghurt,yogurt
heiss,hot
abzugeben,to give away
cardassia,cardassia
church,church
tablett,tray
pelz,fur
bücherei,library
ice,ice
versorgung,supply
ansprache,address
ausgerutscht,slipped
abseits,offside
alberto,Alberto
vollendet,completed
sichert,secures
ahnte,suspected
feuerwehrmann,firefighter
quarterback,quarterback
kgb,KGB
myers,myers
engagement,engagement
frühe,early
iv,iv
gewirkt,acted
beck,beck
migräne,migraine
spurlos,without a trace
hintergehen,deceive
gmbh,GmbH
putzt,cleans
trockenen,dry
express,express
dunkles,dark
potential,potential
leichtsinnig,reckless
yale,Yale
wikinger,Vikings
ginny,Ginny
bloom,bloom
tanja,tanja
verblutet,bled to death
aufsehen,sensation
vollständige,complete
leopold,Leopold
pegasus,Pegasus
biologie,biology
treuer,loyal
raven,raven
ronald,Ronald
verwandter,related
eddy,eddy
seminar,seminar
beatrice,Beatrice
flyer,flyer
dirk,Dirk
dauerhaft,permanently
nimmer,never
mara,Mara
grausamkeit,cruelty
rausschmeißen,throw them out
prüfe,check
pinguin,penguin
schlank,slim
via,via
eingetragen,registered
schnecken,snails
bedankt,thank you
ellbogen,elbow
telefonbuch,phone book
abgehört,wiretapped
parasiten,parasites
flüchtigen,fugitive
vereinbaren,agree
decks,decks
jemandes,someone
entsprechen,are equivalent to
krähen,crow
empire,Empire
besuchst,visit
fühlten,felt
prime,prime
glatze,bald
gesündigt,sinned
mexikanischen,Mexican
abgereist,departed
boomer,boomer
beeinträchtigt,affected
mitkommst,are you coming with me
frieren,freeze
easy,easy
zuhört,listens
spezialisiert,specialized
instabil,unstable
traditionen,traditions
hara,hara
erwidern,reply
kosmos,cosmos
ada,ada
jagte,hunt
kunstwerk,artwork
packte,packed
zerbrechlich,fragile
intelligente,intelligent
banner,banner
emotionalen,emotional
iwan,Ivan
widersetzt,resists
listen,listen
romanze,romance
mira,Mira
verlassenen,abandoned
hindert,hinders
fat,fat
vertritt,represents
newton,Newton
lawson,lawson
intuition,intuition
außenwelt,outside world
soda,soda
scher,shear
bangkok,Bangkok
freiwilligen,voluntary
blüte,blossom
breite,width
verliehen,awarded
tong,tong
medizinisches,medical
abfeuern,firing
rauskommst,you get out
spieß,pike
größtenteils,mostly
daddys,daddies
steuert,controls
hale,hale
blutvergießen,bloodshed
logische,logical
instinkte,instincts
wegzukommen,to get away
drecksarbeit,dirty work
pakistan,Pakistan
weltmeister,world champion
lecter,lecter
sequenz,sequence
genetisch,genetically
schlüsse,conclusions
fülle,fill
geräumt,cleared
perfektion,perfection
erich,erich
stritten,argued
ariel,Ariel
asyl,asylum
wangen,cheeks
verstreut,scattered
gelübde,vow
zugreifen,access
ole,ole
cuddy,cuddy
cisco,Cisco
runtergehen,go down
verehrt,revered
beschränkt,limited
stromausfall,power outage
hunderten,hundreds
defiant,defiant
krönung,coronation
schneit,snowing
hähnchen,chicken
älterer,older
sogenannten,so-called
hexerei,witchcraft
verhältst,behave
sulu,sulu
genuss,enjoyment
nippel,nipple
kotze,vomit
massive,massive
seinetwegen,because of him
schleife,ribbon
entgangen,escaped
verkleidung,cladding
made,made
einzustellen,to adjust
tate,tate
unterrichte,teach
tätowierung,tattoo
beerdigen,bury
koste,cost
berühre,touch
nine,nine
dreien,three
lachs,salmon
kaplan,chaplain
inn,inn
pascal,Pascal
crews,crews
unglaublichen,incredible
grauenhaft,horrible
subtitles,subtitles
stockwerke,floors
höllisch,hellish
wissenschaftlichen,scientific
großzügigkeit,generosity
hingefallen,fell
wiederfinden,find again
beantragen,apply for
pamela,Pamela
fakultät,factorial
jenes,that
sicherheitssystem,security system
zerquetscht,crushed
eingeliefert,delivered
coco,coco
vargas,Vargas
klatsch,gossip
frankfurt,Frankfurt
furchtbarer,terrible
gruft,crypt
marks,marks
mother,mother
fallschirm,parachute
five,five
vermutungen,assumptions
daryl,Daryl
rechter,right
blute,blossom
außenministerium,foreign ministry
webber,webber
ausfallen,stand out
schülern,students
deprimierend,depressing
gisburne,Gisburne
antut,inflicts
dope,dope
rankommen,get close
clarence,Clarence
zornig,angry
unangebracht,inappropriate
einstecken,plug in
fernzuhalten,keep away
getreide,grain
abgeriegelt,sealed off
berechtigt,justified
ade,goodbye
periode,period
staubsauger,vacuum cleaner
lara,Lara
wallander,Wallander
lanze,lance
einfahrt,entrance
ferkel,piglet
hansen,Hansen
unbekannter,unknown
entscheidende,crucial
äußere,outer
repariere,repair
bewährungshelfer,probation officer
heiligabend,Christmas Eve
medaillon,medallion
movie,movie
jessi,Jessi
augenbrauen,eyebrows
kolumbien,Colombia
blickt,looks
kerlchen,little guy
cafe,cafe
fetzen,shreds
verursachte,caused
zulassung,permit
düster,grim
gerüchten,rumors
zicke,bitch
beladen,loaded
informiere,inform
durchdacht,thought out
dünne,thin
islam,Islam
verachten,despise
rothaarige,redhead
gallier,Gaul
hochzeitsreise,honeymoon
agency,agency
leela,leela
kamui,Kamui
sterbenden,dying
großvaters,grandfather's
selma,Selma
dorfbewohner,villagers
romantischen,romantic
gil,gil
ergangen,passed
russischer,Russian
agents,agents
argumente,arguments
brillante,brilliant
klarmachen,make clear
coup,coup
kippe,tip
gehorche,obey
unterhalb,below
bagdad,Baghdad
manöver,maneuver
grundlos,without reason
gatte,spouse
sexueller,sexual
ultimative,ultimate
atmung,breathing
forderung,financial support
rouge,rouge
officers,officers
trainiere,train
fehlende,missing
hallöchen,Hello there
eingetreten,entered
lordschaft,lordship
russ,soot
erlitt,suffered
arnie,Arnie
gamera,gamera
gekonnt,skillfully
maestro,maestro
eigenschaft,characteristic
weigerte,refused
cheese,cheese
planst,plans
erfand,invented
jorge,Jorge
stalker,stalker
amerikanern,Americans
platzieren,place
angenehmen,pleasant
reaktor,reactor
großbritannien,Great Britain
flanke,flank
gatten,husband
kapuze,hood
mitzukommen,to come along
vorlesung,lecture
kommenden,upcoming
kurse,courses
gänsehaut,goose flesh
lächelst,smile
stecker,plug
lutschen,suck
mülleimer,trash can
kes,kes
manchester,Manchester
reife,ripe
verschickt,sent
höchster,highest
zugenommen,increased
hälst,hold
board,board
rückendeckung,backing
verheiratete,married
unterschiede,differences
gefrühstückt,ate breakfast
inakzeptabel,unacceptable
außergewöhnliches,extraordinary
room,room
wanna,wanna
toi,toi
sekt,sparkling wine
verzaubert,enchanted
st,st
millie,millie
downtown,downtown
erhängt,hanged
stillgestanden,stood still
grimes,Grimes
begreift,understands
hörner,horns
umgekommen,died
circa,approximately
ehrlichen,honest
gesetzen,laws
leser,reader
kritisieren,criticize
kritiker,critic
boyle,boyle
rudern,rowing
offenbarung,revelation
geklopft,knocked
faulen,lazy
yacht,yacht
benson,Benson
sausen,zoom
grundschule,elementary school
zeitschriften,magazines
fördern,support financially
logo,logo
speicher,memory
rohre,tube
schwitzt,sweats
todesurteil,death sentence
hinterlasse,leave
wright,Wright
philly,Philly
ansage,announcement
net,net
juice,juice
swan,swan
schriften,writings
krokodil,crocodile
roller,roller
hologramm,hologram
plündern,plunder
klicken,click
überspringen,skip
beschleunigt,accelerated
sags,say it
zufriedenheit,satisfaction
herzanfall,heart attack
einschüchtern,intimidate
wohnten,lived
verblüffend,astonishing
behinderung,disability
springs,springs
strümpfe,stockings
eineinhalb,one and a half
lennox,lennox
kindchen,little one
schäm,shame
durchschnitt,average
verstopft,clogged
fehlern,errors
uber,above
gewundert,wondered
hoden,testicles
wesentliche,essential
vorgeben,specify
krankes,sick
angekündigt,announced
gringo,gringo
geistigen,spiritual
entschärfen,defuse
unters,under
bäcker,baker
muscheln,shells
wundervolles,wonderful
gekidnappt,kidnapped
streichholz,match
callahan,callahan
nico,Nico
besorgst,get
fläschchen,bottle
schlappschwanz,limp tail
giles,Giles
rücksichtslos,reckless
brachen,broke
seile,ropes
konferenzraum,conference room
französischer,French
jackett,jacket
sportler,sportsman
siedlung,settlement
rinder,bovine
rotwein,red wine
notieren,note
herzchen,heart
dummköpfe,idiots
löscht,deletes
nördlichen,northern
tiffany,tiffany
homeland,homeland
verfluchtes,cursed
hallelujah,Hallelujah
lockhart,Lockhart
logbuch,logbook
lexie,Lexie
geborene,born
memo,memo
wohlauf,well
erwürgen,strangle
anstrengung,effort
centauri,centauri
zweieinhalb,two and a half
verschrieben,prescribed
flöte,flute
enzo,Enzo
four,the
geschlossenen,closed
burton,Burton
orlando,Orlando
zurückzugeben,to return
gießen,pour
fährte,track
hinab,down
kinderzimmer,nursery
trey,trey
nat,nat
ã,ã
brewster,brewster
darren,darren
mutige,courageous
franks,Franks
schreiend,screaming
alpträume,nightmares
verlängern,extend
fallenlassen,drop
face,face
angefordert,requested
coop,coop
glückwünsche,congratulations
makler,broker
straßenseite,street side
freundlichen,friendly
offenes,open
lucie,Lucie
reisenden,travelers
lindern,alleviate
konsulat,consulate
great,great
yi,yi
genesung,recovery
reisende,travelers
sperre,lock
wider,against
adel,nobility
vorliebe,preference
wagens,wagens
lucrezia,Lucrezia
geoff,Geoff
trab,trot
herkommst,where you come from
milde,mild
abendbrot,supper
glücksspiel,gambling
konrad,Konrad
prioritäten,priorities
steckten,stuck
lokalen,local
knaben,boys
medikamenten,medication
sierra,Sierra
sicheres,safe
kleidern,clothes
interessierte,interested
durchgebrannt,burned out
erholung,recreation
zurücknehmen,withdraw
ausreichen,sufficient
endlos,endless
pipi,pee
verhungere,starve
verhext,bewitched
moms,moms
bestochen,bribed
mckay,McKay
maddy,maddy
verstoß,violation
aufgetragen,applied
bedeutest,means
neigen,tend
sanders,sanders
vierzig,forty
malibu,Malibu
wegzulaufen,to run away
matrix,matrix
heiratsantrag,marriage proposal
lagerraum,storage room
kentucky,Kentucky
gecheckt,checked
zahlte,paid
gestapo,Gestapo
zürich,Zurich
willis,Willis
pepper,pepper
nixon,nixon
interessierst,Are you interested?
antike,antique
unmittelbar,directly
fenstern,windows
spucke,spit
notar,notary
prototyp,prototype
patriot,patriot
cobb,cobb
dringen,penetrate
lapd,lapd
mochtest,liked
feines,fine
zielscheibe,target
gespendet,donated
realisiert,realized
wählerisch,picky
nevada,Nevada
programme,program
ekel,disgust
lisbon,Lisbon
kürbis,pumpkin
historischen,historical
einschätzung,assessment
models,models
draufgehen,die
erhalte,receive
furz,fart
grady,grady
shelley,shelley
teilzunehmen,to participate
bestohlen,robbed
öi,öi
jeremiah,Jeremiah
fayed,fayed
zusammengebrochen,collapsed
lyla,lyla
überwunden,overcome
mithilfe,using
gelder,funds
geldbeutel,wallet
mathilde,Mathilde
ripper,ripper
zufügen,add
shelly,shelly
mamma,mamma
cupcakes,cupcakes
wischen,wipe
wochenenden,weekends
schleicht,sneaks
kopfgeldjäger,bounty hunter
verpfiffen,ratted out
artig,well
jose,jose
spatz,sparrow
zwitschern,chirp
part,part
blah,blah
angesagt,announced
beitreten,join
untersuche,examine
stör,sturgeon
verschluss,closure
kaputten,broken
briefen,briefs
yöu,yöu
imperator,emperor
ag,ag
praktikum,internship
piepst,beeps
freigabe,release
rabatt,discount
anerkannt,recognized
ernster,serious
aquarium,aquarium
lhm,lhm
javier,Javier
wissens,knowledge
bewerbung,application
neuling,newcomer
ausverkauft,sold out
hetero,hetero
neigt,tends
leeres,empty
öffnest,open
auffällig,noticeable
panther,panther
forschungen,research
verbrachten,spent
griffith,Griffith
maine,Maine
tragische,tragic
mäuschen,little mouse
alfie,alfie
verkleiden,disguise
austern,oysters
hurley,Hurley
kupfer,copper
mitgekriegt,overheard
einsatzbereit,ready for use
alexandra,Alexandra
piepsen,beep
ungefährlich,harmless
palm,palm
detektive,detectives
betäuben,numb
abtreten,cede
hã,Ha
bataillon,battalion
dag,day
sicherste,safest
unglückliche,unfortunate
elliott,Elliott
geistige,spiritual
gerard,Gerard
mill,mill
niete,rivet
florrick,florrick
örtliche,local
warschau,Warsaw
maße,mass
beabsichtigt,intended
igor,Igor
unglaubliches,incredible
verschlüsselt,encrypted
griechisch,Greek
chaotisch,chaotic
lumpen,rags
tyson,Tyson
lichts,light
herauf,up
garibaidi,garibaidi
sauberen,clean
sauberes,clean
hmmm,hmmm
dringende,urgent
bodyguard,bodyguard
kapiere,I understand
erdboden,ground
zerstörten,destroyed
akira,Akira
scans,scans
ost,east
kreise,circles
byron,Byron
arschgesicht,assface
kontinent,continent
why,why
kantine,canteen
paßt,fits
caitlin,Caitlin
definieren,define
soul,soul
gunsten,in favor
aufgehen,rise
ai,AI
judas,Judas
forrest,forest
lad,load
dogs,dogs
sybil,sybil
chicken,chicken
spielfeld,playing field
säure,acid
glied,member
lexi,lexi
flora,flora
auftraggeber,client
marschiert,marches
südafrika,South Africa
zufälligerweise,Coincidentally
leih,loan
fliegenden,flying
jüdisch,Jewish
bürde,burden
kracht,crash
wohler,well
fehlfunktion,malfunction
spür,feel
winnetou,Winnetou
beleidigend,offensive
unverändert,unchanged
verleger,publisher
dani,dani
schmied,blacksmith
erdnussbutter,peanut butter
elternteil,parent
benachrichtigt,notified
santos,Santos
dümmste,dumbest
behielt,retained
too,too
trauriges,sad
reparaturen,repairs
indiana,Indiana
hamptons,Hamptons
vorführen,demonstrate
stanford,Stanford
stabilisieren,stabilize
englands,England's
ahoi,ahoy
differenzen,differences
projekte,projects
eagle,eagle
reiz,stimulus
angenehmer,pleasant
irgendwoher,from somewhere
dwight,dwight
gleis,track
helga,Helga
preisen,praise
ave,ave
wasserfall,waterfall
kacken,pooping
vortäuschen,pretend
vatikan,Vatican
ms,ms
chambers,chambers
kontrolliere,check
vorgeschichte,prehistory
recherchiert,researched
cotton,cotton
übungen,exercises
religiös,religious
physisch,physically
elende,miserable
wag,wage
aufstellung,setup
hassan,Hassan
reservierung,reservation
geklingelt,rang
kompromiss,compromise
jedi,Jedi
bear,bear
stützen,support
connecticut,Connecticut
tranken,soak
kommentare,comments
saga,saga
schreiber,writer
heisse,hot
davina,davina
geburtstagsparty,birthday party
astronaut,astronaut
bekloppt,crazy
erwähnten,mentioned
frances,Frances
sensation,sensation
gebührt,due
becker,Becker
slip,slip
katholisch,Catholic
grossartig,great
pure,pure
wörtlich,literally
churchill,Churchill
fässer,barrels
sabotage,sabotage
kohl,cabbage
verteidigungsministerium,Ministry of Defense
wohle,well-being
vögelt,birds
gebiete,areas
reinheit,purity
abt,abbot
murmeln,murmur
rabbit,rabbit
beteiligen,participate
pscht,shh
wahnsinniger,insane
getrennte,separate
flügeln,wings
oberin,superior
gemischt,mixed
antiquitäten,antiques
best,best
auszusagen,to state
schmutziges,dirty
pfanne,pan
entfernten,removed
gefürchtet,feared
religiösen,religious
oklahoma,Oklahoma
rover,rover
fitnessstudio,gym
inspektion,inspection
some,some
geschlechtsverkehr,sexual intercourse
meuterei,mutiny
polizeiarbeit,police work
vorziehen,prefer
flüchtig,volatile
ausgetrickst,tricked
fehlenden,missing
chinatown,Chinatown
vors,before
lautete,read
zitieren,quote
überholt,obsolete
doppelgänger,doppelganger
haustiere,pets
kundin,customer
kaufmann,merchant
inder,in the
marlboro,Marlboro
feel,feel
tau,dew
davids,David's
jackpot,jackpot
gutachten,appraise
unverletzt,uninjured
fran,fran
vermischt,mixed
elfen,elves
stücken,pieces
dell,dell
kanister,canister
anschnallen,buckle up
anzuschließen,to connect
trophäe,trophy
wahrhaft,truly
petra,Petra
ruinierst,ruin
aufgeflogen,exposed
socke,sock
erlöst,redeemed
berührte,touched
franck,franck
zugerichtet,prepared
hinstellen,stand
hola,hola
balance,balance
vicki,Vicki
verkündet,announced
übersee,overseas
kröten,toads
istja,is
hermann,Hermann
aufgeweckt,awake
weitergegeben,passed on
begehren,desire
mad,mad
creme,cream
gefalle,gradient
udo,udo
geschwächt,weakened
augenzeugen,eyewitnesses
lea,lea
steaks,steaks
fehl,missing
dummerchen,silly thing
momenten,moments
oleg,Oleg
hinkommen,getting there
schutzengel,guardian angel
omega,omega
plötzliche,sudden
visitenkarte,business card
geniale,brilliant
zimmern,carpentry
karren,cart
would,would
clive,clive
barcelona,Barcelona
schmetterlinge,butterflies
millimeter,millimeter
snake,snake
mutters,mother's
selbstverteidigung,self-defense
jt,jt
lehnt,lean
abwesend,absent
tournee,tour
flüsse,rivers
grazie,grace
rené,René
sechste,sixth
irrsinn,madness
moralisch,morally
enthüllen,reveal
tamara,Tamara
verwüstet,devastated
vorwarnung,advance warning
umlaufbahn,orbit
weggeschickt,sent away
kriegte,got
abed,evening
buben,boys
krishna,Krishna
alexandre,alexandre
brigitte,brigitte
mondes,worlds
lindsay,Lindsay
wies,pointed
zündung,ignition
zusammenkommen,come together
heirateten,married
vampiren,vampires
ignoriere,ignore
gebadet,bathed
lippe,lip
erstmals,first time
everett,everett
courtney,courtney
obelix,Obelix
cookie,cookie
durchreise,transit
ausgangssperre,curfew
energiequelle,energy source
gemurmel,murmur
university,university
vorladung,summons
hingehe,go there
spionin,spy
erlaubst,allow
hierhergekommen,came here
vollenden,complete
demonstrieren,demonstrate
wachstum,growth
lsd,lsd
examen,exam
gong,gong
sehnen,tendons
hopkins,Hopkins
ungeziefer,vermin
hässlicher,ugly
newman,newman
abfangen,intercept
beschatten,shadow
medizinisch,medical
yan,yan
serge,serge
samstagabend,Saturday evening
deals,deals
erlaubte,permitted
fuss,foot
auszugeben,to spend
beitragen,contribute
takt,tact
docks,docks
hüa,hüa
perversen,perverts
verstorbene,deceased
griechische,Greek
carly,carly
gebrannt,burned
kaufhaus,department store
körperlichen,physical
übergehen,transition
ostküste,east coast
mancher,some
fantastischen,fantastic
babies,babies
begrüßung,greeting
schnellsten,fastest
verbittert,bitter
kräuter,herbs
det,det
rumstehen,standing around
verwandlung,transformation
hanson,Hanson
ausgerastet,went berserk
geordi,Geordi
kostenlose,free
geschütze,protected
trümmer,debris
shorts,shorts
beworben,advertised
ausatmen,exhale
buster,buster
identifizierung,identification
handwerker,handyman
jarvis,jarvis
zustande,a
jonny,jonny
freitagabend,Friday evening
schnellstens,as soon as possible
empfand,felt
tristan,Tristan
brent,Brent
püppchen,doll
londoner,London
vorspielen,play
bedeutungslos,meaningless
scheppern,rattle
che,che
angemessene,appropriate
leila,Leila
tüchtig,efficient
drückte,pressed
aufgewühlt,agitated
ehefrauen,wives
erklingt,sounds
wortes,word
vlad,Vlad
computern,computers
halsband,collar
telefonklingeln,phone ringing
skyler,skyler
lemon,lemon
abfindung,severance pay
buches,book
reißverschluss,zipper
magisch,magical
höhen,heights
bikini,bikini
betrunkene,drunk
weges,way
leuchtturm,lighthouse
geschadet,damaged
frequenzen,frequencies
erfuhren,learned
bauernhof,farm yard
proviant,provisions
geschmiert,lubricated
tanzmusik,dance music
punk,punk
ertränken,drown
grausamen,gruesome
erkunden,explore
brutale,brutal
üblen,evil
sterbt,dies
nino,nino
briggs,Briggs
treib,drive
hoover,hoover
ramón,ramón
case,case
verträgt,tolerates
vers,verse
meinungen,opinions
erhört,he's listening
jüdin,Jewish woman
ausgegraben,dug up
meisterschaft,championship
silbernen,silver
hold,hold
auszuführen,to perform
offenbart,reveals
baltar,baltar
ausgestorben,extinct
ausgehalten,endured
direkter,direct
schlaue,cunning
weilchen,while
sauberer,cleaner
entzündet,inflamed
landest,land
geschäftliches,business
beteiligten,involved
korsak,Korsak
vordertür,in front of the door
evie,evie
brüssel,Brussels
zurückfahren,drive back
demütigung,humiliation
angegeben,specified
rocco,Rocco
kjeld,kjeld
diene,serve
laurent,laurent
zündet,ignites
treuen,loyal
alphonse,alphonse
bestätige,confirm
kripo,criminal investigation department
lebensversicherung,life insurance
vorurteile,prejudices
täubchen,dove
lesben,lesbians
medizinischer,medical
almosen,alms
ehen,marriages
verwundbar,vulnerable
balken,beam
forderte,demanded
ncis,ncis
emilio,Emilio
bündnis,alliance
kluges,clever
harmon,harmony
fremdes,foreign
fund,fund
streite,argue
befugnis,authority
handle,handle
maja,Maja
france,France
alzheimer,Alzheimer
erhofft,hoped
feldwebel,sergeant
veranlassen,cause
einzunehmen,to take
bereust,regrets
genies,geniuses
zusammengeschlagen,beaten up
dolores,dolores
perverse,perverse
spuckt,spits
spare,save
abgefangen,intercepted
verheilt,healed
sinclair,sinclair
durchschauen,see through
erlösen,redeem
saloon,saloon
andrej,andrej
allie,allie
nero,nero
missachtet,ignored
nervenzusammenbruch,nervous breakdown
huhu,hi
abserviert,dismissed
wissenschaftlich,scientific
erweist,proves
hetzen,rush
allmächtigen,almighty
speisekarte,menu
vorenthalten,withheld
freiraum,open space
sabotieren,sabotage
wehr,defense
störst,are you disturbing
bedien,operator
vitamine,vitamins
unterbewusstsein,subconscious
horde,horde
alltag,everyday
run,run
abmarsch,departure
wheeler,Wheeler
sprachlos,speechless
internen,internal
interessanten,interesting
eitelkeit,vanity
stroh,straw
key,key
wißt,do you know
superheld,superhero
remy,Remy
stargate,Stargate
lynch,Lynch
spezialist,specialist
atelier,studio
streber,overachiever
gips,plaster
ankündigung,announcement
betrieben,operated
zahlung,payment
vaughn,vaughn
riegel,bolt
öffnung,opening
steigern,increase
moralischen,moral
überblick,overview
einjagen,to induce
geburtstagsgeschenk,birthday present
trockene,dry
zerstörer,destroyer
anfingen,began
genehmigen,to permit
stattgegeben,granted
küken,chick
verheirateten,married
schilder,signs
wales,Wales
obere,upper
flusses,river
regst,active
geradewegs,straight
vorgang,occurrence
brecht,Brecht
fucking,fucking
individuum,individual
entschlüsseln,decode
weizen,wheat
erfolgreichen,successful
gänzlich,completely
graysons,graysons
melvin,Melvin
verjagt,chased away
alldem,all this
orangen,oranges
leitete,led
eliminiert,eliminated
hochzeitsnacht,wedding night
verteidige,defend
sitte,custom
einzelgänger,loner
kostbare,precious
hung,hung
völliger,complete
kapitulation,surrender
selbstsüchtig,selfish
gefälschte,fake
nacheinander,successively
ser,ser
stanton,Stanton
betrunkenen,drunk
auslassen,omit
espresso,espresso
verkraften,cope
crichton,Crichton
royce,Royce
exklusiv,exclusive
vorgelesen,read aloud
topper,topper
objektiv,lens
koran,Koran
zusteht,is entitled to
league,league
auseinandersetzung,confrontation
gell,Right?
ärztliche,medical
allgemeine,general
gehirnwäsche,brainwashing
darstellung,depiction
eiscreme,ice cream
god,god
gelegenheiten,opportunities
pfleger,caregiver
gleicher,same
family,family
jahrzehnte,decades
burrows,burrows
erlöse,revenues
wiedererkennen,recognize
abende,evenings
unterschiedlichen,different
porträt,portrait
wähler,voter
mdr,MDR
gesichtern,faces
lächerlichen,ridiculous
verfolgst,are you pursuing
flüchtling,refugee
aktenkoffer,briefcase
iowa,Iowa
künstlich,artificially
betreibt,operates
rutscht,slips
schnall,buckle
kauften,bought
devlin,devlin
vin,vin
anrühren,touch
betrunkener,drunk
drecksau,filthy pig
erbsen,peas
homosexuell,homosexual
anwesenden,present
kermit,Kermit
zurechtkommen,cope
bronx,Bronx
zumute,mood
paco,Paco
abfahren,depart
sicherheitschef,security chief
vollbringen,accomplish
leidest,suffer
hello,hello
falken,falcons
verabreicht,administered
französin,French woman
hormone,hormone
eingeweiht,inaugurated
baze,baze
fisk,fish
ehm,umm
inoffiziell,unofficially
markieren,mark
fabriken,factories
rafael,Rafael
trauben,grapes
schlagzeile,headline
wiedergeburt,rebirth
abgesucht,searched
donut,donut
behaupte,claim
beunruhigend,worrying
belohnen,reward
darm,colon
kirchen,churches
bessern,improve
kittel,coat
peking,Beijing
ehrt,honors
bedauerlicherweise,Unfortunately
zimmermann,carpenter
präsentiere,present
fax,fax
gesiegt,won
seltenen,rare
fixiert,fixed
warnte,warned
verbrenne,burn
harley,Harley
verstört,disturbed
herman,herman
abschlagen,break
amateur,amateur
wachs,wax
tablette,tablet
protokolle,protocols
port,port
gefäß,vessel
umfallen,fall over
alarmbereitschaft,alert
heck,tail
überlässt,leaves
fäuste,fists
fahrkarten,tickets
haube,hood
bundesagenten,federal agents
größerer,larger
cheeseburger,cheeseburger
ferdinand,Ferdinand
mystic,mystic
cap,cap
berücksichtigen,take into account
glücksbringer,lucky charm
beidem,in which
cain,Cain
aschenbecher,ashtray
zittert,trembles
biber,beaver
schaum,foam
darsteller,actors
anja,Anja
eiche,oak
wölfen,wolves
seymour,Seymour
aaah,aaah
erfolgreicher,successful
favorit,favorite
sunshine,sunshine
souvenir,souvenir
überreichen,hand over
luisa,Luisa
hergeholt,far-fetched
einwandfrei,flawless
versuchs,Try it
geachtet,respected
tanzte,danced
erlassen,enacted
postkarte,postcard
hauptstraße,main street
geeinigt,agreed
schlampig,sloppy
zarte,delicate
kopfhörer,headphones
ausnahmen,exceptions
widerspruch,contradiction
singapur,Singapore
baronin,baroness
einzumischen,to interfere
formulare,forms
could,could
anwälten,lawyers
anzuschauen,to look at
ansatz,approach
shadow,shadow
gärten,gardens
gemessen,measured
gnädiger,merciful
berliner,Berliner
kühler,cooler
geknallt,banged
our,our
banker,banker
ramirez,ramirez
bereitmachen,prepare
marta,marta
schmilzt,melts
need,need
bildest,form
republikaner,republican
missouri,Missouri
übergang,transition
fingerabdruck,fingerprint
frachtraum,cargo space
cocktails,cocktails
neuerdings,recently
vertauscht,swapped
erleuchtung,enlightenment
sammler,collector
entwerfen,design
palme,palm
schwarzmarkt,black market
windel,diaper
ausgebucht,fully booked
rutschen,slide
schlimmere,worse
seltener,rare
wichtigere,more important
anfühlen,feel
springst,jump
schubsen,push
rene,Rene
tai,tai
zerfetzt,Torn to shreds
bevorsteht,upcoming
britta,Britta
besorgte,concerned
verwende,use
mcqueen,McQueen
dämmerung,dusk
bleistift,pencil
mexikanische,Mexican
montreal,Montreal
fürsorge,care
brummt,hums
befunden,found
salazar,Salazar
bürgermeisters,mayor
strohsack,straw sack
verpackt,packaged
erwähne,mention
susi,susi
christy,Christy
donnelly,donnelly
bündel,bunch
anstarren,stare
kostbar,precious
liebenden,loving
wendung,turn
harlem,Harlem
saures,acidic
botschaften,embassies
stolze,proud
kev,kev
schmieren,lubricate
vermittelt,conveyed
skalpell,scalpel
mächtigste,most powerful
dublin,Dublin
luc,luc
züchten,breed
szenario,scenario
ehrenhaft,honorable
taschengeld,pocket money
attraktive,attractive
miliz,militia
charleston,Charleston
caprica,caprica
esteban,esteban
freigesprochen,acquitted
gerda,Gerda
zelten,camping
stehende,standing
luftwaffe,air force
missionen,missions
rumgemacht,made out
trennten,separated
wertvoller,valuable
florenz,Florence
untertauchen,submerge
amnesie,amnesia
herrlichen,magnificent
widerrede,rebuttal
lise,lise
geringer,less
bescheidenheit,modesty
cutler,cutler
gefordert,required
längere,longer
barton,barton
psychologen,psychologists
then,then
acker,field
handbuch,manual
beweismaterial,evidence
toaster,toaster
effizient,efficient
chico,chico
hadar,hadar
schenkst,you give
strömung,flow
cheerleader,cheerleader
beweismittel,evidence
planänderung,change of plan
liebenswert,lovable
kalb,calf
erschrickt,is startled
gewand,garment
moschee,mosque
lustigen,funny
mikrowelle,microwave
gangs,gangs
denkmal,monument
motiviert,motivated
nachweisen,prove
hinrichten,execute
launisch,moody
ernährung,nutrition
len,len
loft,loft
untereinander,among each other
verfügbaren,available
flüge,flights
ficke,fuck
kennenlernte,met
schwänzen,truancy
cheryl,Cheryl
armselig,pathetic
faule,lazy
dreharbeiten,filming
komplimente,compliments
ying,ying
hip,hip
patterson,Patterson
ghetto,ghetto
gebären,give birth
schwan,swan
kairo,Cairo
verringern,reduce
stellvertretender,deputy
hallen,halls
village,village
ethel,ethel
dranbleiben,Stay tuned
zurückschicken,return
formation,formation
signorina,signorina
beibehalten,retain
paranoia,paranoia
schnüffeln,sniff
sagtet,said
erworben,acquired
zahlreiche,numerous
protestieren,protest
chemo,chemo
raul,Raul
penthouse,penthouse
abgebrannt,burned down
identitäten,identities
durchgefallen,failed
deke,deke
knecht,servant
prozedur,procedure
justizministerium,Ministry of Justice
aushelfen,help out
präsenz,presence
yards,yards
wanderer,walker
schluckt,swallows
klischee,cliché
beeren,berries
repräsentieren,represent
lebensstil,lifestyle
auferstanden,risen
music,music
sake,sake
reinbringen,bring in
aufzuwachen,to wake up
petrus,Peter
zauberspruch,spell
nachthemd,nightgown
brennenden,burning
wurzel,root
whirlpool,whirlpool
auserwählte,selected
arroganz,arrogance
zusammenreißen,pull yourself together
feuers,fire
noble,noble
ersparnisse,savings
mahl,meal
richmond,Richmond
obama,Obama
lagerfeuer,campfire
abgehängt,left behind
ungewöhnlichen,unusual
vorgänger,predecessor
interviewen,interview
omi,omi
skelett,skeleton
geschick,skill
versprachen,promised
hayden,Hayden
corey,corey
hochzeitsgeschenk,wedding gift
breitet,spreads
aufregende,exciting
rekruten,recruits
aufm,on
stolzer,proud
eingeleitet,initiated
untertanen,subjects
meeres,sea
mumie,mummy
durchgang,passage
sichtweite,visibility
simpsons,Simpsons
chinesisches,Chinese
bekennen,confess
verwandelte,transformed
ständige,constant
marjorie,Marjorie
täten,would
cohen,cohen
yin,yin
aktentasche,briefcase
heights,heights
ain,ain
abgeknallt,shot dead
pflücken,pick
festival,festival
visum,visa
bethany,Bethany
beurteilung,assessment
einzudringen,to penetrate
nachvollziehen,comprehend
thorne,thorne
him,him
yoko,yoko
schaufeln,shoveling
smallville,smallville
rivalen,rivals
spülen,wash
provision,commission
siebte,seventh
motivation,motivation
psychologische,psychological
noel,Noel
angsthase,scaredy-cat
befehlshaber,commander
herzstillstand,cardiac arrest
abfinden,settle
entschlossenheit,determination
wahnsinnige,insane
imitiert,imitates
befestigt,attached
betonen,emphasize
gekränkt,offended
tripp,trip
stellungnahme,opinion
besteigen,climb
verachtung,contempt
stottert,stutters
liebende,loving
auferstehen,resurrection
vorsitzenden,chairman
kollektion,collection
musical,musical
theodore,theodore
milan,Milan
historische,historical
nebeneinander,side by side
benennen,name
übernahme,takeover
bankkonto,bank account
shaolin,Shaolin
bürgermeisterin,mayor
blendend,dazzling
asthma,asthma
weicht,yields
angeschrien,screamed at
staatsanwältin,public prosecutor
daleks,daleks
angesteckt,infected
trompete,trumpet
ungerechtigkeit,injustice
bestellte,ordered
kings,kings
verpass,miss
dilemma,dilemma
diskussionen,discussions
körperteile,body parts
plante,planned
salem,Salem
auszusetzen,to suspend
garfield,Garfield
müßt,must
hypnose,hypnosis
lockt,entices
masche,mesh
dimitri,dimitri
automaten,vending machines
atemberaubend,breathtaking
einrichtungen,facilities
hässliches,ugly
gerechten,fair
schnappe,grab
exfrau,ex-wife
säge,saw
unerwartete,unexpected
elite,elite
anzupassen,to adapt
bing,Bing
viertelstunde,quarter of an hour
tantchen,auntie
misshandelt,abused
endstation,final stop
gosse,gutter
einfachste,simplest
schockierend,shocking
rumpf,hull
rauskomme,get out
erlangt,obtained
wechsle,switch
marguerite,marguerite
timothy,Timothy
carver,carver
kämpf,fight
mieze,kitty
artefakt,artifact
umbrachte,killed
unruhen,unrest
bewerben,apply
herausforderungen,challenges
undankbar,ungrateful
merkwürdigen,strange
kriminalität,crime
organisierte,organized
realen,real
angefleht,begged
beta,beta
stempel,rubber stamp
erbitte,request
halblang,medium length
schlapp,limp
fackel,torch
rivers,rivers
samaritan,Samaritan
wackeln,wobble
eingeben,input
sinnvoll,sensible
zar,zar
dinozzo,dinozzo
gepflegt,well-maintained
unterschreibt,signs
jepp,Yep
absitzen,sit
himmlisch,heavenly
befriedigt,satisfied
abstoßend,repulsive
entferne,remove
verbot,prohibition
denny,denny
nachtclub,nightclub
hinzugehen,go there
vergangene,past
widerliche,disgusting
heftige,intense
ursprüngliche,original
zehnmal,ten times
trupp,troop
ernsten,serious
architektur,architecture
stinksauer,furious
tin,tin
ältester,oldest
knox,Knox
festlegen,establish
elch,elk
barmherzigkeit,compassion
krümel,crumbs
vorfälle,incidents
gregor,Gregor
einladungen,invitations
aubrey,Aubrey
leihe,borrow
zeichnet,draws
gesandt,sent
geschoben,pushed
erhöhte,increased
howie,howie
subjekt,subject
bestreiten,deny
jesu,Jesus
gottesdienst,worship
staatliche,state
polieren,polishing
omen,omen
gewaltigen,enormous
träumer,dreamer
bewunderung,admiration
primitiv,primitive
strahlt,radiates
angestarrt,stared at
vanille,vanilla
herrlicher,magnificent
luigi,Luigi
gewisses,certain
massachusetts,Massachusetts
friere,I'm freezing
bmw,BMW
redaktion,editorial staff
schmoren,braise
ringo,ringo
mussen,must
fun,fun
ticken,tick
stämme,tribes
betrügst,cheat
kommunismus,communism
bezahlten,paid
french,French
lorraine,Lorraine
vous,vous
ranzukommen,to get to
lachten,laughed
pazifik,Pacific
very,very
gro,large
brüsten,breasts
verlief,went
ehepaar,couple
geschöpfe,creatures
verhalte,behave
vernachlässigt,neglected
abgekriegt,got hit
viecher,creatures
dragon,dragon
gerechte,fair
andersrum,the other way
cello,cello
peyton,peyton
zeitlang,for a while
betreffen,regarding
eingeklemmt,trapped
verachtet,despised
anzulügen,to lie
durchdringen,penetrate
möpse,pugs
herrlichkeit,glory
blüten,blossoms
wiedergutmachung,reparations
einverständnis,consent
marokko,Morocco
delphine,dolphins
verfehlen,miss
carlton,Carlton
trinker,drinker
geysir,geyser
lieferungen,deliveries
diebin,thief
schiefgehen,go wrong
cover,cover
higgins,Higgins
gewöhn,habit
belegen,prove
baba,baba
krater,crater
olle,old
vergebens,in vain
wahrnehmung,perception
taiwan,Taiwan
nassen,wet
dahlia,dahlia
übertroffen,surpassed
temple,temple
malik,malik
ess,eat
kleinstadt,small town
schrauben,screws
niki,niki
sitzungen,sessions
strömen,flow
joes,joes
gebote,bids
prämie,premium
betrat,entered
his,his
nathalie,Nathalie
amis,Americans
kuscheln,cuddle
kriegsgericht,court-martial
zerreißt,tears
minimum,minimum
hochziehen,pull up
definiert,defined
inszeniert,staged
einsetzt,uses
corps,corps
heile,healed
scheu,shy
laterne,lantern
demnach,according to
jagst,hunt
anzufassen,to touch
globale,global
bayern,Bavaria
teuerste,most expensive
billie,billie
jahrgang,vintage
männlicher,male
gandalf,Gandalf
stay,stay
beihilfe,aid
tracht,traditional costume
legion,legion
aufbringen,apply
pharao,pharaoh
pflegte,used to
eingebracht,introduced
yankee,Yankee
konvoi,convoy
morton,morton
pole,pole
geringe,low
lungenentzündung,pneumonia
organ,organ
jugendamt,youth welfare office
scherben,shards
gretel,Gretel
ferrari,Ferrari
bewundernswert,admirable
befinde,located
blamieren,embarrass
plattform,platform
grande,grand
waschbecken,bathroom sink
sitten,customs
riskierst,risk
hazel,hazel
angeführt,listed
madeline,Madeline
schmuggler,smuggler
jaguar,jaguar
spannungsgeladene,tension-filled
meckern,complain
aufschrei,outcry
untreu,unfaithful
halbwegs,somewhat
scheißkerle,bastards
micah,micah
eintrifft,arrives
unterbringen,accommodate
hinhalten,stalling
miez,cat
director,director
versetzung,transfer
escobar,Escobar
rummachen,making out
gespür,flair
hausmädchen,maid
streck,stretch
zusätzlichen,additional
ausfahrt,exit
rechtmäßig,lawfully
wiederhergestellt,restored
reale,real
sowjets,Soviets
zubereitet,prepared
filter,filter
werwölfe,werewolves
boah,wow
clem,clem
olaf,Olaf
weihnachtsgeschenk,Christmas present
pilar,pilar
gladys,gladys
vierzehn,fourteen
pimmel,willie
geschmuggelt,smuggled
notfalls,if necessary
entzogen,withdrawn
kristen,Kristen
davey,Davey
jahrzehnten,decades
bryan,Bryan
siege,victories
psychisch,psychological
durchfall,diarrhea
abschießen,shoot
wiener,Viennese
bademantel,bathrobe
edel,noble
mrt,MRI
wehrt,defends
langweilige,boring
kanns,can
sponsor,sponsor
bereiche,areas
wiederherstellen,restore
ballons,balloons
betete,prayed
rückstand,residue
disneyland,Disneyland
behindern,hinder
aurora,aurora
garak,garage
bösartig,malign
bezogen,related
siedler,settlers
junggeselle,bachelor
hats,hats
audienz,audience
vielversprechend,very promising
linc,linc
jacobs,Jacobs
grobe,rough
putze,clean
überwiesen,transferred
constance,Constance
havanna,Havana
gehaltserhöhung,salary increase
indianern,Indians
lorna,Lorna
zufälle,coincidences
durchschneiden,cut
liberty,liberty
manfred,Manfred
verehren,worship
ebenen,levels
ami,ami
bam,bam
donnern,thunder
quadranten,quadrant
porsche,Porsche
lotto,lotto
fusco,fusco
sympathie,sympathy
schöneres,more beautiful
erfülle,fulfill
pur,pure
aufgefordert,requested
kitzelt,tickles
eingeholt,obtained
nebraska,Nebraska
verzweifelte,desperate
esszimmer,dining room
vorkehrungen,precautions
muse,muse
herrschte,prevailed
intelligenter,intelligent
entschädigung,compensation
wundere,wonder
eigenhändig,hand
aufdringlich,intrusive
hergeben,give up
chu,chu
schwachköpfe,idiots
verpasste,missed
therapeutin,therapist
bluff,bluff
europäischen,European
bequemer,comfortable
verdirbt,spoils
malerei,painting
chevy,Chevy
magda,Magda
betreuer,supervisor
fledermäuse,bats
angeschlagen,damaged
verlag,publisher
lest,read
rausbekommen,find out
siegt,wins
rod,rod
norton,Norton
mabel,Mabel
ertränkt,drowned
verwöhnen,pamper
gegraben,dug
smiley,smiley
eingeführt,introduced
verschlingen,devour
weibt,women
spike,spike
gänse,geese
renee,renee
zurückzubekommen,to get back
schnabel,beak
befugt,authorized
klickt,click
abliefern,deliver
anbringen,attach
werten,value
entspannung,relaxation
halunke,scoundrel
schrein,shrine
gemahl,husband
vernünftiger,reasonable
roh,raw
kalter,cold
heft,notebook
wegschicken,send away
kenji,Kenji
gebraten,fried
publicity,publicity
vorstelle,imagine
wellington,Wellington
sarkasmus,sarcasm
frist,deadline
superhelden,superheroes
eigenem,own
gasthaus,inn
davongekommen,escaped
abwärts,down
bestelle,order
coleman,Coleman
erfolge,successes
mutanten,mutants
krypton,krypton
françoise,Françoise
wärmen,warm
vollidioten,complete idiots
mitfahrgelegenheit,carpooling
sterblichen,mortal
sergej,Sergej
decker,decker
traktor,tractor
schlaftabletten,sleeping pills
wichtigkeit,importance
unterhalt,maintenance
brauchtest,needed
dubois,dubois
grüßt,Greetings
renovieren,renovate
demut,humility
mücken,mosquitoes
dickes,thick
beantragt,applied for
linker,left
erfrieren,freeze
huang,huang
head,head
gezweifelt,doubts
bbc,BBC
dargestellt,shown
busse,buses
jeglicher,any
schnallen,buckles
meldungen,reports
unglücklichen,unfortunate
glotzen,stare
verständigt,notified
orion,Orion
menü,menu
weiterziehen,move on
nachhause,home
möse,cunt
stacey,Stacey
donnergrollen,thunder rumble
frodo,Frodo
verzerrt,distorted
losgegangen,started
pennen,sleep
free,free
aufgegessen,eaten
einfall,incidence
südlichen,southern
wolfgang,wolfgang
stärkere,stronger
vergibt,awards
hochkommen,come up
reh,deer
überwältigen,overwhelm
brave,brave
iii,iii
solomon,Solomon
señorita,señorita
campen,camp
krankenschwestern,nurses
reservieren,reserve
ultraschall,ultrasonic
lambert,Lambert
passenden,suitable
temperaturen,temperatures
verschwommen,blurred
geborgen,rescued
brich,break
bedanke,thank you
schwefel,sulfur
lasagne,lasagne
knallhart,hardcore
repräsentiert,represents
luzifer,Lucifer
strauß,bouquet
playboy,playboy
splitter,splinter
überfällig,overdue
nahmst,took
stinkenden,stinking
außenposten,outpost
vegetarier,vegetarian
pi,pi
winken,waving
schuften,toil
überlebe,survive
wegzunehmen,to remove
adalind,adalind
herüber,over
ermordeten,murdered
schnitte,cuts
schwimmbad,swimming pool
finster,dark
tötung,killing
ahnt,suspects
unsichtbaren,invisible
exempel,example
blackout,blackout
tribut,tribute
unkraut,weed
disco,disco
enthüllt,unveiled
herausfordern,challenge
lebwohl,goodbye
verzichtet,waived
träne,tear
vorstellungskraft,imagination
beschossen,shelled
indizien,evidence
überwachungskamera,surveillance camera
springer,springer
ungeachtet,regardless
wütender,angrier
einhorn,unicorn
sibirien,Siberia
morning,morning
cook,cook
mc,mc
kriecht,crawls
crow,crow
ohrfeige,slap
showtime,show time
wahnsinnigen,insane
anklopfen,knock
bliebe,remain
bergab,downhill
klartext,plain text
aufführen,perform
gewickelt,wrapped
merlyn,Merlyn
budapest,Budapest
geschleppt,towed
geärgert,annoyed
verwischen,blur
abrechnung,invoice
open,open
stabilisiert,stabilized
libby,libby
verübeln,resent
cambridge,Cambridge
marschall,marshal
vorrang,priority
gegriffen,grabbed
katz,cat
mindy,mindy
lauert,lurks
entsorgen,dispose
attackiert,attacked
leinen,linen
vernon,Vernon
woraus,from which
lokalisiert,localized
peilsender,tracking beacon
zauberhaft,magical
ähneln,resemble
bub,boy
aussichten,prospects
zelte,tents
jaime,Jaime
weihnachtsbaum,Christmas tree
antlitz,face
klon,clone
taktische,tactical
göttlich,divine
ertappt,caught
geschmacklos,tasteless
herauskommt,comes out
anerkennen,recognize
rubel,ruble
expertin,expert
jh,jh
cockpit,cockpit
mobile,mobile
plakat,poster
vermietet,rented
albernen,silly
weinend,weeping
piano,piano
castiel,castiel
leah,leah
ansetzen,to
scheißding,Shitty thing
fawlty,fawlty
melone,melon
schwesterchen,little sister
scharfschütze,sniper
verjagen,chase away
schafften,managed
erzbischof,archbishop
gutaussehend,good-looking
umgehauen,knocked out
meere,seas
katrin,Katrin
ausgraben,dig up
schraube,screw
ohrring,earring
unteroffizier,non-commissioned officer
abgeordneten,delegates
pascha,Pasha
reinkam,came in
aufgibt,gives up
buchstabieren,spell
erdgeschoss,ground floor
heiter,cheerful
vorspiel,foreplay
jadzia,jadzia
bezaubernde,enchanting
ausländischen,foreign
fundament,foundation
troi,troi
aufgesetzt,set up
krumm,crooked
sauna,sauna
schrottplatz,junkyard
offenbaren,reveal
undeutlich,indistinct
grässlich,horrible
ordentliche,proper
dusty,dusty
hinterhof,backyard
angriffs,attack
heimatstadt,hometown
dümmer,dumber
reitest,ride
verspielt,playful
opium,opium
fingernägel,fingernails
scherzt,jokes
eintauschen,exchange
anleitung,directions
verwundete,wounded
zweig,branch
zange,tongs
webseite,website
kanalisation,sewage system
hurensöhne,sons of whores
lebensgefahr,life-threatening
vulgär,vulgar
beben,tremble
sogenannte,so-called
deeks,deeks
keep,keep
großmaul,big mouth
dulde,tolerate
nachdenkt,thinks
about,about
niedergebrannt,burned down
schacht,shaft
lucien,Lucien
gemahlin,wife
henrys,Henry's
babysitten,babysitting
zugemacht,closed
winters,winters
walters,Walters
zaubertrank,magic potion
pepe,Pepe
einsicht,insight
angus,Angus
glänzend,glittering
ahhh,ahhh
tätigen,do
webster,Webster
angelina,Angelina
jämmerlich,miserable
hineingezogen,drawn in
stahlen,stole
langweiligen,boring
clinton,Clinton
tornado,tornado
ziva,ziva
katrina,Katrina
bestürzt,dismayed
feierlich,solemnly
erkundigt,inquired
vereinten,united
flüchtige,fleeting
ausgezeichneter,excellent
treibe,drive
schrotflinte,shotgun
waschlappen,washcloth
fairen,fair
rossi,Rossi
jag,hunt
tresorraum,vault
bombardiert,bombed
vorbestraft,prior conviction
recherche,research
videospiele,video games
läge,would be
augenblicke,moments
lilith,Lilith
kaff,coffee
summers,summers
poet,poet
versprechungen,promises
ba,ba
beistehen,to assist
priya,Priya
endlose,endless
ping,ping
vikaay,vikaay
spielsachen,toys
dalli,dalli
problems,problems
aufgegangen,opened
fairer,fair
verehrter,esteemed
dreckschwein,filthy pig
zylinder,cylinder
brech,break
persönlichkeiten,personalities
randolph,Randolph
modelle,models
geschwängert,pregnant
gläschen,small glass
vorliegen,are
physische,physical
lauern,lurking
castro,Castro
lover,lover
sissi,Sissi
zünde,over
obdachlos,homeless
merkwürdiger,strange
ununterbrochen,continuously
zdf,ZDF
gerichte,dishes
bedeutend,significant
schwerste,heaviest
morddezernat,homicide division
whiteywhiteman,whiteywhiteman
vizepräsidenten,vice presidents
mustang,mustang
ineinander,interlocking
friert,freezes
üblicherweise,usually
tschuldige,Sorry
waage,scale
verkabelt,wired
lieferanten,suppliers
schmeiße,throw
weston,Weston
aufessen,eat up
geizig,stingy
präsidium,presidium
tyrannei,tyranny
krähe,crow
tiefes,deep
skript,script
diamond,diamond
kakerlaken,cockroaches
gewendet,turned
unvermeidlich,inevitable
gral,grail
knarrt,creaks
klassen,classes
zusammenbrechen,collapse
mittels,by
vormund,guardian
again,again
geschubst,pushed
geheimer,secret
nachteil,disadvantage
anheuern,hire
erweitert,expanded
fälschen,forgery
murmelt,murmurs
elle,elle
automatische,automatic
anführen,lead
verschlagen,cunning
verarbeitet,processed
gomez,Gomez
kälter,colder
offensive,offensive
werf,throw
unfreundlich,unfriendly
aktiviere,activate
installieren,install
wahnvorstellungen,delusions
gezeugt,conceived
exzellente,excellent
bowling,bowling
solang,as long as
thad,thad
begabung,talent
revoir,goodbye
iq,iq
auferstehung,resurrection
athen,Athens
ausländische,foreign
heikel,delicate
helmut,Helmut
pasta,pasta
schwörst,swear
altmodische,old-fashioned
garth,garth
anzutun,to do
think,think
ya,yes
foul,foul
obdachlose,homeless
gegengift,antidote
ermutigt,encouraged
tschau,bye
spalt,gap
geschäftliche,business
romane,novels
zügen,trains
gekotzt,vomited
überweisen,transfer
maschinengewehr,machine gun
wau,woof
nobel,Nobel
imbiss,snack
faktor,factor
beecher,beecher
wortwörtlich,literally
schiebe,push
akku,battery
zurückgeschickt,returned
vermag,able to
sehnt,longs
spukt,haunts
sergei,Sergei
beauty,beauty
feuchten,damp
honorar,fee
kamel,camel
handschuhfach,glove compartment
finanzierung,financing
jed,each
gerichtshof,court
landstreicher,vagrant
verfasst,written
sowjetischen,Soviet
aufregendes,exciting
glaubwürdig,credible
jahrmarkt,fair
grundsätzlich,basically
weide,pasture
alabama,Alabama
schnürsenkel,shoelaces
zurückverfolgt,traced back
krusty,krusty
elenden,wretched
kreuzfahrt,cruise
alberne,silly
oslo,Oslo
bedenke,consider
mitgespielt,played
gebieten,areas
jacqueline,Jacqueline
bemühe,try
epidemie,epidemic
sperr,lock
bellamy,bellamy
volltrottel,complete idiot
neige,tend to
gekratzt,scratched
handlanger,henchman
lebensende,end of life
positiven,positive
weckst,wake up
eingestiegen,boarded
alpen,Alps
hindernisse,obstacles
kläre,clarify
unterwerfen,subdue
schwaches,weak
dünner,thinner
symptom,symptom
oberhaupt,head
kilometern,kilometers
anbietet,offers
waffeln,waffles
cecil,Cecil
kaiserlichen,imperial
schlussfolgerung,conclusion
ugh,ugh
haufenweise,heaps
stiegen,rose
reingegangen,went in
verdächtiges,suspicious
kraftwerk,power plant
sergio,Sergio
wiesel,weasel
nova,nova
aufgeteilt,divided
aires,airs
verkauften,sold
bezeichnung,designation
besiegelt,sealed
hocken,squat
dixie,dixie
infanterie,infantry
fußstapfen,footsteps
hautfarbe,skin color
erneuern,renew
sexualität,sexuality
bäh,yuck
shows,shows
samir,Samir
spielverderber,spoilsport
frustrierend,frustrating
nachsitzen,detention
kleineren,smaller
ilona,Ilona
geduscht,showered
auffressen,eat
palästina,Palestine
rabe,raven
renoviert,renovated
been,been
muriel,Muriel
kassiert,collected
atlantis,Atlantis
politischer,political
hoyt,hoyt
stehle,steal
unternehmens,company
klügste,smartest
nachsichtig,lenient
patrioten,patriots
handynummer,mobile number
lump,lump
saubermachen,clean up
sherwood,Sherwood
order,order
matte,mat
gesteuert,controlled
reno,reno
gurt,belt
chapman,Chapman
begegnete,encountered
selbstständig,self-employed
ermutigen,encourage
son,son
stifte,pens
bescheidenen,modest
exemplare,copies
talbot,Talbot
aufzuräumen,to tidy up
dreist,brazen
gepinkelt,peed
stande,stood
gesehene,seen
taucher,diver
maryland,Maryland
asterix,asterix
hockey,hockey
brise,breeze
hoffst,hope
kreuze,crosses
vermont,Vermont
verbesserung,improvement
fargo,Fargo
nachsicht,indulgence
marlowe,Marlowe
unbedeutend,insignificant
geisteskrank,mentally ill
vorsingen,audition
tauchst,dive
wohnmobil,motorhome
neigung,inclination
vito,vito
kreuzzug,crusade
untergetaucht,submerged
durchgekommen,got through
feigen,figs
truman,Truman
batiatus,batiatus
prostituierten,prostitutes
perversling,pervert
kreide,chalk
leckeres,delicious
troll,troll
berta,Berta
trucks,trucks
landsleute,compatriots
saugt,sucks
hero,hero
sammelte,collected
aufzuklären,to clarify
neugierde,curiosity
reinstecken,insert
übelkeit,nausea
casper,Casper
galaxis,galaxy
bankräuber,bank robbers
wiedererkannt,recognized
bordeaux,Bordeaux
kräftiger,stronger
lebendige,lively
schwiegertochter,daughter-in-law
freute,rejoiced
abteil,compartment
jahrzehnt,decade
durchsetzen,push through
pearson,pearson
behandelte,treated
ausblick,outlook
glaubwürdigkeit,credibility
geoffrey,Geoffrey
amateure,amateurs
weiblicher,female
pracht,splendor
antenne,antenna
fire,fire
drucker,printer
vermehren,multiply
lagst,lay
erlebte,experienced
kiss,kiss
müßte,would have to
gaston,gaston
hundertprozentig,one hundred percent
shampoo,shampoo
ärmste,poorest
schwuchteln,faggots
funktionen,functions
zärtlichkeit,tenderness
teri,teri
tex,tex
erzielen,achieve
meldest,report
wesentlichen,essential
teures,expensive
aufzutauchen,to appear
unvernünftig,unreasonable
neujahr,New Year
ram,R.A.M
titanic,Titanic
agieren,act
riemen,belt
avatar,avatar
angehörige,relatives
fegefeuer,purgatory
längste,longest
zitterst,tremble
oliven,olives
rannten,ran
generäle,generals
bestätigte,confirmed
mini,mini
lolita,Lolita
tröstet,comforts
beat,beat
schwachstelle,weak point
apotheker,pharmacist
schwingt,swings
toren,tors
auszahlen,pay out
aufschneiden,cut open
dienerin,maid
brüderchen,little brother
knüppel,stick
ruhiges,quiet
gefroren,frozen
buffet,buffet
brother,brother
zaren,tsars
riff,reef
traktorstrahl,tractor beam
zitiert,quoted
mördern,murderers
steroide,steroids
gebrochenes,broken
faszinierende,fascinating
tasha,Tasha
machete,machete
guido,Guido
männlichkeit,masculinity
miau,meow
serviette,napkin
bescheuerte,stupid
suzy,suzy
missachtung,disregard
beschimpft,insulted
pickel,pimple
atlantik,Atlantic
aussterben,extinction
chung,chung
terminal,terminal
casa,casa
anschreien,shouting
hämmern,hammer
hopper,hopper
alarmieren,alert
darby,darby
abschiedsbrief,farewell letter
kerls,guys
beleuchtung,lighting
herausholen,extract
wohlergehen,well-being
bumst,fucks
verriet,revealed
gino,Gino
mccarthy,McCarthy
amtes,office
besagen,say
einspringen,step in
va,va
existierte,existed
barfuß,barefoot
met,met
meilenweit,miles away
franken,francs
rechnet,calculates
brandstiftung,arson
blockade,blockade
füttere,feed
mer,more
ausgerichtet,aligned
underwood,underwood
spitz,pointed
gedankt,thank you
pol,pole
gossip,gossip
stichwort,keyword
rain,rain
hacke,hoe
dasein,to be there
pyramide,pyramid
entführte,kidnapped
spannen,tension
velma,velma
überlegst,are you considering
abzunehmen,to lose weight
schickes,stylish
anmut,grace
divya,divya
sea,sea
dock,dock
autorisiert,authorized
kleiden,dress
holger,holger
partikel,particles
wecke,wake up
murph,Murphy
livia,Livia
flehen,plead
barbecue,barbecue
patsche,patsch
mercy,mercy
füttert,feeds
cheyenne,Cheyenne
evidence,evidence
widerspricht,contradicts
ordnen,arrange
sizilien,Sicily
verschenken,to give away
lockerer,looser
propaganda,propaganda
gewässer,bodies of water
landeten,landed
anonyme,anonymous
verschone,spare
tollste,greatest
schuldige,culprit
ablassen,drain
geiste,spirit
hawk,hawk
justine,Justine
aussehende,looking
krepieren,die
going,going
herausbekommen,find out
con,con
zynisch,cynical
regelrecht,properly
spionieren,spy
anhalter,hitchhiker
erlebe,experience
palace,palace
clouseau,clouseau
lip,lip
einführen,introduce
kopfweh,headache
erwachte,awoke
nazir,Nazi
genetischen,genetic
herzlos,heartless
hinsichtlich,regarding
blutprobe,blood sample
abspielen,play
angestrengt,strained
ecstasy,ecstasy
gefallenen,fallen
horace,horace
vorzüglich,excellent
nachtrag,addendum
stewardess,stewardess
grabe,dig
parkt,parks
kanäle,channels
wah,TRUE
akzeptabel,acceptable
nucky,nucky
jungfer,virgin
wandeln,transform
anzulegen,to create
nordpol,North Pole
shepard,shepard
hellen,bright
unmoralisch,immoral
zitiere,quote
gage,fee
krankenhauses,hospital
ten,ten
referenzen,references
ansah,looked
rausnehmen,remove
lächelte,smiled
spider,spider
lynette,lynette
tyrann,bully
ace,ace
legionen,legions
verbluten,bleed to death
minbari,minbari
teilhaben,participate
studios,studios
corporation,corporation
gewaltsam,violent
enormen,enormous
militärs,military
verleugnen,deny
philosoph,philosopher
pinguine,penguins
gefälschten,fake
rosemary,rosemary
nachlässig,negligent
ursula,Ursula
dorfes,village
durchgezogen,carried through
fesselt,captivates
privater,private
maddox,maddox
versperrt,blocked
ehrenwerte,honorable
mendez,mendez
tourist,tourist
mitgift,dowry
raubt,robs
grabstein,gravestone
wachst,grows
mondlicht,moonlight
monique,monique
unschuldiges,innocent
täusche,deceive
jacky,jacky
zivilisiert,civilized
schwimmer,swimmer
suv,SUV
pinsel,paint brush
weggezogen,moved away
völlige,complete
erlöser,Redeemer
zertrümmert,shattered
spiegelbild,mirror image
eintragen,register
viert,fourth
princeton,Princeton
manuell,manually
fünfmal,five times
must,must
tanten,aunts
zerbrach,broke
erzielt,achieved
glücks,luck
humphrey,Humphrey
radius,radius
margo,margo
endgültige,final
limit,limit
kobold,leprechaun
geheult,howled
whitney,Whitney
typischer,typical
ausstattung,equipment
ferner,further
unpassend,inappropriate
waldes,forest
wählst,choose
por,per
dings,thing
seufzen,sigh
jericho,Jericho
gunther,gunther
wegzugehen,to leave
armand,Armand
revanchieren,retaliate
paaren,pairing
läuse,lice
torchwood,torchwood
father,father
schweinefleisch,pork
zirkel,circle
herausfinde,find out
kartoffel,potato
clans,clans
miserabel,miserable
zeitraum,period
starrte,stared
nachholen,catch up
unschlagbar,unbeatable
karibik,Caribbean
distrikt,district
ingenieure,engineers
rosalie,Rosalie
untere,lower
klettert,climbs
abgestimmt,agreed
verabredungen,appointments
josie,Josie
standhalten,withstand
vordringt,advances
freundschaften,friendships
überarbeitung,revision
messias,Messiah
vi,vi
vortreten,step forward
eiserne,iron
rekrutiert,recruited
klassenzimmer,classroom
nagus,nagus
clennam,clennam
malmö,Malmö
befallen,infested
lockwood,lockwood
katalog,catalog
jedermanns,everyone's
garden,garden
ansager,announcer
reha,rehabilitation
versöhnen,reconcile
flott,fast
junkies,junkies
ladyschaft,ladyship
feldern,fields
regelt,regulates
spendieren,donate
betrübt,saddened
bess,better
martine,Martine
unwiderstehlich,irresistible
greer,greer
tierisch,animal
altern,aging
verhältnisse,conditions
sparks,sparks
losgeworden,got rid of
einreden,persuade
weibern,women
warpantrieb,warp drive
sonnensystem,solar system
dornröschen,Sleeping Beauty
talk,talk
diabetes,diabetes
qualitäten,qualities
psyche,psyche
unsre,our
farbige,colored
zerstörst,destroy
geweiht,consecrated
enttäuschend,disappointing
rammen,ram
nützliches,useful
verabreichen,administer
flinte,shotgun
maman,mom
wonder,wonder
gesundes,healthy
traditionelle,traditional
russel,Russell
orakel,oracle
psychologe,psychologist
erinner,remember
drängeln,pushing
matrose,sailor
lehrling,apprentice
zusammengestellt,compiled
abwehr,defense
brocken,chunks
wiederholung,repetition
benedict,Benedict
lestrade,Lestrade
mücke,mosquito
stiche,stitches
durchbrochen,broken through
rücktritt,resignation
rädern,wheels
fügt,adds
bestehst,you pass
loben,praise
nizza,Nice
niesen,sneeze
polizeisirene,police siren
maquis,maquis
utah,Utah
umlauf,circulation
schmieden,forge
schnappte,snapped
landebahn,runway
beistand,assistance
naturtalent,natural talent
lücken,gaps
liebesgeschichte,love story
ausgefüllt,filled out
stellvertretende,deputy
bean,bean
quatscht,chatters
herzliches,cordial
lung,lung
englischer,English
amerikanisches,American
minnesota,Minnesota
außergewöhnlichen,extraordinary
wandte,turned
mcdonald,McDonald
portugal,Portugal
erfrischend,refreshing
mitarbeitern,employees
brillanter,brilliant
nog,nog
gefährten,companions
ungestraft,unpunished
tresen,counter
jammert,laments
techniken,techniques
geilen,awesome
hebräisch,Hebrew
darbietung,performance
getarnt,camouflaged
ausgelacht,laughed at
ólafur,olafur
existiere,exist
körpern,bodies
signatur,signature
mam,mom
botschafterin,ambassador
maximum,maximum
dukat,ducat
every,every
manipulation,manipulation
perkins,Perkins
gespritzt,sprayed
tennessee,Tennessee
pilz,mushroom
tollwut,rabies
jimbo,Jimbo
abgekauft,bought
fine,fine
wäscherei,laundry
billiges,cheap
saigon,Saigon
telefonat,phone call
restliche,remaining
shrek,Shrek
kirschen,cherries
ferguson,Ferguson
rauskam,came out
casanova,Casanova
vergingen,passed
schaukeln,rock
bestenfalls,at best
aufschub,postponement
erreichten,reached
heimgehen,go home
fonds,funds
urkunde,certificate
zahlungen,payments
spannungen,tensions
scharfes,sharp
exekution,execution
tanzfläche,dance floor
wimmern,whimper
eingesteckt,plugged in
versicherungen,insurances
blank,blank
josephine,Josephine
schmeicheln,flatter
erschuf,created
hodgins,Hodgins
wütende,furious
abwaschen,wash
sonnen,sun
spüle,sink
katholischen,Catholic
drogenhandel,drug trafficking
geschwollen,swollen
cobra,cobra
briefträger,postman
beschmutzt,soiled
wink,wink
christie,Christie
shana,Shana
vierter,fourth
schloß,lock
aura,aura
auschwitz,Auschwitz
privilegien,privileges
behauptung,claim
aufkommen,arise
reichsten,richest
übernatürliche,supernatural
hinterzimmer,back room
sportsfreund,sports enthusiast
salami,salami
lösungen,solutions
scheiterhaufen,pyre
gerammt,rammed
äffchen,little monkey
arterie,artery
nachfragen,ask
happen,happen
anmerken,note
dagelassen,left
verhungert,starved
unterbreche,interrupt
bombardieren,bomb
blickwinkel,perspective
gemüt,mind
mittlere,medium
sommers,summer
konfrontation,confrontation
flossen,fins
cortez,Cortez
teilten,shared
knaller,awesome
aspekt,aspect
bestehlen,steal
geortet,located
berühmtheit,celebrity
skip,skip
through,through
eifer,zeal
beantrage,apply
schmeichelhaft,flattering
karotten,carrots
mutigen,courageous
trinity,trinity
bemerkungen,remarks
zurückgeholt,recovered
müllcontainer,garbage container
uss,uss
timings,timings
google,Google
koffein,caffeine
unterdrückung,oppression
glöckchen,bell
diaz,diaz
aufwachst,wakes up
ip,IP
dillon,dillon
cassandra,cassandra
leckere,delicious
mã,mã
arlene,arlene
nan,nan
dong,dong
telefoniere,make phone call
heiden,heathen
serienkiller,serial killer
melinda,Melinda
amüsier,amusing
reagierte,reacted
duffy,Duffy
gleichung,equation
genugtuung,satisfaction
hügeln,hills
unbekanntes,unknown
brock,brock
waffenhändler,arms dealer
lauschen,listen
wußten,knew
bares,cash
stattfand,took
skeptisch,skeptical
engeln,angels
kommode,dresser
izzie,Izzie
geweigert,refused
auszulöschen,to extinguish
kanadier,Canadian
altersheim,nursing home
sucher,search
himmlische,heavenly
überglücklich,overjoyed
badeanzug,swimsuit
boone,boone
leihst,borrow
nichtsnutz,good-for-nothing
günther,Günther
vollmacht,power of attorney
mitbürger,fellow citizen
katniss,Katniss
abhängt,depends
überreagiert,overreacted
großziehen,raise
statuen,statues
raptor,raptor
sutton,Sutton
snacks,snacks
patrik,Patrick
starre,rigid
hilton,Hilton
ausgeruht,rested
zuhörer,listeners
oberschenkel,thigh
politisches,political
zerquetschen,crush
schlossen,closed
anfälle,seizures
vladimir,Vladimir
herkamen,came from
mucks,sound
beherrschung,mastery
klappte,It worked
beschäftigung,occupation
gerächt,avenged
ereignet,happened
zucken,twitch
vogelgezwitscher,birdsong
foundation,foundation
micky,Mickey
glänzende,shiny
hingen,hung
blamiert,embarrassed
wehzutun,to hurt
domino,domino
gatsby,Gatsby
gesteht,confesses
vorderen,front
cecilia,Cecilia
bedecken,cover
geblendet,blinded
muttermal,birthmark
selbstzerstörung,self-destruction
proctor,proctor
allergie,allergy
polizeiwache,police station
gleichmäßig,evenly
raoul,Raoul
liebesleben,love life
größtes,largest
ungezogen,naughty
vertrauten,trusted
strengen,strict
durchlaufen,go through
pusten,blow
eingehalten,adhered
kanne,can
hintereingang,rear entrance
tyrannen,tyrants
pc,PC
isolation,isolation
verdeckte,hidden
verklemmt,jammed
rumliegen,lying around
durchsuchung,search
vergießen,shed
tito,Tito
petersburg,Petersburg
update,update
beisammen,together
disney,Disney
totalen,total
verfolgten,pursued
dirty,dirty
hélène,Helene
pubertät,puberty
impulsiv,impulsive
flugzeugen,aircraft
bajoraner,Bajorans
gerhard,Gerhard
behutsam,carefully
hypothese,hypothesis
architekten,architects
alfredo,Alfredo
moor,moor
spritzt,squirts
pokal,cup
brutalen,brutal
witzige,funny
biologischen,biological
schießpulver,gunpowder
zimmermädchen,chambermaid
digital,digital
hündin,bitch
rausgegangen,went out
professioneller,professional
oakland,Oakland
gefährlichste,most dangerous
entsorgt,disposed of
nathaniel,Nathaniel
späher,spies
destiny,Destiny
liess,let
pferdchen,little horse
marquez,Marquez
trümmern,ruins
ladet,loads
juanita,Juanita
abhören,eavesdropping
mandeln,almonds
skala,scale
intim,intimate
kathleen,Kathleen
unterhaltsam,entertaining
verabscheue,abhor
aufhöre,stop
nadja,Nadja
verkuppeln,matchmaking
morrison,Morrison
nachtwächter,night watchman
eintopf,stew
ju,ju
ludo,ludo
dickie,dickie
augenblicklich,instantaneously
herrliches,wonderful
ungeschehen,undo it
skorpion,Scorpio
prüft,checks
besichtigen,view
control,control
unsern,our
athena,Athena
linden,linden
westens,west
pippi,Pippi
hübscheste,prettiest
widerling,disgusting
speichern,save
ergehen,go
einstweilige,temporary
indische,Indian
antiken,ancient
durcheinandergerede,confused talk
kürzen,shorten
begierde,desire
lyon,Lyon
tonic,tonic
theke,counter
shogun,shogun
tibet,Tibet
katholische,Catholic
mitzubringen,to bring
muffins,muffins
kowalski,Kowalski
umbringe,kill
zugabe,encore
rausgekriegt,figured it out
erkundigen,inquire
allesamt,all
magd,maid
aussehend,looking
klappert,rattles
beschäftige,employ
wagte,dared
popmusik,pop music
hillary,Hillary
ananas,pineapple
darwin,Darwin
andi,and I
zurückgeblieben,left behind
bürgersteig,sidewalk
lau,lukewarm
wing,wing
mika,mika
evil,evil
rubin,ruby
emilie,Emilie
ausbreiten,spread
ruben,Ruben
hausarbeit,homework
poe,poe
vorgeworfen,accused
unterkriegen,defeat
wirke,work
holden,hold
vornehm,elegant
straßenrand,roadside
aufnimmt,records
redakteur,editor
gouverneurs,governors
wörterbuch,dictionary
abstürzen,crash
ochse,ox
surren,buzzing
gefängnisse,prisons
netteste,nicest
schwächling,weakling
übertreibt,exaggerates
manning,manning
muschis,pussies
verhaftungen,arrests
ewiges,eternal
komplexe,complex
überlastet,overloaded
rausgelassen,released
bonbon,sweet
lama,lama
bescheuerten,stupid
kompromisse,compromises
rauscht,rushes
hofften,hoped
erfordern,require
simple,simple
abwenden,avert
leukämie,leukemia
beachte,note
dachtet,thought
amulett,amulet
ohrfeigen,slaps
spot,spot
türkisch,Turkish
strohhalm,straw
brandt,brandt
helles,bright
arbeitstag,workday
entbehren,lack
konstruiert,constructed
arbeitern,workers
verlangsamen,slow
attraktiver,attractive
weiterarbeiten,continue working
karo,checkered
nestor,Nestor
padre,padre
alarmiert,alerted
till,till
dream,dream
homie,homie
bobo,bobo
hütten,huts
wenns,if
aufbau,construction
rodriguez,Rodriguez
launen,moods
diplom,diploma
bewerten,evaluate
allemal,in any case
ziemliches,quite a lot
vorbeigehen,pass by
klippen,cliffs
pilger,pilgrim
reizt,irritates
freigesetzt,released
ernest,Ernest
begeistern,inspire
ehrengast,guest of honor
gaul,horse
sirup,syrup
östlichen,eastern
zement,cement
klarzustellen,to clarify
umhauen,knock you out
lieblingsessen,favorite food
unbequem,uncomfortable
markierung,mark
abbott,abbott
zukommt,comes
meetings,meetings
bourne,bourne
sankt,Saint
blade,blade
tüten,bags
röhre,tube
kontrollraum,control room
durchgeschnitten,cut
testergebnisse,test results
winkt,wave
sunny,sunny
denis,denis
lebendigem,living
piggy,piggy
konflikte,conflicts
touchdown,touchdown
rausfindet,finds out
jaffa,Jaffa
buckel,humpback
natürlicher,natural
trunkenheit,drunkenness
beklagt,complains
wertvollen,valuable
abschleppen,towing
chemischen,chemical
landwirtschaft,agriculture
weggebracht,taken away
sonya,Sonya
casting,casting
wanzen,bedbugs
tölpel,clumsy
ausdauer,endurance
ungelegen,inconvenient
schlüpfen,slip
verwirklichen,achieve
verschollen,missing
loretta,Loretta
ripley,Ripley
abgehoben,picked up
einigermaßen,reasonably
verhauen,beat up
mio,million
ständigen,constant
weihnacht,Christmas
zügel,reins
panisch,panic
erstattet,refunded
traute,trusted
tagesordnung,agenda
marken,brands
verseucht,contaminated
todesangst,deathly fear
chun,chun
aufgeladen,charged
these,thesis
reingesteckt,inserted
klärt,clarifies
schotten,Scots
linkshänder,left-handed
hurrikan,hurricane
lädst,loads
staatlichen,state
hinterlasst,leave
schusswunde,gunshot wound
warehouse,warehouse
isobel,isobel
unverantwortlich,irresponsible
weber,Weber
jethro,jethro
gesäubert,cleaned
kepner,kepner
ehevertrag,prenuptial agreement
kollektiv,collective
jewel,jewel
klassisch,classic
söhnen,sons
spalten,split
camilla,Camilla
schweige,silence
nana,nana
beiße,bite
wandel,change
annimmt,assumes
lightning,Lightning
lebrac,lebrac
rettungswagen,ambulance
überlasst,leaves
programmieren,program
zurückschlagen,fight back
moody,moody
TRUE,TRUE
nachtigall,nightingale
einzubrechen,to break in
bedeutende,significant
leiht,lends
marcos,Marcos
pacific,Pacific
bauchschmerzen,stomach pain
urteile,judgments
luftschleuse,airlock
polo,polo
muskel,muscle
judd,judd
herausstellt,highlights
verschlechtert,worsened
verschlungen,devoured
dus,dus
schleim,mucus
unverzeihlich,unforgivable
ufo,UFO
verfickter,fucking
umzulegen,to lay down
lowell,lowell
erwartung,expectation
glücklichsten,happiest
jeglichen,any
around,around
heikle,delicate
conny,Conny
offensichtliche,obvious
machbar,feasible
geformt,shaped
anschaut,looks
schlich,crept
vorrücken,advance
abgesperrt,cordoned off
mercer,mercer
leitende,leading
hobbys,hobbies
profitiert,benefits
kneifen,pinching
überlebten,survived
runterholen,bring down
notfälle,emergencies
beieinander,together
massieren,massage
sofie,Sophie
ausrasten,freak out
vorhatte,planned
mediziner,physician
fanatiker,fanatic
jungfräulichkeit,virginity
fahrerflucht,hit and run
pas,pas
halluzination,hallucination
gleiten,slide
kante,edge
rampe,ramp
gezerrt,pulled
keiko,keiko
kill,kill
anstellt,does
emerson,Emerson
kelch,chalice
narn,narn
venen,veins
physischen,physical
versäumen,miss
prellungen,bruises
twist,twist
umgibt,surrounds
unterhalte,entertain
schweinen,pigs
thunfisch,tuna
visage,visage
fe,fe
heiterem,cheerful
totschlag,homicide
verantwortliche,responsible
selbstachtung,self-respect
anheben,lift
babyion,babyion
söhnchen,little son
peg,peg
bezwingen,conquer
gepasst,fit
tanzten,danced
schubs,push
wiedergesehen,met again
hastig,hastily
beneiden,envy
winselt,whines
bloody,bloody
sanatorium,sanatorium
amor,love
dodo,dodo
nasen,noses
moira,moira
gestand,confessed
manu,manu
elin,elin
tragischen,tragic
unbezahlbar,priceless
angetreten,started
gebäck,pastries
anstrengungen,efforts
ire,Irishman
flippt,flips
regenschirm,umbrella
abgekommen,arose
feigheit,cowardice
nachwuchs,offspring
überlebst,survive
meisters,masters
zurückzuziehen,to withdraw
comic,comic
kenntnisse,knowledge
erzwingen,force
towers,towers
rennbahn,racetrack
verdrängen,push away
insekt,insect
vergess,forget
wendell,Wendell
blondie,blondie
psychische,psychological
erwerben,acquire
flicken,patch
verachte,despise
hineingehen,go inside
abstreiten,deny
erkenntnisse,findings
columbus,Columbus
troja,Troy
etagen,floors
respektvoll,respectful
härteste,toughest
wahrnehmen,perceive
coolste,coolest
streiken,strike
unterstellen,assume
nachhilfe,tutoring
lutz,Lutz
beklaut,robbed
abholt,picks up
mayo,mayo
überlegung,consideration
caffrey,caffrey
schnüffelt,sniffs
einigung,agreement
unterlegen,inferior
gemeinen,common
lieh,loan
zahltag,payday
hektar,hectare
übersteigt,exceeds
übergibt,hands over
gerechtfertigt,justified
tonight,tonight
münster,Muenster
zoom,zoom
gästeliste,guest list
spionage,espionage
transfer,transfer
beatles,beatles
giulia,Giulia
maskottchen,mascot
bluffen,bluff
absuchen,search
husch,hush
verletzlich,vulnerable
gekrochen,crawled
dubai,Dubai
jährlich,yearly
bedauert,regrets
wuchsen,grew
mülltonne,garbage can
sol,Sol
verheiraten,marry
shop,shop
prescott,Prescott
aufschlag,surcharge
erniedrigt,humiliated
pot,pot
rausziehen,pull out
finsteren,dark
brutaler,brutal
futsch,gone
bahnsteig,platform
decknamen,code names
hampton,Hampton
untersagt,prohibited
oi,oi
sylvester,New Year's Eve
gandhi,Gandhi
taxis,taxis
fröhlichen,cheerful
plätzen,places
jasmin,jasmine
füge,add
motorräder,motorcycles
erschöpfung,exhaustion
glass,glass
hitlers,Hitler's
missbrauchen,abuse
tätigkeit,task
haute,haute
jeb,jeb
rizzoli,Rizzoli
kontrollen,checks
lehn,lean
rückzieher,retreat
göre,girl
einwanderer,immigrants
infizierten,infected
behauptest,claim
ungünstig,unfavorable
gefühlvolle,emotional
wiederkomme,I will return
zählst,are you counting
richtlinien,guidelines
hohem,high
cleverer,cleverer
pfeif,whistle
jun,June
abblasen,cancel
verschleppt,abducted
traumhaft,dreamy
müttern,mothers
hack,hack
meerjungfrau,mermaid
schlafanzug,pajamas
celeste,celeste
allerbeste,very best
zugänglich,accessible
finanzamt,tax office
verspäten,be late
spence,spence
angelangt,arrived
instruktionen,instructions
ramsey,Ramsey
charmante,charming
volkoff,Volkoff
law,law
befolge,follow
mitkomme,come with me
channel,channel
camillo,Camillo
achterbahn,roller coaster
ignorier,ignore
reimt,rhymes
rumpeln,rumble
durchqueren,traverse
skulptur,sculpture
labs,labs
durant,during
ungehorsam,disobedience
röntgen,roentgen
anhält,continues
play,play
göttlichen,divine
hodscha,Hodja
dünnen,thin
unternehmer,entrepreneur
zulegen,add
mühen,efforts
bahamas,Bahamas
mager,lean
schneidest,cut
psychiatrische,psychiatric
insgeheim,secretly
silberne,silver
thank,thank
once,once
kommandozentrale,command center
pesos,pesos
cardassianischen,Cardassian
ausgibt,spends
stürmisch,stormy
christlichen,Christian
schmerzlos,painless
zak,zak
statthalter,governor
kitschig,kitschy
krabben,crabs
mallory,Mallory
todeszeitpunkt,time of death
reizen,irritate
romantisches,romantic
ausgerüstet,equipped
tatest,tatest
einbauen,install
roberta,Roberta
zwangen,forced
zugewiesen,assigned
kamt,came
gottverdammter,goddamn
aktuell,current
hierlassen,leave here
irritiert,irritated
negativen,negative
verteidigst,defend
entlasten,relieve
schwedisch,Swedish
ventil,valve
vorbeikommt,comes by
polizeifunk,police radio
doppelter,double
verurteilten,convicted
pence,pence
zivilist,civilian
dreieck,triangle
bisherigen,previous
überholen,overtake
rockstar,rockstar
eingeschätzt,assessed
eliza,Eliza
maximale,maximum
gläubigen,believers
rechtfertigt,justifies
hard,hard
verzögern,delay
kehr,return
vögelst,birds
überzogen,excessive
crown,crown
walten,prevail
eröffne,open
toto,toto
baptiste,Baptist
wiederherzustellen,to restore
preußen,Prussia
kã,kã
ghost,ghost
milliardär,billionaire
büchse,can
abitur,high school diploma
dakota,Dakota
pinocchio,Pinocchio
wählten,chose
lan,lan
eistee,iced tea
haste,have
taste,button
kaputtgemacht,broken
aufgedreht,turned up
tatwaffe,murder weapon
gitarrenmusik,guitar music
annehme,assume
sek,sec
mächtigsten,most powerful
törtchen,tarts
rampenlicht,spotlight
gesunder,healthy
täglichen,daily
einklang,harmony
zahnpasta,toothpaste
aufmuntern,cheer up
brachtest,brought
genitalien,genitals
aufgeschlossen,open-minded
durchzuziehen,to carry it out
wiesen,meadows
wã,wã
parasit,parasite
gewöhnliches,ordinary
erstklassige,first-class
whitman,Whitman
einblick,insight
alis,alis
hinführen,lead
holländer,Dutch
todesfälle,deaths
letzt,last
stach,stung
auflösung,resolution
dürre,drought
angehängt,attached
hege,care
ambulanz,ambulance
francine,francine
geschehe,may it happen
kompletter,complete
dietrich,Dietrich
zuteil,allocated
hochstapler,imposter
automobil,automobile
kästchen,box
hetty,hetty
katholiken,Catholics
capone,Capone
genaugenommen,strictly speaking
cinderella,Cinderella
ricardo,ricardo
geschlachtet,slaughtered
neunten,ninth
türsteher,bouncer
vertretung,representation
fauler,lazier
geregnet,rained
fackeln,torches
lafayette,Lafayette
verhelfen,help
wickeln,wrap
dark,dark
mische,mix
wilbur,Wilbur
normandie,Normandy
berkeley,Berkeley
ni,ni
stiften,donate
deanna,deanna
aufgedeckt,revealed
nobody,nobody
glänzen,shine
nikolaus,Nicholas
amüsierst,amuse
verschenkt,given away
fertiggemacht,finished
hofe,courtyard
kritischen,critical
margarita,margarita
bankier,banker
pfahl,stake
orson,orson
alledem,all this
pratt,Pratt
überführt,convicted
westliche,western
eisernen,iron
milos,milos
tropft,dripping
trauung,wedding
moderner,modern
duftet,smells
abzulehnen,to reject
meistern,master
breiten,wide
befriedigung,satisfaction
zuständigkeit,responsibility
niklaus,Niklaus
moslem,Muslim
teleskop,telescope
ku,ku
willoughby,willoughby
feuchte,damp
gemetzel,slaughter
schwacher,weak
paulette,paulette
erbarme,have mercy
entspanne,relax
rezepte,recipes
yates,yates
steifen,stiff
airlines,airlines
oprah,Oprah
juwelier,jeweler
handhaben,handle
ertrag,yield
ow,ow
bürgern,citizens
kolumne,column
hamster,hamster
dai,dai
bedrohlich,threatening
geheimhaltung,confidentiality
schultag,school day
höhenangst,fear of heights
ronny,ronny
bellheim,Bellheim
beleidigungen,insults
kriminalpolizei,criminal police
karussell,carousel
kampfkunst,martial arts
schlafenszeit,bedtime
barb,barb
sharp,sharp
einzelner,individual
stabilität,stability
norm,standard
bohrer,drill
verkrampft,tense
hardison,Harrison
skitter,skitter
erreichst,you reach
aufregender,exciting
balboa,balboa
bogenschützen,archers
herausgefordert,challenged
räuspern,clear throat
entnehmen,remove
geburtsurkunde,birth certificate
streuner,stray
verfluche,curse
vernichte,destroy
verkorkst,botched
chemiker,chemist
fröhlicher,cheerful
durchlaucht,Highness
gelächelt,smiled
gebärmutter,uterus
spirituelle,spiritual
flachlegen,lay down
prison,prison
marek,Marek
wanderte,wandered
schaukel,swing
walking,walking
bertrand,Bertrand
guttun,do well
reklame,advertisement
konkurrenten,competitors
reizenden,charming
ablehnung,rejection
marathon,marathon
würgen,strangle
thai,Thai
überschätzt,overrated
nachdenkst,thinking
fingerabdrücken,fingerprints
zylon,Zylon
vibriert,vibrates
stütze,support
aeryn,aeryn
butters,butters
theaterstück,play
geschäftsreise,business trip
irving,Irving
feinsten,finest
kandidieren,run for office
wucht,force
güter,goods
verbeugen,bow
verpfeifen,to rat out
fluß,flow
ike,like
ddr,GDR
niedriger,lower
stolpern,stumble
kryptonit,kryptonite
kran,crane
vertrauenswürdig,trustworthy
pokern,poker
predigen,preaching
mikael,Mikael
alvin,alvin
monsignore,monsignor
bedrohte,threatened
wirklicher,real
berger,berger
rangers,rangers
sharona,Sharona
titan,titanium
superkräfte,superpowers
omaha,Omaha
illegales,illegal
vernünftigen,reasonable
gläubig,religious
fitzgerald,Fitzgerald
verwechslung,confusion
superstar,superstar
leonardo,Leonardo
navid,Navid
ahmed,Ahmed
grauer,grey
edwin,Edwin
lem,lem
aspekte,aspects
sofortiger,immediate
gestrigen,yesterday
garrison,garrison
ui,ui
wisconsin,Wisconsin
cds,CDs
gescannt,scanned
überallhin,everywhere
abschuss,shooting
türglocke,doorbell
verblüfft,astonished
erfindungen,inventions
melody,melody
fluchtweg,escape route
dat,that
ever,ever
herausstellte,turned out
addy,addy
positives,positive
ungesund,unhealthy
offenheit,openness
aufzutreiben,to procure
zweien,two
losgelassen,released
bestandteil,ingredient
mackenzie,Mackenzie
zerlegt,disassembled
konfrontieren,confront
alfonso,alfonso
ungläubigen,unbelievers
ernesto,Ernesto
björn,Björn
bewaffneter,armed
affären,affairs
rituale,rituals
aufwuchs,upbringing
spießer,philistine
pitt,pitt
verdrängt,suppressed
apple,apple
essex,Essex
dynastie,dynasty
verlobungsring,engagement ring
kohlen,coal
auftragskiller,hitman
portugiesisch,Portuguese
zuruck,back
lutscher,lollipop
missachten,disregard
erhobenen,raised
aufwache,wake up
briefmarken,stamps
beschert,bestowed
reagierst,react
mall,mall
falcone,falcone
flugbahn,flight path
full,full
verfickt,fucking
valium,Valium
lutsch,suck
kooperiert,cooperates
ahab,ahab
gul,gul
irischen,Irish
mahoney,Mahoney
chet,chet
brutus,Brutus
grosses,large
anzieht,attracts
mitmenschen,fellow human beings
halunken,scoundrels
befanden,were
beerdigungen,funerals
jacht,yacht
beruhen,are
paloma,paloma
abgeschleppt,towed away
verzweifelten,desperate
poppy,poppy
tippe,type
geschworene,sworn
beigetreten,joined
moslems,Muslims
eingegeben,entered
waisenkind,orphan
kaserne,barracks
rassen,races
freilich,of course
anfordern,request
notwendige,necessary
elektriker,electrician
ausweisen,identify
battle,battle
bike,bike
zählte,counted
main,Main
bubba,bubba
biester,beasts
ziegel,brick
faire,fair
inge,inge
betreffend,concerning
uther,uther
sorten,varieties
weggetreten,stepped away
stewie,stewie
monstern,monsters
erstechen,stab
kalle,Kalle
diesbezüglich,in this regard
internationaler,international
rassistisch,racist
ritz,ritz
sandte,sent
leiterin,manager
samstags,Saturdays
field,field
linkes,left
latinum,Latinum
japp,Yep
stiel,stalk
klassischen,classic
app,app
risse,cracks
wegschaffen,remove
roth,red
sechzehn,sixteen
rechtmäßigen,lawful
hauser,house
festes,fixed
beirut,Beirut
vertreibt,displaces
aufdecken,discover
eroberung,conquest
zulässt,allows
aufgesucht,visited
geehrter,Dear Sir/Madam
fußspuren,footprints
youtube,YouTube
stopf,stuffing
zeichne,draw
selbstmitleid,self-pity
krankenversicherung,health insurance
schwierigste,most difficult
grove,grove
schokoriegel,chocolate bars
zuversicht,confidence
folglich,consequently
hegen,nurture
hinwegkommen,get over
entladen,unload
bolton,Bolton
hochverrat,high treason
einmischung,interference
strange,strange
carpenter,carpenter
scooby,Scooby
erforscht,explored
institution,institution
spekulation,speculation
behüte,protect
romantischer,romantic
nelly,nelly
amigos,amigos
salam,Salam
beschränken,restrict
abkaufen,buy
amerikanisch,American
erläutern,explain
beanspruchen,claim
glänzt,shines
krämpfe,cramps
sylvie,Sylvie
schachzug,move
reinfall,fiasco
lümmel,lout
wiedergeben,reproduce
body,body
zauberstab,magic wand
claus,Claus
vorzüge,advantages
verwandtschaft,relationship
milligramm,milligram
augustus,Augustus
trask,trask
inspirieren,inspire
urgroßvater,great-grandfather
venezuela,Venezuela
beeindruckende,impressive
storybrooke,storybrooke
tasten,keys
magdalena,Magdalena
syd,syd
loszulassen,to let go
verzieht,distorts
spalte,split
jock,jock
talisman,talisman
aufrichtigkeit,sincerity
freizulassen,to release
technologien,technologies
empfehlungen,recommendations
mast,mast
belfast,Belfast
betest,pray
tauchten,emerged
giorgio,Giorgio
mitgliedern,members
diesel,diesel
beglichen,settled
marissa,Marissa
unterschriften,signatures
grandios,magnificent
stiefeln,boots
gisela,Gisela
izzy,izzy
foley,foley
hardman,hardman
erhängen,hang
traten,occurred
absolutes,absolute
hackt,hacks
staatsbürger,citizen
begnadigung,pardon
eingeborenen,natives
übertreffen,surpass
lotus,lotus
nervensystem,nervous system
erfolglos,unsuccessful
praktizieren,practice
unglaublicher,incredible
anspruchsvoll,demanding
unanständig,indecent
loomis,Loomis
erwidert,replied
ausschlafen,sleep in
shin,shin
whistler,whistler
myka,myka
umsatz,sales volume
taille,waist
gnadenlos,merciless
banden,gangs
blinzeln,blink
geheimnisvollen,mysterious
anarchy,anarchy
zerschmettert,shattered
mcmanus,mcmanus
abartig,abnormal
schlaumeier,smarty-pants
anmarsch,approach
jing,jing
tree,tree
hinzugefügt,added
verzeihst,forgive
demo,demo
ps,ps
statistik,statistics
peru,Peru
spielraum,scope
makellos,flawless
dominus,dominus
impulse,impulse
parkhaus,parking garage
endlosen,endless
unlogisch,illogical
zehnten,tenth
nothing,nothing
court,court
burkhardt,Burkhardt
stoße,bump
schmiere,lube
toro,toro
obendrein,Moreover
momo,momo
winziges,tiny
gefährlichsten,most dangerous
care,care
sully,sully
teils,part
widerrufen,revoked
magic,magic
degen,sword
aktiven,active
gebirge,mountains
mußten,had to
rückschlag,setback
tomate,tomato
trieben,drove
vorhabe,plan
brigade,brigade
mitzumachen,to participate
vogelscheuche,scarecrow
wan,wan
komet,comet
folgendermaßen,as follows
badehose,swimming trunks
anschuldigung,accusation
sanfter,gentler
abwischen,wipe
rice,rice
abgedreht,turned off
schneesturm,snowstorm
empört,outraged
zischt,hisses
kleiderschrank,wardrobe
schnieft,sniffles
timer,timer
benedikt,Benedict
londo,London
inneres,inner
außenteam,outside team
familienmitglied,family member
grinst,grins
arztes,doctor
entwürfe,designs
akzeptierst,do you accept
zittere,tremble
demokraten,Democrats
abhält,deters
langweiler,boring
nationalgarde,national guard
zusammensetzen,assemble
hoffnungsloser,hopeless
vernommen,heard
eingestehen,admit
bemerkenswerte,remarkable
weii,white
kain,Cain
rhys,rhys
gerichtsmedizin,forensic medicine
schutt,rubble
auslachen,laugh at
teste,test
obgleich,although
süßeste,sweetest
bernstein,amber
klumpen,lumps
rider,rider
eigentlichen,actual
umbringst,kill
überprüfte,checked
verehrten,revered
himmlischen,heavenly
brummen,humming
strafbar,punishable
binnen,within
torpedo,torpedo
singh,Singh
gebäuden,buildings
vorherigen,previous
mg,mg
jj,jj
terminplan,schedule
beschuldigte,accused
tausche,exchange
quote,quote
kommandos,commands
verstümmelt,mutilated
zunichte,nullified
puerto,Puerto
nageln,nail
garnicht,not at all
janine,Janine
pyramiden,pyramids
baumwolle,cotton
urne,urn
einführung,introduction
ähnlicher,similar
personalabteilung,human resources department
piepton,beep
denkbar,conceivable
aggression,aggression
stinkende,stinking
papieren,papers
cara,cara
fiese,nasty
jolly,jolly
hipp,hipp
wund,sore
untergraben,undermine
hergebeten,summoned
ertrank,drowned
crassus,crassus
infizieren,infect
weitermachst,continue
ahnst,do you suspect
kopfkissen,pillow
studierst,are studying
has,has
berücksichtigt,taken into account
trauert,mourns
abzuziehen,to deduct
zukünftiger,future
klugen,clever
eindrucksvoll,impressive
martins,Martin's
bum,boom
farce,farce
mangelt,lacks
deacon,deacon
cutter,cutter
austrinken,Drink up
syphilis,syphilis
stamme,origin
fallon,fallon
wonka,wonka
filmtiger,film tiger
agatha,Agatha
realisieren,realize
ersticke,suffocate
spektakel,spectacle
steigert,increases
formulieren,formulate
erträgt,he wears
gérard,Gérard
vorschein,appearance
überzeugte,convinced
schlafmittel,sleeping pills
nicola,Nicola
neusten,newest
schlaues,clever
billard,billiards
indischen,Indian
polnisch,Polish
närrin,fool
aufschlitzen,slash
fernglas,binoculars
ergebe,result
generals,generals
hippie,hippie
cuina,cuina
lissabon,Lisbon
raylan,Raylan
aw,aw
anschläge,attacks
werben,advertise
flöhe,fleas
karneval,carnival
cesar,Caesar
zwangsläufig,inevitably
taliban,Taliban
osborne,Osborne
ertrinkt,he drinks
doo,doo
vorsichtsmaßnahme,precautionary measure
eitel,vain
phyllis,Phyllis
pudel,poodle
schultz,Schultz
wahrscheinlicher,more likely
mitarbeiterin,employee
anarchie,anarchy
zurückhaltend,reserved
absoluten,absolute
six,six
geiger,violinist
conde,conde
hollis,hollis
vertrieb,distribution
raumschiffe,spaceships
geheimnissen,secrets
vieren,four
compton,Compton
verlängert,extended
knackt,cracks
blitze,lightning
uralte,ancient
kupplung,coupling
klingonische,Klingon
mondschein,moonlight
schweigepflicht,confidentiality
verwandle,transform
heul,cry
bahnen,tracks
hermes,Hermes
food,food
widerlichen,disgusting
gefreiter,private
nähte,seams
auggie,auggie
cha,cha
schliessen,close
abführen,remove
chucky,chucky
hebamme,midwife
diktator,dictator
entführten,kidnapped
luise,Luise
injektion,injection
turbulenzen,turbulence
kur,cure
hangar,hangar
lundy,Lundy
hypothetisch,hypothetical
beabsichtige,intends
schwimm,swim
nerd,nerd
grundlagen,basics
gurke,cucumber
beigetragen,contributed
grenzt,borders
georgina,Georgina
hinführt,leads
permanent,permanent
verständnisvoll,understanding
auftritte,appearances
beendete,ended
mysterium,mystery
eingewiesen,instructed
minderjährig,minor
kimberly,Kimberly
kati,Kati
töchtern,daughters
email,e-mail
rechtlich,legally
führende,leading
begnadigt,pardoned
francois,francois
feuerlöscher,fire extinguisher
bietest,offer
had,had
hundegebell,dog barking
designer,designer
wiedersehe,see you again
spesen,expenses
geklettert,climbed
ewiger,eternal
abbild,image
telefonate,phone calls
neutral,neutral
beschwören,summon
engelchen,little angel
rechtes,right
geschmolzen,melted
schusslinie,firing line
geliebtes,beloved
bambi,Bambi
wohltäter,benefactor
bee,bee
pupillen,pupils
tucson,Tucson
erheblich,significant
derartige,such
voodoo,voodoo
anwendung,application
anstieg,increase
peace,peace
vertuscht,covered up
jamal,jamal
wirds,will
barriere,barrier
steiner,steiner
machtest,did
vergewissern,make sure
residenz,residence
einzigartigen,unique
verbrannten,burned
rindfleisch,beef
romantiker,romantics
anakin,Anakin
ripped,ripped
ausführung,execution
belagerung,siege
verarsche,scam
lucille,Lucille
wegziehen,move away
kennenlernten,got to know each other
wegkommst,get away
moretti,moretti
schimmel,mold
lohnen,worthwhile
stiehlst,steal
mikes,Mike's
hektor,Hector
toleranz,tolerance
fachmann,expert
künstlichen,artificial
rau,rough
längsten,longest
liebliche,lovely
zwinge,ferrule
zusagen,commit
kriegsschiff,warship
francesca,Francesca
cartman,Cartman
kostprobe,taste test
beurteilt,assessed
autorin,author
rasiermesser,razor
ukraine,Ukraine
getätigt,made
fredrik,Fredrik
anzuhalten,to stop
hervorragender,excellent
spekulationen,speculations
francesco,Francesco
straßensperren,road closures
sabotiert,sabotaged
pauls,Paul's
lenke,steer
rechner,computer
hinterwäldler,hillbilly
schimpfen,scold
umkommen,perish
buchmacher,bookmaker
mineralwasser,mineral water
zerotollerance,zero tolerance
gliedmaßen,limbs
aufkreuzen,show up
miaut,meows
dummerweise,stupidly
zusammenziehen,moving in together
untersuchte,examined
prügelei,fight
haiti,Haiti
attila,Attila
geschenken,gifts
traditionell,traditional
ldiot,ldiot
bey,by
kahl,bald
unangemessen,inappropriate
specter,specter
helllichten,bright lights
öffentliches,public
lillian,Lillian
misst,measures
hirte,shepherd
ale,ale
pocken,smallpox
furchtlos,fearless
kapitalismus,capitalism
genannte,mentioned
berührst,touch
cleo,cleo
birgt,harbors
stürmt,storms
rascheln,rustle
pakete,packages
einkäufe,purchases
erspar,save
clarice,Clarice
drehung,rotation
inne,inside
gesetzeshüter,law enforcement
nicki,nicki
postkarten,postcards
hochzeitskleid,wedding dress
shaun,Shaun
cdc,cdc
ausschnitt,excerpt
offizieller,official
formalitäten,formalities
statement,statement
holiday,holiday
loge,lodge
leibe,love
abwasch,washing up
hohl,hollow
flüssig,fluid
klaust,Klaus
trailer,trailer
geiles,awesome
weiterführen,continue
verheimlichst,you conceal
anstecken,infect
bien,bien
physiker,physicist
begründung,justification
merkmale,features
geschlossene,closed
stute,mare
vice,vice
denker,thinker
charlene,Charlene
schlechtesten,worst
reflexe,reflexes
spielregeln,rules of the game
erneuert,renewed
erniedrigend,humiliating
versohlen,atone
emile,Emile
lausige,lousy
verliebten,in love
sprachst,you spoke
rippe,rib
lebhaft,lively
gebüsch,bushes
vorarbeiter,foreman
emmet,emmet
sicherheitsmaßnahmen,security measures
injiziert,injected
kitzeln,tickle
guillaume,Guillaume
omas,grandmas
möwen,seagulls
lüften,ventilate
verräterin,traitor
lebenswerk,life's work
stimmst,Do you agree?
komplott,plot
dynamische,dynamic
schnupfen,sniffles
curly,curly
ersatzteile,spare parts
wohnheim,dormitory
transplantation,transplantation
seelenklempner,soul plumber
vorgekommen,occurred
drähte,wires
verlassene,abandoned
mutation,mutation
verbündet,allied
retteten,rescued
eduardo,Eduardo
problemlos,no problem
abwerfen,drop
hundes,dog
kartons,cardboard boxes
ganoven,crooks
gabrielle,Gabrielle
stig,stig
unterstellt,assumed
umfang,scope
rasend,furious
schwersten,heaviest
cold,cold
gymnasium,high school
uwe,Uwe
lagebericht,situation report
feiere,celebrate
zen,Zen
rübe,turnip
tobt,rages
fokus,focus
überfälle,robberies
filmmaterial,film footage
tunte,drag queen
raumstation,space station
funke,spark
gurken,cucumbers
taugen,are suitable
herpes,herpes
zurückzugehen,to return
überflutet,flooded
partnern,partners
ridge,ridge
gackern,cackle
pointe,point
genialen,ingenious
liebeskummer,heartbreak
bankett,banquet
zusammenzuarbeiten,to cooperate
herstellung,production
edmond,Edmond
formalität,formality
verging,passed
aberglaube,superstition
press,press
wiedergefunden,found again
sichtweise,perspective
ledig,single
collier,necklace
untröstlich,inconsolable
einfrieren,freeze
unberührt,untouched
weiden,willows
raste,rest
hersteller,manufacturer
vernünftiges,reasonable
drecksloch,shithole
even,even
verdauen,digest
schwingungen,vibrations
aufgetreten,occurred
vermittler,mediator
gladiatoren,gladiators
sle,sle
britney,Britney
kaputtmachen,break something
erwarteten,expected
abdecken,cover
belehren,instruct
arne,Arne
zhao,zhao
schimpft,scolds
antat,antat
auffahrt,driveway
schlüpfer,panties
aufgerufen,called
auskennt,knows
ausgepackt,unpacked
dreckskerle,scumbags
anprobieren,try it on
weggesperrt,locked away
geschmiedet,forged
toronto,Toronto
gewöhne,get used to it
divine,divine
gequatsche,chatter
checke,check
musketiere,musketeers
bibi,Bibi
monde,moons
journal,journal
schikaniert,harassed
anzusprechen,to address
sprengt,blows up
gao,gao
brennende,burning
hundertmal,a hundred times
steil,steep
goldenes,golden
abstammung,ancestry
dringender,urgent
geheiligt,hallowed
hui,Wow
gezündet,ignited
blassen,pale
festzunehmen,to arrest
gläubiger,believer
statistiken,statistics
zurückgehalten,held back
callen,call
schachteln,nesting
mustafa,Mustafa
freigeben,release
singer,singer
viren,viruses
aufschlagen,open
hulk,hulk
auszudenken,to think up
bereinigen,clean
überfüllt,crowded
salbe,ointment
bitteren,bitter
schürze,apron
härte,hardness
rambo,Rambo
kniet,kneels
allerersten,very first
knappe,scarce
lisbeth,Lisbeth
absender,sender
seufzer,sigh
süsse,sweetness
freeway,freeway
enthielt,contained
abi,A-levels
dorn,mandrel
gutschein,coupon
pflegeheim,nursing home
co,co
russo,russo
schamlos,shameless
authentisch,authentic
klares,clear
schlagzeug,drums
konsole,console
jürgen,Jürgen
ruin,ruin
laguerta,laguerta
ilsa,ilsa
siebzehn,seventeen
britischer,British
lacher,laughter
verschicken,send
fotografie,photography
schob,pushed
warnt,warns
falles,cases
fury,fury
aas,carrion
abgesprochen,agreed
abbruch,cancellation
zebra,zebra
braddock,braddock
hexer,witch
großstadt,big city
professionellen,professional
verspottet,mocked
wegbleiben,stay away
beherrsche,master
zerfallen,disintegrated
blufft,bluffs
betrüge,cheat
einlösen,redeem
grunzen,grunt
fötus,fetus
kalinda,Kalinda
umgefallen,fell over
meineid,perjury
besaufen,get drunk
vorspeise,appetizer
schreiten,step
building,building
straßenbahn,tram
außerirdischer,extraterrestrial
ambrose,ambrose
ocean,ocean
abgeordnete,delegate
klettere,climb
kreieren,create
wechselte,changed
nachtwache,night watch
vorlegen,present
gruber,gruber
eilen,hurry
luftraum,airspace
einzusperren,to imprison
anfragen,request
laufende,ongoing
schachmatt,checkmate
snack,snack
trockner,dryer
charlies,Charlie's
assistieren,assist
würgt,chokes
optimismus,optimism
unwetter,storm
gewandt,skilled
kreative,creative
visuelle,visual
enttäusche,disappoint
keeler,keeler
auszuhalten,to endure
fiktion,fiction
gillian,Gillian
haftstrafe,prison sentence
ernenne,appoint
steuermann,helmsman
reilly,reilly
letztem,last
cause,cause
milz,spleen
manch,some
mixer,mixer
zuhörst,listen
sporen,spores
hilary,Hilary
verdrehen,twist
gegenwärtig,currently
erkrankung,disease
flugzeugabsturz,plane crash
pisst,pisses
lion,lion
aufzuheben,to lift
süss,sweet
damentoilette,women's restroom
eingekauft,purchased
genaues,precise
verehrung,veneration
khalid,Khalid
ochsen,oxen
carey,Carey
geendet,ended
courage,courage
besorgungen,errands
geplündert,looted
recherchen,research
abriegeln,seal off
koennen,can
bel,bel
mumble,mumble
olivier,Olivier
korporal,corporal
pflegt,maintains
moped,moped
golfplatz,golf course
ambitionen,ambitions
marshals,marshals
brain,brain
kreuzworträtsel,crossword puzzle
cappuccino,cappuccino
dieben,thieves
rosalee,rosalee
bieg,bend
richtete,directed
almeida,almeida
erlebnisse,experiences
demonstranten,demonstrators
moin,good morning
mietvertrag,rental agreement
carlisle,Carlisle
waldo,Waldo
something,something
tahiti,Tahiti
champions,champions
regan,regan
schildern,describe
unnötige,unnecessary
beschrieb,described
berges,mountains
weismachen,make people believe
erleuchtet,illuminated
westküste,west coast
korrupten,corrupt
auffassung,opinion
schüttelt,shakes
erträumt,dreamt
schub,thrust
irische,Irish
buchladen,bookstore
abbringen,deter
paprika,paprika
merle,merle
sylar,sylar
pfirsich,peach
abgetrennt,separated
malaria,malaria
enkelkinder,grandchildren
merkten,noticed
schräge,slant
gefolge,entourage
hiesigen,local
beil,ax
reingebracht,brought in
bowie,Bowie
bette,beds
killen,kill
komfort,comfort
magisches,magical
hereingelegt,tricked
schiefgeht,goes wrong
rasten,rest
europäische,European
genoss,enjoyed
fußabdrücke,footprints
kredite,loans
weißwein,white wine
absperrung,barrier
omelett,omelet
botwin,Botwin
erbärmlichen,pathetic
gewerkschaften,trade unions
quoten,quotes
weitersuchen,continue searching
bewilligt,approved
mystische,mystical
nägeln,nails
geprägt,embossed
exakte,exact
clifton,Clifton
erfreulich,pleasing
gültig,valid
wildschwein,wild boar
ebenbürtig,equal
marmor,marble
verschwundenen,disappeared
bruchteil,fraction
zig,dozen
gerieten,got
verriegeln,lock
verzweifeln,despair
dunbar,Dunbar
locksley,Locksley
überführen,transfer
choi,choi
hergezogen,moved here
kraut,herb
vollgas,full throttle
gekillt,killed
zahnfee,tooth fairy
betäubung,anesthesia
glorreichen,glorious
versailles,Versailles
beschließt,decides
etliche,several
dialekt,dialect
barclay,Barclay
saat,seed
süd,south
erdlinge,earthlings
preisgeben,reveal
hintere,rear
flattern,flutter
nervengas,nerve gas
wahn,delusion
vereinigen,unite
rates,rates
matheson,matheson
löchern,perforate
bürschchen,little boy
marktplatz,marketplace
geschäfts,business
hunderter,hundreds
vorstellt,presents
henning,Henning
sagenhaft,fabulous
flugticket,flight ticket
kylie,Kylie
sparrow,sparrow
kappa,kappa
lieferte,delivered
abzulegen,to put down
lebensmüde,suicidal
schlächter,butcher
spielzeuge,toys
verkäuferin,saleswoman
fingernägeln,fingernails
brillanten,brilliant
intimität,intimacy
schuljahr,school year
amüsiere,amuse
barrow,barrow
ausgelegt,designed
taufen,baptism
schmuckstück,piece of jewelry
ultimatum,ultimatum
zubereiten,prepare
engsten,closest
antust,anus
aussichtslos,hopeless
rowan,rowan
schwimme,swim
crash,crash
religionen,religions
mu,mu
währung,currency
unterlassen,omit
friedlichen,peaceful
aufholen,catch up
taler,taler
jault,howls
aufgebraucht,used up
wandelt,transforms
jawoll,Yes!
konzern,group
hieße,would mean
odessa,Odessa
nerys,nerys
brutalität,brutality
touch,touch
beunruhigende,disturbing
webb,webb
goliath,Goliath
unternimmt,undertakes
minderjährigen,minors
strassen,streets
versaust,ruined
erledigst,you do it
freitags,Fridays
lasen,read
unprofessionell,unprofessional
einheimische,local
blenden,blinds
widerlicher,disgusting
angetrieben,driven
wackelt,wobbles
zeitbombe,time bomb
hartley,Hartley
selbstsicher,self-confident
hach,sigh
harding,harding
lenk,steering
estelle,estelle
überlisten,outsmart
bizarr,bizarre
chirurgin,surgeon
kurven,curves
sangen,sang
moderator,moderator
bohne,bean
harald,Harald
hotdog,hot dog
brunch,brunch
sensationell,sensational
matthias,Matthias
afrikanische,African
weckte,woke
individuen,individuals
mürrisch,grumpy
office,office
polnische,Polish
meld,report
edo,edo
ägypter,Egyptians
isa,isa
waschbär,racoon
austragen,carry out
liza,Liza
verbrechern,criminals
alphabet,alphabet
hanni,Hanni
dunkelsten,darkest
satans,satan's
sparsam,thrifty
geschäftlichen,business
eclair,eclair
simms,simms
losgeschickt,sent
grollen,growl
lebhafte,lively
ernsthaften,serious
schwedische,Swedish
revolutionäre,revolutionary
gescheit,clever
muffin,muffin
small,small
jucken,itching
sarkastisch,sarcastic
getriebe,gearbox
greene,greene
dumpfer,duller
jana,Jana
schliesslich,finally
schummeln,cheat
anastasia,Anastasia
auffällt,notices
kreativität,creativity
pöbel,mob
aussehender,looking
zaum,bridle
rodeo,rodeo
betrog,cheated
planten,planned
dilaurentis,dilaurentis
glee,glee
pfeiffer,Pfeiffer
chloé,chloé
koordinieren,coordinate
beschattet,shaded
bushaltestelle,bus stop
waters,waters
verurteilte,convicted
sachsen,Saxony
hinzuzufügen,to add
verschwitzt,sweaty
paso,pass
abscheuliche,abhorrent
arabien,Arabia
anfällig,subsceptible
einlässt,engages
eingefädelt,threaded
feuerkraft,firepower
bohannon,bohannon
feindselig,hostile
beautiful,beautiful
verfluchen,curse
hackfleisch,minced meat
memorial,memorial
hunderttausend,one hundred thousand
olson,olson
stärkeres,stronger
morgigen,tomorrow
rekrutieren,recruit
ts,ts
kooperativ,cooperative
geschäftsleute,business people
terra,terra
dunn,thin
erbitten,request
gewähre,grant
verlies,dungeon
shrimps,shrimps
booten,boot
bescheißen,cheat
yvette,Yvette
vinci,Vinci
raphael,Raphael
beschimpfen,insult
müdigkeit,fatigue
everybody,everybody
ausgleich,compensation
missgeburt,abomination
falk,Falk
einschätzen,assess
tosh,tosh
mcgill,McGill
hinschicken,send
maud,maud
heftiger,more intense
mothra,mothra
heftigen,violent
zurückgegangen,declined
wisse,know
dekoration,decoration
untreue,infidelity
geschüttelt,shaken
entlastet,relieved
stillstand,standstill
sicherheitsvorkehrungen,safety precautions
französisches,French
vorderseite,front
tätowiert,tattooed
ausspioniert,spied on
schwartz,Schwartz
benno,Benno
pfand,deposit
ldee,idea
verliebe,fall in love
ausgeglichen,balanced
polizeipräsident,police chief
adligen,noble
unerreichbar,unattainable
welpe,puppy
touren,tours
ordentlichen,proper
hadley,Hadley
interpretation,interpretation
nullen,zeros
detonation,detonation
auszusteigen,to get off
verpflichten,commit
schraubenzieher,screwdriver
derzeitigen,current
generell,generally
krampf,cramp
seltenes,rare
revanche,revenge
reichste,richest
hingehören,belong
cosmo,cosmo
cristal,cristal
orgie,orgy
hour,hour
schwangeren,pregnant women
joffrey,Joffrey
ausging,exit
gesetzlich,statutory
narkose,anesthesia
diplomatie,diplomacy
frustration,frustration
diaries,diaries
aussagt,states
bediene,operate
ansatzweise,to some extent
distanziert,distant
plasma,plasma
langgeht,goes long
abschlussfeier,graduation ceremony
fabian,Fabian
leerer,empty
erfinde,invent
erektion,erection
zungen,tongues
humbert,humbert
etienne,etienne
ungewöhnlicher,unusual
glockenläuten,bell ringing
rainer,Rainer
umstimmen,to change your mind
übereinstimmen,agree
suzie,suzie
cabrio,convertible
hoffmann,Hoffmann
schäbig,shabby
whitey,whitey
rica,rica
verbotene,forbidden
schleppt,drags
ordentliches,proper
durchtrennt,severed
schwede,Swede
platze,burst
jameson,Jameson
tech,tech
landkarte,map
verwiesen,referred
anschaffen,acquire
klopfte,knocked
mitkommt,comes with
gewehren,rifles
colby,Colby
wappen,coat of arms
dolmetscher,interpreter
fohlen,foal
erregung,excitation
ergebt,results
immunsystem,immune system
kinos,cinemas
geflirtet,flirted
lebenslang,life
ärgere,annoy
kelso,Kelso
unfähigkeit,inability
entwarf,designed
aufwärts,upwards
harmlose,harmless
wassers,water
geschwader,squadron
gewährleisten,ensure
garnison,garrison
beschließen,decide
macy,macy
polnischen,Polish
thorpe,Thorpe
tödlicher,deadly
erbärmliche,pathetic
beschafft,procured
barnabas,barnabas
diverse,various
sortieren,sort
teilgenommen,participated
ungültig,invalid
genüge,sufficient
panda,panda
rutsche,slide
amme,nurse
niedrigen,low
koscher,kosher
angedeutet,indicated
asse,ass
selbstbewusst,confident
materialien,materials
kidnapper,kidnapper
porzellan,china
steph,steph
teilst,share
stick,stick
kostbaren,precious
ungemütlich,uncomfortable
lässig,casual
biff,biff
rotkäppchen,Little Red Riding Hood
rhonda,Rhonda
übersetzer,translator
schlechtem,bad
english,English
kulissen,scenery
harker,rake
petty,petty
rocken,rock
kreuzt,crosses
erfrischung,refreshment
turbo,turbo
maxime,maxim
sicherheitsleute,security guards
eingeredet,convinced
lebenszeit,lifetime
reinzulegen,to deceive
geldbörse,wallet
upper,upper
unvorbereitet,unprepared
chekov,Chekov
saddam,saddam
dünger,fertilizer
polizeistation,police station
ducken,duck
verschreiben,prescribe
hendricks,Hendricks
revolutionär,revolutionary
niederbrennen,burn down
vernehmung,interrogation
grundgütiger,good-natured
berichtete,reported
abladen,unload
mummy,mummy
schiebst,push
inspirierend,inspiring
schauspielerei,acting
zivile,civilian
nikolai,Nikolai
zehner,tens
sowjetische,Soviet
kyoto,Kyoto
nasenbluten,nosebleed
color,color
terri,terri
umfasst,includes
schildkröten,turtles
carmichael,Carmichael
ernsthaftes,serious
hera,Hera
stockton,stockton
nik,nik
unfalls,accident
versau,mess up
verschleiern,conceal
calder,Calder
nuklearen,nuclear
veteranen,veterans
recherchieren,research
uncool,uncool
teilchen,particles
essig,vinegar
prise,prize
nukleare,nuclear
bosheit,malice
gründete,founded
trübsal,sorrow
aufrechterhalten,maintain
batista,Batista
rollo,roller blind
abgebogen,turned
mob,mob
abergläubisch,superstitious
geschätzte,estimated
greifst,grab
ballast,ballast
vortragen,present
hälften,halves
primitive,primitive
experimenten,experiments
plagen,plagues
babi,baby
redensart,idiom
beschlagnahmen,confiscate
fei,free
praktische,practical
versiegeln,seal
bestellungen,orders
telefonnummern,phone numbers
durchmacht,goes through
vorschreiben,prescribe
dröhnen,roar
anwärter,candidate
rekonstruieren,reconstruct
rücksichtsvoll,considerate
diagnostiziert,diagnosed
schleudern,sling
peck,peck
gezögert,hesitated
peinliche,embarrassing
garnichts,nothing at all
unzucht,fornication
wraith,wraith
nicken,nod
herzubringen,to bring
diplomatische,diplomatic
funkeln,sparkle
kakerlake,cockroach
geneigt,inclined
pastete,pâté
umleiten,redirect
möglicher,possible
radikale,radical
kometen,comets
tip,tip
sank,sank
chefkoch,chefkoch
eiffelturm,Eiffel Tower
abgeworfen,dropped
zweifelt,doubts
gestrandet,stranded
losziehen,set off
pausen,breaks
water,water
fortgesetzt,continued
michelangelo,Michelangelo
auszeichnungen,awards
carmine,carmine
gehetzt,chased
auslöst,triggers
furzen,fart
erkannten,recognized
nasse,wet
ratlos,puzzled
eingerostet,rusted
mäntel,coats
titelbild,cover image
finnland,Finland
bluttest,blood test
fields,fields
slater,slater
ritchie,Ritchie
anziehungskraft,attraction
science,science
gredenko,grenko
witwen,widows
wegging,went away
bells,bells
fegen,sweep
kombiniert,combined
abteilungen,departments
capitaine,captain
zurückhaltung,restraint
anlagen,facilities
rhein,Rhine
einstimmig,unanimously
mechanismus,mechanism
schlückchen,sip
eye,eye
verspotten,mock
basteln,craft
knüller,blockbuster
judah,Judah
einhundert,one hundred
ehrfurcht,reverence
gigantische,gigantic
gesoffen,drank
unabhängige,independent
fehlgeburt,miscarriage
nicks,nicks
plädieren,plead
erlernen,learn
schlussendlich,finally
bloße,nakedness
pelle,pelle
mao,Mao
bekamst,got
dudley,dudley
windschutzscheibe,windshield
asiaten,Asians
türme,towers
abdul,abdul
bands,bands
ablenkungsmanöver,diversionary tactic
scully,scully
anfertigen,manufacture
beklemmende,oppressive
quak,quack
entlarvt,exposed
größerem,larger
lösche,delete
verdienten,earned
verbrenn,burn
angekettet,chained
fürchterliche,terrible
jérôme,Jérôme
raubtier,predator
angeguckt,looked at
kalorien,calories
registrieren,register
sarahs,Sarah
bedeute,means
hosenscheißer,pants shitter
mappe,folder
ernennen,appoint
gregson,gregson
stürme,storms
wirs,we s
than,than
sexleben,sex life
cloud,cloud
überträgt,transfers
rauschgift,drug
plantage,plantation
verschiedener,various
federal,federal
mari,mari
beinbruch,broken leg
zielobjekt,target object
psychologischen,psychological
vertrage,tolerate
standhaft,steadfast
natasha,Natasha
protestanten,Protestant
mysteriös,mysterious
bowl,bowl
unendlichen,infinite
erschafft,creates
heulst,you howl
jeanette,Jeanette
dickköpfig,stubborn
aufmacht,opens
säulen,columns
veröffentlichung,publication
krächzt,croaks
irdischen,earthly
moreau,moreau
erwähnst,mention
kräht,crows
reginald,Reginald
schöpfen,draw
berauben,deprive
kusine,cousin
joanne,Joanne
leuchte,light
überweisung,transfer
durchsehen,review
verbotenen,forbidden
vernehmen,hear
idol,idol
paradise,paradise
terminkalender,appointment calendar
angestiftet,instigated
grausamer,gruesome
vergrößert,enlarged
arabischen,Arabic
beizutreten,to join
monkey,monkey
steinbruch,quarry
tagebücher,diaries
babs,babs
clarissa,Clarissa
meditation,meditation
unvorsichtig,careless
tao,Tao
jonesy,Jonesy
hieb,cut
ausdrucksweise,expression
uninteressant,uninteresting
delfine,dolphins
telefonisch,by phone
geburtstage,birthdays
unzertrennlich,inseparable
füll,fill
früherer,former
forrester,Forrester
feldzug,campaign
wohlhabend,wealthy
trüben,cloud
kompromittiert,compromised
sichergestellt,ensured
kendra,Kendra
beginnst,begin
freiheiten,freedoms
abdrehen,turn off
mythologie,mythology
erfolgen,take place
abgeschickt,sent
inhaftiert,imprisoned
entzückende,delightful
fließend,fluent
öffentlicher,public
tichy,Tichy
seoul,Seoul
schicker,stylish
wüßte,I would know
vorbeifahren,drive past
unbrauchbar,unusable
knistern,crackle
reize,stimuli
did,did
vorsitz,chair
tolerieren,tolerate
pettersson,pettersson
alejandro,alejandro
vorrichtung,device
gräbt,digs
hingefahren,drove there
brustkorb,ribcage
munde,mouth
zusammentun,join together
niest,snee
haltestelle,stop
eindeutige,unambiguous
hebst,autumn
betont,emphasizes
stacheldraht,barbed wire
festsitzen,stuck
shorty,shorty
konstruktion,construction
hosentasche,trouser pocket
stephan,Stephan
fantastischer,fantastic
falschgeld,counterfeit money
cornelius,Cornelius
malst,paint
sparta,Sparta
kontaktlinsen,contact lenses
schwitze,sweat
edwina,Edwina
bimbam,bimbam
eingewickelt,wrapped
verrottet,rotten
spekulieren,speculate
forbes,forbes
gala,gala
emotion,emotion
viagra,viagra
verzögert,delayed
nachlassen,decrease
tanks,tanks
giftige,toxic
werbespot,commercial
begleitest,accompany
farbigen,colored
kasper,Punch
darwyn,Darwyn
qiu,qiu
slogan,slogan
geschnitzt,carved
halbzeit,halftime
gesprächig,talkative
muad,muad
tricorder,tricorder
wissenschaftlerin,scientist
einwilligung,consent
gig,gig
waggon,wagon
abbey,abbey
moose,moss
geschlichen,crept
glotze,TV
heftiges,violent
macho,macho
hemmungen,inhibitions
entnommen,taken
verkraftet,copes
abstatten,pay tribute
sancho,sancho
asteroiden,asteroids
auszurauben,to rob
lotterie,lottery
übertrifft,surpasses
fluges,flight
bajoranischen,Bajoran
besitzerin,owner
unterhielten,entertained
fruchtbar,fruitful
bewerber,applicant
neutralisiert,neutralized
einweihen,inaugurate
barnum,barnum
kelzi,kelzi
ehebruch,adultery
wicht,important
ketzer,heretic
schwieriges,difficult
christliche,Christian
rocks,rocks
teiepathen,Partial pathologists
fürstin,princess
niedrige,low
weiterspielen,continue playing
mako,mako
geländer,railing
bowlen,bowling
protestiere,protest
goodman,goodman
klingone,Klingon
bitt,please
doakes,doakes
schritten,steps
trance,trance
lehmann,Lehmann
riet,advised
anführerin,leader
entscheidenden,decisive
zisch,hiss
nachlass,estate
verlaub,Excuse me
absorbiert,absorbed
trainierst,train
perez,perez
flohen,fled
vollständigen,complete
identifikation,ID
zola,Zola
gianni,Gianni
zarten,delicate
jacken,jackets
ergeht,he goes
professoren,professors
trophäen,trophies
hänsel,Hansel
kavalier,cavalier
hocker,stool
faschisten,fascists
filmemacher,filmmaker
starks,strong
aufhörte,stopped
stefano,Stefano
konfisziert,confiscated
mundwerk,mouth
abgeliefert,delivered
baseballschläger,baseball bat
lieblingsfarbe,favorite color
arschlöchern,assholes
ungeheuerlich,outrageous
freeman,freeman
zeitvertreib,pastime
apfelkuchen,apple pie
hinterhältig,sneaky
helium,helium
geschämt,ashamed
rommel,Rommel
demütigend,humiliating
nähren,nourish
eingelegt,inserted
gladiator,gladiator
maultier,mule
zusieht,watches
tauscht,exchanges
erbin,heiress
kato,kato
weiterreden,continue talking
stressig,stressful
gill,gill
schaffner,conductor
penn,penn
korrekte,correct
dienstags,Tuesdays
forensik,forensics
aluminium,aluminum
unterschreibst,sign
reizendes,charming
teilnahme,participation
landesweit,nationwide
halbem,half
erwünscht,desired
manolo,manolo
vorgezogen,brought forward
cedric,cedric
gestopft,stuffed
duzen,informal address
allmächtige,almighty
hildy,Hildy
postbote,postman
kirchenglocken,church bells
investitionen,investments
kränken,offend
anatomie,anatomy
offizieren,officers
carlotta,Carlotta
lebenserhaltung,life support
bewohnt,inhabited
heimkommen,coming home
fantastisches,fantastic
tanaka,tanaka
oho,oh
stoffe,materials
wichsen,masturbation
heaven,heaven
eleganz,elegance
clifford,Clifford
dienstmarke,service badge
schwellung,swelling
amazonas,Amazon
them,them
schriftstellerin,writer
erstklassig,first-class
unmenschlich,inhuman
kadaver,cadaver
teddybär,teddy bear
ohhh,ohhh
erfroren,frozen
fantomas,fantomas
tägliche,daily
untergegangen,sunk
begegneten,encountered
idealen,ideal
reservat,reserve
toilettenpapier,toilet paper
taco,taco
alessandro,alessandro
unmengen,tons
wissend,knowing
fontaine,fountain
mandantin,client
osaka,Osaka
fläche,area
verpackung,packaging
maxine,maxine
peabody,peabody
goethe,Goethe
mind,mind
schauten,looked
bäng,bang
jazzhead,jazzhead
weglassen,omit
universal,universal
gefährtin,companion
rummel,funfair
cardassianische,Cardassian
geblutet,bled
owens,Owens
antoinette,Antoinette
verladen,loaded
twitter,Twitter
dichte,density
ausgerissen,torn out
geschwommen,swam
marsh,marsh
außenminister,foreign minister
inquisition,inquisition
überlegte,considered
tan,tan
fay,fay
vorsichtsmaßnahmen,precautionary measures
groschen,penny
sí,sí
lok,locomotive
illegaler,illegal
kündigt,announces
überzeuge,convince
kranz,wreath
gertrud,Gertrud
vorhersagen,predict
visa,visa
curry,curry
verbündeter,allied
beschwere,complain
zehntausend,ten thousand
strandhaus,beach house
coming,coming
jasmine,Jasmine
drenton,Drenton
tacos,tacos
raja,Raja
teuflisch,devilish
rivera,rivera
yusuf,Yusuf
einsammeln,collect
ursachen,causes
übertreibe,exaggerate
irrte,was wrong
klassischer,classic
buchstabe,letter
einschließen,include
zerlegen,disassemble
shaggy,shaggy
tränengas,tear gas
zerren,pull
brr,brr
entzünden,ignite
lokomotive,locomotive
verwischt,blurred
zuallererst,first of all
gießt,pours
gutzumachen,to make amends
grieche,Greek
zweifelst,Do you doubt
coke,coke
russisches,Russian
gewalttätige,violent
polizeibericht,police report
ausstrahlung,broadcast
entkommst,escape
didi,didi
intensiver,more intense
fiesen,nasty
ader,vein
plötzlichen,sudden
schäfer,shepherd
dorian,dorian
weggeben,give away
gepflückt,picked
bedford,bedford
zimt,cinnamon
brühe,broth
strumpfhosen,tights
chino,chino
lounge,lounge
vorzeitig,premature
rosewood,rosewood
donnert,thunders
wills,wills
mails,emails
messieurs,messieurs
psychiaterin,psychiatrist
zickig,bitchy
lebensweise,way of life
uralten,ancient
erteile,grant
feiger,cowardly
schuß,shot
verstaucht,sprained
trek,trek
kiew,Kyiv
fünfer,five
langsamen,slow
checkt,checks
verrichten,perform
auserwählten,chosen
durchmachst,you are going through
zunehmend,increasingly
stackhouse,stackhouse
herbie,Herbie
poliert,polished
gepflanzt,planted
comeback,comeback
rumänien,Romania
langweilst,boring
montags,Mondays
trubel,hustle and bustle
favor,favor
partisanen,partisans
deutsches,German
schränke,cabinets
witwer,widower
wellenlänge,wavelength
geronimo,Geronimo
versuchskaninchen,guinea pigs
bu,bu
bereitete,prepared
bao,bao
niklas,Niklas
beispielsweise,for example
martina,Martina
count,count
mitnimmt,takes with him
schlips,tie
homosexuelle,homosexual
cage,cage
ceo,CEO
mass,mass
heimgesucht,haunted
ausbricht,breaks out
globalen,global
shake,shake
extremen,extreme
philosophen,philosophers
kabinett,cabinet
verwarnung,warning
spiegeln,reflect
kathedrale,cathedral
terrain,terrain
wartezimmer,Waiting room
verpflegung,catering
gabi,Gabi
reportage,report
prometheus,Prometheus
ausweichmanöver,evasive maneuver
concierge,concierge
vergibst,forgive
vermischen,mix
leiseste,quietest
unterfangen,undertaking
cid,cid
wahrgenommen,perceived
wartung,maintenance
thorin,Thorin
beschnitten,circumcised
ally,ally
einbrüche,burglaries
entehrt,dishonored
sportlich,sporty
ufos,UFOs
stalingrad,Stalingrad
gesten,gestures
chinesischer,Chinese
tel,tel
spektakulär,spectacular
deutschlands,Germany's
veilchen,violet
fight,fight
konzerte,concerts
klotz,block
rost,rust
laufbahn,career
ordner,folder
besteck,cutlery
prinzessinnen,princesses
sykes,sykes
aufgeschnitten,cut open
sinnlose,pointless
kult,cult
metatron,Metatron
nachgeforscht,investigated
other,other
ziemlichen,quite a lot
verzeichnet,recorded
pager,pager
einzuhalten,to comply
ellison,Ellison
besuchten,visited
totlachen,laughing myself to death
trotzen,defy
solidarität,solidarity
diplomaten,diplomats
einschreiben,enroll
erfüllte,fulfilled
flehte,pleaded
teufelskerl,devilish fellow
kolonne,column
amore,love
eingecheckt,checked in
gigantischen,gigantic
exorzismus,exorcism
lehrern,teachers
anzuwenden,to apply
zeitfenster,time window
mühsam,tedious
labil,unstable
nemo,nemo
reinigt,cleans
kollabiert,collapses
regime,regime
muschel,shell
firewall,firewall
verunsichert,unsettled
natascha,Natascha
tugenden,virtues
puder,powder
abneigung,dislike
befasst,deals
dokumentation,documentation
elektronik,electronics
purer,pure
kensi,Kensi
clare,clare
schluckauf,hiccup
zigeunerin,gypsy
bessie,bessie
adjutant,adjutant
olympischen,Olympic
jamaika,Jamaica
mortimer,Mortimer
klopapier,toilet paper
taugenichts,good-for-nothing
nance,nance
vega,vega
beachtung,attention
broschüre,brochure
opas,grandpas
lagerhalle,warehouse
strenger,stricter
annabelle,Annabelle
maniküre,manicure
thornton,thornton
zeugenaussage,witness statement
schlitz,slot
granger,Granger
unendlichkeit,infinity
videospiel,video game
formuliert,formulated
vergaßen,forgot
davongelaufen,ran away
klammer,bracket
colette,colette
beinhalten,include
arms,arms
lektionen,lessons
antonius,Antonius
parat,ready
ausgebrannt,burnt out
cem,cem
sabbat,Sabbath
geordnet,organized
goldie,Goldie
feds,feds
versprecht,promises
willkürlich,arbitrarily
jugendlicher,youth
gruselige,creepy
biologisch,biological
schuldete,owed
medaillen,medals
kris,Kris
marketing,marketing
tierheim,animal shelter
scottie,scottie
sommerferien,summer holidays
schriftrolle,scroll
erfindet,he finds
ringt,wrestling
hefte,notebooks
schmiss,threw
grips,grips
granny,granny
melbourne,Melbourne
schriftliche,written
betroffenen,affected
kugelschreiber,ballpoint pen
grunzt,grunts
misty,misty
veräppeln,to make fun of
fortgeschritten,advanced
earth,earth
stiller,silent
nice,nice
musstet,had to
funkspruch,radio message
stinktier,skunk
zauberhafte,magical
kokosnuss,coconut
getue,fuss
ungemein,immense
seiest,be
schlimmster,worst
geäußert,expressed
bannister,bannister
unterirdischen,underground
annette,Annette
deborah,Deborah
kauz,owl
algerien,Algeria
hop,hop
veraltet,outdated
peeta,peeta
haupteingang,main entrance
zusammenstellen,assemble
einstellungen,settings
tobi,tobi
fritten,fries
stabschef,chief of staff
dealen,deal
umgeleitet,redirected
gesprächen,conversations
einzutreten,to enter
abhaut,escapes
achtzehn,eighteen
postamt,post office
aufzuziehen,to raise
auflage,edition
feueralarm,fire alarm
lebendiger,lively
viva,viva
invisible,invisible
umgesehen,looked around
trauzeugen,best man
gaines,gains
verschuldet,indebted
cecile,Cecile
bauunternehmer,building contractor
edie,edie
sträfling,convict
neuseeland,New Zealand
mathias,Mathias
einfallsreich,resourceful
kurzschluss,short circuit
zuschauern,spectators
wirjetzt,we now
eifrig,eager
oberhalb,above
rach,rach
merry,merry
assad,Assad
feindseligkeit,hostility
petersen,Petersen
downton,downton
liverpool,Liverpool
aquaman,Aquaman
mischa,Mischa
geehrte,esteemed
durchkommt,comes through
aufgibst,you give up
auguste,August
nähere,more details
hackbraten,meatloaf
verlangsamt,slowed down
übergab,handed over
strukturen,structures
haarfarbe,hair color
verwendete,used
felipe,Felipe
sacramento,sacramento
cornflakes,cornflakes
schmutziger,dirty
erpresser,blackmailer
oberhand,upper hand
nachzugehen,to pursue
luftangriff,air attack
teig,dough
käuflich,for sale
schlumpf,Smurf
heimatland,homeland
abgeladen,unloaded
moby,moby
gigantisch,gigantic
lebender,living
aufgefressen,eaten
scarlet,scarlet
annabel,Annabel
vererbt,inherited
erbrechen,vomit
geleert,emptied
rachen,throat
festnageln,nail down
schauplatz,scene
gonzo,gonzo
sprech,speak
aktive,active
verzehrt,consumed
lebensgeschichte,life story
durchmesser,diameter
zappeln,fidget
herden,herds
königinnen,queens
stinker,stinker
event,event
kühen,cows
konnt,could
eigenartige,peculiar
organisationen,organizations
voraussetzungen,requirements
vergleiche,compare
kräftigen,strong
dix,ten
fechten,fencing
plakate,posters
hüpf,jump
knut,Knut
hasch,hash
jets,jets
hufe,hooves
zwo,two
unsicherheit,uncertainty
gewächshaus,greenhouse
gomorrha,gomorrha
alexandria,Alexandria
hypnotisiert,hypnotized
klassentreffen,class reunion
neutralisieren,neutralize
roscoe,roscoe
versöhnung,reconciliation
frauenstimme,woman's voice
belauscht,overheard
loki,loki
ig,ig
baracke,barracks
pralinen,chocolates
kühle,cool
vollzogen,completed
anzustarren,to stare
alligator,alligator
rutschte,slipped
wütenden,furious
unterschrieb,signed
europäer,Europeans
marionetten,marionettes
punsch,punch
strolch,rascal
unwürdig,unworthy
senatorin,senator
doreen,Doreen
erregend,exciting
philippinen,Philippines
thelma,thelma
stumpf,blunt
rübergehen,go over
jubiläum,anniversary
goldener,golden
jarl,jarl
statuieren,establish
anziehend,attractive
left,left
hütet,guards
connors,Connors
feldmarschall,field marshal
zeugt,testifies
komplettes,complete
kleinem,small
verwanzt,bugged
journalismus,journalism
erspare,save
gia,gia
abkühlen,cool
ange,an
maden,maggots
ji,ji
tunnels,tunnels
allerhand,all sorts
anhaltspunkt,clue
scout,scout
clevere,clever
channing,channing
spinat,spinach
entschlüsselt,decoded
diskette,diskette
dreieinhalb,three and a half
templeton,templeton
exotische,exotic
scheißhaufen,turd
arbeitsplätze,jobs
scheitert,fails
ausgeräumt,cleared out
genesen,recovered
gerd,Gerd
sternenbasis,starbase
gone,gone
gegrillt,grilled
frenchy,frenchy
appell,appeal
walk,walk
selbstlos,selfless
plätschern,lapping
machine,machine
passendes,suitable
vertagt,postponed
andauern,last
verklingt,fades away
meute,pack
oberbefehlshaber,commander-in-chief
unserm,our
überzeugungen,beliefs
pinkel,pee
dimensionen,dimensions
rotschopf,redhead
nanni,nanni
fabelhafte,fabulous
bauchgefühl,gut feeling
ta,ta
giückiich,happy
überraschte,surprised
nützliche,useful
schnelligkeit,speed
schufen,created
feuerte,fired
anstellung,employment
koreaner,Korean
handumdrehen,in no time at all
chanel,Chanel
verblasst,faded
abschlachten,slaughter
freche,cheeky
bürste,brush
vorlage,template
oger,oger
natürliches,natural
ethik,ethics
trauerfeier,funeral service
arminius,Arminius
triaden,triads
curzon,curzon
zufluchtsort,refuge
memoiren,memoirs
junggesellenabschied,bachelor party
lorenz,Lorenz
wußtest,did you know
tiefpunkt,low point
isis,Isis
ausdrücke,expressions
abgesichert,secured
angeblichen,alleged
zurückkehre,return
anforderungen,requirements
ameise,ant
melken,milking
kompetenz,competence
nachttisch,bedside table
reagiere,react
lazarett,hospital
paulo,Paulo
nickel,nickel
großzügige,generous
lebendigen,lively
ruthie,Ruthie
schubladen,drawers
nachladen,reload
menschenverstand,common sense
kugelsichere,bulletproof
bedrängt,pressured
ausschwärmen,swarm out
candace,candace
achse,axis
zurückgewinnen,Recover
leidtun,to hurt
herzfrequenz,heart rate
tauche,dive
argo,argo
blasphemie,blasphemy
eisenkraut,vervain
atlas,Atlas
fieser,nasty
groben,rough
put,put
behandlungen,treatments
rassist,racist
ländereien,lands
unnatürlich,unnatural
erfahrener,experienced
erhältst,receive
goldstücke,gold pieces
rosinen,raisins
existierst,exist
schreckt,scares
erniedrigung,humiliation
gewerbe,commercial
gesellen,journeymen
geschuftet,worked hard
abzuhängen,to hang out
keule,club
archibald,archibald
grossvater,grandfather
capua,capua
dresden,Dresden
bret,bret
weicher,softer
cavanaugh,cavanaugh
hereinspaziert,Come on in!
breen,breen
umzudrehen,to turn around
jie,jie
auffüllen,refill
kappen,cut
daniela,Daniela
zerstückelt,dismembered
renata,Renata
lava,lava
kost,cost
bunt,colorful
gesünder,healthier
mosby,Mosby
glory,glory
gassi,dog walking
schnellstmöglich,as soon as possible
volljährig,of legal age
hippies,hippies
strikt,strict
aii,aii
bertha,Bertha
zuchthaus,prison
psychiatrischen,psychiatric
wärmt,warms
stärkeren,stronger
angewendet,applied
rausschaffen,get out
fahnen,flags
zed,zed
jaaa,yeee
intrigen,intrigue
unterziehen,undergo
lilys,lily's
verbannen,banish
geschütz,gun
undenkbar,unthinkable
moleküle,molecules
steward,steward
übermittelt,transmitted
brüche,fractures
duane,duane
klarzukommen,to cope
eingeschüchtert,intimidated
stammte,originated
novak,novak
wandschrank,wall cabinet
aushändigen,hand over
rational,rational
kojoten,coyotes
frieda,Frieda
beckman,beckman
redner,speaker
hiergeblieben,stayed here
mathieu,mathieu
kadett,cadet
strengt,strict
verteidigungsminister,defense minister
oberster,top
sportwagen,sports car
seekrank,seasick
beschädigen,damage
gleise,tracks
gemeinsamer,common
dalek,dalek
gelber,yellow
prächtige,magnificent
vorahnung,premonition
austricksen,trick
herrchen,master
gutgehen,go well
knöpfen,button
kritiken,reviews
bowman,bowman
goose,goose
shan,shan
dacht,thought
airport,airport
elegante,elegant
verlängerung,extension
rettungsboot,lifeboat
were,were
ramses,Ramses
leipzig,Leipzig
auftauchst,you appear
krokodile,crocodiles
aufpasser,supervisor
nigga,nigga
erkälten,catch a cold
vielerlei,many
masturbieren,masturbate
vereinigt,united
trocknet,dries
warteliste,waiting list
abschiedsgeschenk,farewell gift
thing,thing
hotdogs,hot dogs
startbereit,ready
abschreiben,copy
patrone,cartridge
anatomy,anatomy
weiterleiten,forward
silvia,Silvia
töpfe,pots
verwehrt,denied
lannister,Lannister
menschenmenge,crowd
schminken,makeup
weggeht,goes away
zeitreisen,time travel
vorgibt,specifies
führenden,leading
insider,insider
allergien,allergies
atmest,you breathe
albuquerque,albuquerque
passage,passage
tänzerinnen,dancers
abteilungsleiter,department head
letzen,last
einfachsten,simplest
muslime,Muslims
pd,pd
diktatur,dictatorship
eunice,eunice
zügeln,restrain
arrangement,arrangement
türkische,Turkish
historiker,historian
effizienz,efficiency
gespült,rinsed
steuerzahler,taxpayer
neutralen,neutral
klaue,claw
kampfgeist,fighting spirit
skynet,skynet
fauchen,hiss
kristalle,crystals
äußerlich,externally
testet,tests
leckeren,delicious
jojo,jojo
zod,zod
korrupte,corrupt
passten,fit
zentralen,central
aufgegriffen,picked up
fördert,promotes
ladungen,loads
besiegte,defeated
anonymer,anonymous
habgier,greed
braunes,brown
fasern,fibers
schulmädchen,schoolgirl
abgesessen,served time
jimmys,Jimmy's
tonband,tape
hobson,hobson
brauner,brown
kriegern,warriors
bloßstellen,expose
handyklingeln,mobile phone ringing
raben,ravens
myrtle,myrtle
skizze,sketch
horse,horse
stopft,stuffing
masters,masters
versinken,sink
wohlfühlen,feel good
brighton,brighton
unbeschreiblich,indescribable
albany,albany
bereichen,areas
ballistik,ballistics
durchschnittlich,average
schleichst,sneak
vern,vern
erlebst,experience
opposition,opposition
auszuschließen,to exclude
yorkshire,Yorkshire
levi,Levi
solls,should
ilja,Ilja
match,match
problematisch,problematic
aufsitzen,sit down
volt,volt
kultiviert,cultivated
auszulösen,to trigger
diebstahls,theft
verschlingt,devours
garza,garza
berufe,professions
dui,dui
yay,yay
heldentaten,heroic deeds
rückfall,relapse
terminator,Terminator
pferderennen,horse racing
landhaus,country house
asia,Asia
marisa,Marisa
aufzumachen,to open
violetta,violetta
vorsatz,intention
anzutreten,to compete
oberarzt,senior physician
amour,love
kiera,kiera
geburtstagskind,birthday child
liebchen,darling
losging,started
speisesaal,dining room
prozesses,process
beau,beau
zumal,especially since
jungchen,young boy
direktors,director
gepostet,posted
herumsitzen,sitting around
ausgehe,going out
halbbruder,half-brother
totales,total
angebissen,bitten
startete,started
glühbirne,lightbulb
miyagi,miyagi
fanfaren,fanfares
heimliche,secret
ebay,eBay
orgelmusik,organ music
modul,module
präzision,precision
taverne,tavern
anflehen,beg
stürze,falls
vermöbelt,beaten up
auswärts,away
zerstreut,scattered
schnitten,cut
asiatische,Asian
toms,toms
reizender,charming
daníel,Daniel
undichte,leaking
füsse,feet
regnete,it rained
originale,original
anbauen,cultivate
kühn,bold
schulz,Schulz
verklage,sue
zeitlinie,timeline
türkischen,Turkish
tj,tj
california,California
filiale,branch
änderten,changed
heimzahlen,payback
befestigen,attach
assistenzarzt,resident physician
durchgesehen,reviewed
winterfell,winter coat
härtesten,toughest
begrenzte,limited
eingestuft,classified
aufregt,excites
saxon,saxon
zäher,tougher
kehrten,returned
murdock,Murdock
aufkleber,sticker
murtaugh,Murtaugh
geller,Geller
abgespielt,played
dab,dab
gogh,gogh
lenore,Lenore
fronten,fronts
angefertigt,made
umfragen,surveys
cats,cats
grübeln,brooding
turnschuhe,sneakers
ausgezahlt,paid out
nachtragend,resentful
help,help
beeinträchtigen,impair
verkehren,traffic
globus,globe
moritz,Moritz
bischen,a little
fallengelassen,dropped
larkin,larkin
glückssträhne,lucky streak
eingemischt,interfered
teppiche,carpets
unsterblichen,immortal
dib,dib
geangelt,fished
massiv,solid
karaoke,karaoke
freundliches,friendly
fänden,found
japanern,Japanese
absteigen,descend
hades,Hades
schrubben,scrub
thunder,thunder
drogenfahndung,drug investigation
bettchen,bed
konstantin,Konstantin
hüpft,jumps
ausgesperrt,locked out
stachel,thorn
marys,Mary's
schiller,Schiller
kunstwerke,artworks
übles,nasty
zyklus,cycle
verbünden,ally
opie,opia
gelaber,babble
mayans,Mayans
tischen,tables
warmer,warm
massiven,massive
verbrennung,combustion
parallel,parallel
laufend,ongoing
costello,costello
bescheidene,modest
hausmann,Hausmann
experimentieren,experiment
schwebe,hover
gedenkfeier,memorial service
eingeschränkt,restricted
atf,atf
minderjährige,minors
geschnallt,strapped
dias,dias
fly,fly
apophis,apophis
säule,column
bemerkten,noticed
erscheine,appear
ferris,Ferris
klagt,complains
lkws,trucks
pops,pops
auszusuchen,to choose
uran,uranium
rupfen,pluck
paulus,Paul
trommelwirbel,drumroll
funkkontakt,radio contact
cry,cry
lallt,slur
constantine,Constantine
cheung,cheung
dei,dei
tadellos,flawless
doktors,doctors
reeves,reeves
vorort,suburb
bügeln,iron
meisterin,mistress
winden,winds
barker,barker
winseln,whimper
norrie,Norrie
verstrickt,entangled
beobachtungen,observations
orientierung,orientation
geläutet,rang
sanften,gentle
losgefahren,started
außergewöhnlicher,extraordinary
gowron,gowron
markierungen,markings
verschmelzen,merge
hunderttausende,hundreds of thousands
cricket,cricket
into,into
endest,finally
motors,motors
bureau,bureau
wuff,woof
wetterbericht,weather report
psychologin,psychologist
krankenhäusern,hospitals
taktischen,tactical
leichtfertig,carelessly
espheni,espheni
krawatten,ties
herbestellt,ordered
selbstbewusstsein,self-consciousness
kommunistischen,communist
kassierer,cashier
stéphane,Stéphane
prahlen,brag
sinatra,Sinatra
liebevolle,loving
fromm,pious
wirtin,landlady
allerletzte,very last
kontext,context
strang,strand
geldautomaten,ATMs
kämst,came
fortzusetzen,to continue
untätig,inactive
grantham,grantham
dancing,dancing
janey,Jane
butterfly,butterfly
todesfall,death
dreifach,triple
versohlt,spanked
berry,berry
friend,friend
zusammenbringen,bring together
schmücken,decorate
einweisen,instruct
patron,patron
strahlend,radiant
corax,corax
franky,Franky
gebrüll,roar
ueber,above
qui,qui
seriennummer,serial number
knutschen,kissing
kadetten,cadets
belästige,harass
holloway,holloway
generalstaatsanwalt,Attorney General
hauptfach,main subject
galen,galen
programmierung,programming
tigger,tigger
weicheier,softies
lieg,lying
emails,emails
trockne,dry
nervenkitzel,thrill
großzuziehen,to raise
simons,Simons
ankämpfen,fight
siehts,looks
verletze,injure
arbeitslosigkeit,unemployment
umzuziehen,to move
fünfter,fifth
hochschule,college
schütten,pour
pine,pine
millionäre,millionaires
enthusiasmus,enthusiasm
andie,to the
hochheben,lift
bezweifele,I doubt it
lehm,clay
rühre,stir
geburtstagsfeier,birthday party
uralt,ancient
geheimwaffe,secret weapon
wohn,living
mix,mix
ungeeignet,unsuitable
niemandes,nobody
pausenlos,nonstop
umstellen,change
flüchtet,flees
mcnally,mcnally
gemeinheit,meanness
gedulden,be patient
ängsten,fears
barksdale,Barksdale
abfluss,drain
sponsoren,sponsors
kambodscha,Cambodia
hub,hub
schutzhaft,protective custody
erwählt,chosen
bronson,bronson
vorgelegt,submitted
nor,nor
verfall,decay
widerwärtig,disgusting
trinkwasser,drinking water
spendet,donates
dario,Dario
style,style
jfk,jfk
yorks,yorks
uff,ugh
fluten,flood
spital,hospital
sprangen,jumped
wesens,essence
lacy,lacy
storys,stories
radikal,radical
subtil,subtle
teuflische,diabolical
pinkelt,pee
gelehrter,scholar
bolzen,bolt
fehlerhaft,faulty
heuhaufen,haystack
gamma,gamma
doktoren,doctors
knacker,cracker
widme,dedicate
psychischen,psychological
einzulassen,to let
werter,dear
mathis,mathis
gebühren,fees
ertrug,endured
pietro,pietro
dorrit,Dorrit
allahs,Allah
falcon,falcon
meteor,meteor
zerfällt,disintegrates
biopsie,biopsy
zugetraut,trusted
verschlossenen,sealed
ekelig,disgusting
donnerstags,Thursdays
schminke,makeup
gun,gun
zögert,hesitates
vorsehung,providence
schnäppchen,bargain
hilfssheriff,deputy sheriff
haargenau,exactly
dina,dina
lil,lil
flexibel,flexible
weilt,stays
enthauptet,beheaded
ausführlich,detailed
blinddarm,appendix
freiwilliger,voluntary
klingonischen,Klingon
vertrauliche,confidential
vorbeizukommen,to come by
colleen,colleen
heißeste,hottest
ständiger,constant
erbärmlicher,pathetic
sinnlosen,senseless
rentner,pensioner
bene,bene
hochgeht,up
färbt,dyes
berühmteste,most famous
marv,marv
caine,Caine
goodbye,goodbye
gegenwärtigen,present
jüngster,youngest
risa,risa
smitty,smitty
kinderwagen,stroller
nobelpreis,Nobel Prize
schützling,protégé
blutsauger,bloodsuckers
sterblich,mortal
offensichtlichen,obvious
wirtshaus,inn
brächte,would bring
alaric,alaric
aufgegabelt,picked up
ähh,uhh
kleinlich,petty
auslaufen,expire
gurgel,throat
rauszukriegen,to find out
stimmten,voted
lebensjahr,year of life
angezapft,tapped
skrupellos,unscrupulous
verhängt,imposed
autofahren,drive a car
exekutiert,executed
shuttles,shuttles
abgelöst,replaced
zusammenfassung,summary
bretter,boards
kirsten,Kirsten
gäb,would
hiroshi,Hiroshi
israelis,Israel
better,better
brünette,brunette
minnie,Minnie
gag,gag
demjenigen,to that person
zugedröhnt,drugged up
atticus,atticus
vorhergesagt,predicted
mcnulty,mcnulty
findus,findus
schnappst,grab
vermutete,suspected
zeugenaussagen,witness statements
hetzt,incites
dominique,Dominique
delhi,Delhi
xiang,xiang
raufkommen,up
lala,lala
blondes,blonde
ivo,ivo
turnhalle,gym
überfahrt,crossing
move,move
runterlassen,lower
nicaragua,Nicaragua
second,second
vermieden,avoided
infusion,infusion
prognose,forecast
giraffe,giraffe
japanischer,Japanese
senora,senora
hervorrufen,cause
basieren,are
geborgt,borrowed
viola,viola
wünschten,wish
wohnsitz,residence
ausbilder,instructor
dottie,dottie
inszenierung,staging
schönere,more beautiful
fogg,fogg
brice,brice
beenthere,been there
scharfsinnig,astute
flughäfen,airports
cordelia,cordelia
brautjungfer,bridesmaid
weisse,white
substanzen,substances
bösewichte,villains
alaikum,Alaikum
diplomat,diplomat
jahreszeiten,seasons
schnüffler,snoop
chile,Chile
ralf,Ralf
aufzuregen,to upset
offline,offline
hinterausgang,rear exit
aktie,share
spanner,spanner
verdammnis,damnation
heimkehr,homecoming
unglücklicher,unfortunate
rumpelstilzchen,Rumpelstiltskin
applaudieren,applaud
howdy,howdy
verhöre,interrogations
sweeney,Sweeney
krepiert,died
lourdes,Lourdes
tausender,thousands
transaktion,transaction
devil,devil
darzustellen,to represent
gulden,gulden
toleriert,tolerated
dampfer,mute
wogen,weighed
kannibalen,cannibals
legendären,legendary
lausiger,lousy
spa,spa
gewaltiger,enormous
grossmutter,grandmother
elektronischen,electronic
lebendes,living
schei,shit
kreiert,created
schaltkreise,circuits
klopfe,knock
jörg,Jörg
wilcox,wilcox
autopilot,autopilot
glänzenden,shiny
kommuniziert,communicated
türklopfen,door knock
hoff,hope
wehrlos,defenseless
bedingt,conditional
ferienlager,holiday camp
spott,mockery
atombomben,atomic bombs
verzug,delay
chefredakteur,editor-in-chief
card,card
vertan,wasted
opfere,sacrifice
schaufenster,shop window
zepter,scepter
digitale,digital
romero,Romero
fotografin,photographer
verlesen,read out
aneurysma,aneurysm
kartenspiel,card game
aufheitern,cheer
davenport,Davenport
hinterfragen,question
vorträge,lectures
hear,hear
reisender,traveler
magistrat,magistrate
aufzustellen,to set up
doofe,stupid
kristina,Kristina
things,things
verse,verse
tape,tape
woll,well
spaziert,walk
zugucken,watch
kleber,glue
kiffen,smoking marijuana
grösste,largest
eingeteilt,divided
sterbliche,mortal
feuchtigkeit,moisture
herablassend,condescending
grotesk,grotesque
dent,dent
nil,Nile
deserteur,deserter
abzuschalten,to switch off
einzufangen,to capture
fong,fong
tonnenweise,tons
siegfried,Siegfried
stammes,tribal
hernandez,hernandez
mitgliedschaft,membership
leni,Leni
stangen,poles
messern,knives
flugblätter,leaflets
arroganter,arrogant
cracker,cracker
hingeschickt,sent
maßnahme,measure
arg,awful
ausnehmen,excluding
übernatürlichen,supernatural
umschalten,switch
schnaubt,snorts
auszuruhen,to rest
ließt,reads
kanu,canoe
isaak,Isaac
prophezeiungen,prophecies
muessen,must
anmeldung,registration
premier,premier
miene,expression
psychologisch,psychologically
sternschnuppe,shooting star
kiriu,kiriu
vertrauens,trust
dover,dover
behinderte,disabled
verleumdung,slander
liebespaar,loving couple
gelagert,stored
skinny,skinny
poetisch,poetic
unvollständig,incomplete
gerichtsbeschluss,court order
vista,Vista
swimmingpool,swimming pool
präfekt,prefect
abschleppwagen,tow truck
todsicher,Absolutely certain
belügst,lie
edison,Edison
ferngespräch,long-distance call
trade,trade
erlegt,killed
mythen,myths
paxton,Paxton
infrastruktur,infrastructure
elwood,Elwood
floss,raft
hermine,Hermione
puppenspieler,puppeteer
rausfahren,drive out
bürgen,guarantee
gannicus,gannicus
seriös,serious
sunset,sunset
japse,japs
michail,Mikhail
trompeten,trumpets
jüngling,youth
beispiele,examples
gegossen,cast
weihnachtsfest,Christmas
sichersten,safest
suchtrupp,search party
schikanieren,harass
dämliches,stupid
rudolf,Rudolf
kritisiert,criticized
kroch,crawled
klone,clones
pfütze,puddle
henrietta,Henrietta
verbleib,remainder
tintenfisch,squid
makkaroni,macaroni
glückseligkeit,bliss
überbringe,deliver
grover,Grover
gedeihen,thrive
senatoren,senators
hämisch,malicious
conner,conner
armseligen,pitiful
anträge,applications
depot,depot
solchem,such
vielzahl,variety
mistvieh,cattle
vo,vo
bums,bang
violine,violin
stammbaum,family tree
konstant,constant
reparier,repair
umsetzen,implement
abgeschoben,deported
trumpf,trump
gleichheit,equality
jaa,yes
schusswaffen,firearms
verdenken,blame
hinters,behind
hierzu,this
konkret,specifically
signieren,sign
mueller,mueller
aufgelesen,picked up
verschlimmert,worsened
überm,above
pond,pond
währt,lasts
einerseits,on the one hand
nächstenliebe,love of neighbor
rupien,rupees
fälschungen,forgeries
empfiehlt,recommends
flüsternd,whispering
kleopatra,Cleopatra
moos,moss
isak,isak
feuerschutz,fire protection
ck,ck
pie,pie
pensioniert,retired
protein,protein
fidel,cheerful
einzelkind,only child
jagten,hunted
cupcake,cupcake
zögere,hesitate
rege,active
jahrbuch,yearbook
eroberer,conqueror
unit,unit
größen,sizes
perseus,Perseus
parole,parole
nahrungsmittel,food
führers,leader
vorstellbar,conceivable
forest,forest
resync,resync
rainbow,rainbow
sozialismus,socialism
belieben,choose
säbel,saber
rüpel,rude
düsteren,gloomy
inschrift,inscription
ulrich,Ulrich
ortes,place
syrien,Syria
mietwagen,rental car
kontaktperson,contact person
ystad,Ystad
unordentlich,messy
eingetauscht,exchanged
lorelei,lorelei
engagierte,committed
abgeblasen,cancelled
bändigen,tame
unerfahren,inexperienced
trager,carrier
fluchtversuch,escape attempt
friedlicher,peaceful
verdecken,conceal
primitiven,primitive
unklug,unwise
informierte,informed
helme,helmets
bade,bath
rausschneiden,cut out
gustavo,Gustavo
umschauen,look around
kies,gravel
fehlten,missing
förster,ranger
lichtung,clearing
wilma,Wilma
favoriten,favorites
brote,bread
lore,lore
gedächtnisverlust,memory loss
überziehen,over
beobachtest,observe
bruchbude,dilapidated building
paragraph,paragraph
klingelte,rang
auszuprobieren,to try
ber,ber
schlägen,hit
dvds,DVDs
vinny,vinny
essens,food
besonderem,special
hilflosen,helpless
senkt,lowers
gigi,Gigi
laurence,Laurence
mental,mental
aufzeichnen,record
unzuverlässig,unreliable
spirituellen,spiritual
missverstehen,misunderstand
denkweise,mindset
bemitleiden,pity
wahrheiten,truths
rausreißen,tear out
eingangstür,entrance door
osama,Osama
tussis,chicks
kreuzer,cruiser
smart,smart
schmal,narrow
bewachung,guarding
rolls,rolls
zustimmt,agrees
weglegen,put away
wasserhahn,tap
ablösen,replace
radikalen,radical
stringer,stringer
linsen,lentils
effekte,effects
bedrohungen,threats
erwägen,consider
magnet,magnet
arigold,arigold
automatik,automatic
versessen,obsessed
fleischer,butcher
camper,camper
auszumachen,to identify
einschlag,impact
verführerisch,seductive
salzwasser,saltwater
würfeln,roll the dice
festmahl,feast
beansprucht,claimed
laberst,You're talking nonsense
aussprache,pronunciation
vorbeigefahren,drove past
boogie,boogie
anordnungen,arrangements
chevalier,chevalier
zweihundert,two hundred
patrouillen,patrols
entzwei,in two
rückruf,recall
pierrot,Pierrot
rourke,rourke
hühnern,chickens
exzentrisch,eccentric
beschämend,shameful
vorbeibringen,drop it off
herausforderer,challenger
diplomatischen,diplomatic
bentley,Bentley
marshmallows,marshmallows
fung,fung
entwicklungen,developments
sies,she
metal,metal
watts,watts
jai,jai
ventura,ventura
väterchen,little father
nichols,nichols
cheerleaderin,cheerleader
überfluss,abundance
kopfüber,upside down
klär,clarify
lock,lock
woo,woo
geprobt,rehearsed
seitlich,laterally
zeke,zeke
mittelsmann,middleman
hercules,Hercules
anya,anya
bosch,Bosch
auslieferung,delivery
verfolger,pursuers
ryo,ryo
absätze,paragraphs
einwanderungsbehörde,immigration authority
annäherung,approach
düsseldorf,Düsseldorf
abwehren,defend
gefärbt,dyed
hollow,hollow
thatcher,thatcher
stefanie,Stefanie
erhöre,hear
handelst,trade
interpretieren,interpret
quadratmeter,square meters
abgedeckt,covered
speichel,saliva
lira,lira
zusammensetzung,composition
emilys,Emily's
nada,nada
fae,fae
heldenhaft,heroic
entwendet,stolen
blickte,looked
katarina,Katarina
felicia,Felicia
sa,sa
ungeschützt,unprotected
ignorierst,ignore
katastrophen,disasters
driscoll,driscoll
lakaien,lackeys
ope,ope
umgekippt,tipped over
hare,hare
kreuzverhör,cross-examination
zurückgewiesen,rejected
genialer,ingenious
schlachter,butcher
armando,Armando
salim,Salim
ernennung,appointment
längeren,longer
blowjob,blowjob
mittelmeer,Mediterranean
geleckt,licked
thierry,Thierry
mayonnaise,mayonnaise
notsignal,distress signal
butcher,butcher
zufällige,random
heuchelei,hypocrisy
sortiert,sorted
mausetot,stone dead
röcke,skirts
sippe,clan
bierchen,beer
katastrophal,catastrophic
entfacht,ignited
zollen,pay
durchsuche,search
pilatus,Pilatus
parsons,parsons
unreif,immature
xiao,xiao
transaktionen,transactions
label,label
erbschaft,heritage
schäbigen,shabby
bauarbeiter,construction worker
reisepass,passport
kirsche,cherry
opfert,sacrifices
goldman,Goldman
munson,Munson
servietten,napkins
ehrenmann,honorable man
beschuldige,accuse
weiches,soft
alistair,Alistair
betreuung,care
dum,dum
zwiebel,onion
katholik,Catholic
leugne,deny
amador,amador
fahrgäste,passengers
familienmitglieder,family members
esmeralda,Esmeralda
gemeinsamkeiten,similarities
häfen,ports
fortgegangen,departed
là,là
vir,vir
bacon,bacon
nassau,Nassau
bildfläche,screen area
geplaudert,chatted
lie,lie
verwetten,bet
späte,late
chemikalie,chemical
herausgeber,editor
chucks,chucks
derweil,meanwhile
türke,Turk
rächt,avenge
krasse,crazy
papstes,pope
einschenken,pour
fete,party
schizophrenie,schizophrenia
ellenbogen,elbow
entdecke,discover
verspüren,feel
supermann,superman
faxen,fax
kip,kip
hilfsbereit,helpful
forschen,research
normalität,normality
bilbo,bilbo
lichtgeschwindigkeit,speed of light
populär,popular
museen,museums
verweilen,linger
getragene,worn
essenz,essence
annas,Anna's
fringe,fringe
bodyguards,bodyguards
überheblich,arrogant
dienststelle,office
kräftige,powerful
tragödien,tragedies
aufforderung,request
ames,ames
gewöhnst,get used to
freundlicherweise,kindly
erniedrigen,humiliate
einstürzen,collapse
versunken,submerged
brut,brut
syndikat,syndicate
einsturz,collapse
pr,pr
faktoren,factors
unterzogen,subjected
ministerpräsident,Prime Minister
ausserhalb,outside
klonen,clone
furchterregend,terrifying
gewannen,won
sohns,son's
begriffe,terms
hießen,They were called
hahaha,hahaha
whitehall,whitehall
martinis,martinis
voreingenommen,biased
stärkt,strengthens
finstere,dark
blähungen,flatulence
zähmen,tame
fusel,fusel
praktikantin,intern
flirtet,flirts
pures,pure
bedeutender,significant
intellektuellen,intellectual
act,act
beschwöre,swear
intensität,intensity
gotta,gotta
anzuhängen,to attach
verstopfung,constipation
niederlassen,settle
louvre,Louvre
streckt,stretches
kehrst,return
rausgezogen,pulled out
künftig,future
verstarb,died
benahm,behaved
dreizack,trident
early,early
bartlett,Bartlett
liang,liang
midnight,midnight
durchzustehen,to endure
bittere,bitter
bio,organic
reichtümer,riches
motorhaube,bonnet
hegt,nurtures
krabbe,crab
florian,Florian
navigator,navigator
särge,coffins
bernhard,Bernhard
blättern,scroll
turn,turn
stießen,encountered
oberkörper,upper body
komponiert,composed
gespuckt,spat
betragen,be
flo,flo
pak,pak
stannis,stannis
mendoza,Mendoza
organisierten,organized
bankkonten,bank accounts
beauftragen,give an order
ahne,ancestor
entlarven,expose
carola,Carola
zwingst,force
traditionellen,traditional
flurs,hallway
inspizieren,inspect
gekehrt,swept
oha,oh
störte,disturbed
robertson,Robertson
dumpfes,dull
vermieterin,landlady
winslow,Winslow
leigh,leigh
segelt,sails
besitztümer,possessions
programms,programs
leichenbeschauer,coroner
vollkommene,perfect
erstarrt,frozen
rasmus,Rasmus
gleiches,same
zugunsten,in favor
fachgebiet,field of expertise
betäubungsmittel,narcotics
hokuspokus,hocus pocus
spioniert,spied
zwillingsbruder,twin brother
kolumbus,Columbus
titus,Titus
lorbeeren,laurels
tratsch,gossip
hinterlass,leave
demütig,humble
lucius,Lucius
junggesellen,bachelors
alkoholikerin,alcoholic
oas,oas
klapsmühle,mental hospital
brenner,burner
horrorfilm,horror film
juristische,legal
schleunigst,as soon as possible
friedensangebot,peace offer
konkurrieren,compete
wechselbalg,changeling
vermerkt,noted
tarnen,camouflage
bern,Bern
banküberfall,bank robbery
yellow,yellow
implantat,implant
zurückkehrte,returned
gustave,Gustave
verschließt,closes
afrikanischen,African
hockt,squats
polizeibeamter,police officer
kündigte,announced
wahrsager,fortune teller
aushandeln,negotiate
filmt,filming
hagen,hagen
vitamin,vitamin
experimentiert,experiments
django,django
antidepressiva,antidepressants
einstieg,entry
aufbruch,departure
atomwaffen,nuclear weapons
auszuliefern,to deliver
irrenanstalt,insane asylum
gnädigste,most gracious
verfolgungsjagd,chase
dreifache,triple
augenkontakt,eye contact
erhöhung,increase
bobbi,bobbi
instinktiv,instinctively
lawine,avalanche
rumzuhängen,hanging around
sucre,sugar
terrance,Terrance
rauszugehen,to go out
rippchen,ribs
kassetten,cassettes
bekifft,stoned
siobhan,Siobhan
avon,avon
erkrankt,ill
pfirsiche,peaches
künste,arts
bekämen,would receive
pförtner,usher
übertreten,transgress
abgeschrieben,copied
anpacken,tackle
gästehaus,guesthouse
caracas,Caracas
sozialarbeiterin,social worker
platzpatronen,blank cartridges
geiselnahme,hostage situation
geschummelt,cheated
pipeline,pipeline
überlaufen,overrun
devereaux,devereaux
glut,embers
scheusal,monster
enttarnt,exposed
kingsley,Kingsley
raucher,smoker
hardware,hardware
cnn,cnn
pose,pose
leier,lyre
freudig,happy
lancelot,Lancelot
schlosses,lock
frauchen,mistress
requisiten,props
sündigen,sin
harrington,Harrington
zauberin,sorceress
fabio,fabio
low,low
abgehackt,choppy
teuflischen,diabolical
herumliegen,lying around
alva,alva
stolzen,proud
schmach,disgrace
triebwerk,engine
biker,biker
hemingway,Hemingway
dörfern,villages
weigerst,refuse
holzfäller,lumberjack
transmitter,transmitter
ersuchen,request
ki,ki
legale,legal
xander,xander
nachdenklich,pensive
klaute,stole
abenteurer,adventurer
heiler,healer
eintausend,one thousand
tripper,gonorrhea
bozz,bozz
aufgeschlagen,opened
wortwahl,word choice
stoned,stoned
netze,networks
weiterentwickelt,further developed
reserven,reserves
hiv,HIV
gleichermaßen,likewise
aufrufen,call
unbehaglich,uncomfortable
abtreiben,abortion
anschaue,look
misserfolg,failure
hierherkommen,come here
saustall,pigsty
finley,finley
conway,Conway
patsy,patsy
zustände,conditions
abgehen,depart
geburtsdatum,birth date
dieter,dieter
feuere,fire
newark,Newark
hochmut,pride
josefine,josefine
verrücktheit,madness
mittwochs,Wednesdays
hybriden,hybrid
xu,xu
tempus,tempus
zeugenschutzprogramm,witness protection program
aufgebe,give up
implantate,implants
bewunderer,admirer
davy,davy
kriegsführung,warfare
adrien,Adrien
funkstille,radio silence
hundefutter,dog food
hah,hah
wichita,wichita
seeleute,sailors
aufzudecken,to uncover
zwischendurch,in between
schüttel,shake
stramm,tight
gören,children
gezüchtet,bred
mackey,Mackey
beaumont,Beaumont
aufzutreten,to appear
lutscht,sucks
dasitzen,sitting there
erstaunen,amazement
smithers,Smithers
mobiltelefon,mobile phone
drago,dragon
eskortieren,escort
pennys,pennys
bernd,Bernd
missfällt,dislikes
mitarbeit,cooperation
uhh,uhh
waldorf,Waldorf
vivien,vivien
geklebt,glued
olympia,Olympics
carole,Carole
dempsey,dempsey
schlafsack,sleeping bag
ausstrecken,stretch
drankriegen,get it
köche,cooks
wegfliegen,fly away
zuschlägt,strikes
voila,Voila!
manns,man
tad,tad
gebastelt,crafted
müsli,muesli
rückflug,return flight
rausgerissen,torn out
glaubhaft,credible
erdrosselt,strangled
strip,strip
nam,name
plagt,plagues
hochnehmen,pick up
spannender,exciting
verstellen,adjust
juri,juri
erlegen,killing
tiberius,Tiberius
ehrwürdige,venerable
augustine,Augustine
boo,boo
anubis,Anubis
olympiade,Olympics
taschentücher,tissues
ti,ti
hits,hits
partners,partners
wolowitz,Wolowitz
artefakte,artifacts
schleppst,dragging
delegation,delegation
traumatisiert,traumatized
ergründen,explore
geleiten,escort
bigfoot,bigfoot
burn,burn
bowen,Bowen
vorlieben,preferences
lone,lone
morales,morales
norbit,norbit
schornstein,chimney
wegmachen,remove
vergiftete,poisoned
königreiche,kingdoms
cholera,cholera
äußersten,extreme
lieblinge,favorites
tok,tok
langweiliger,boring
verblassen,fading
anspielung,innuendo
harfe,harp
verspannt,tense
frida,Frida
tania,tania
mitkriegen,notice
maguire,maguire
spartakus,Spartacus
kopfverletzung,head injury
empfing,received
barbier,barber
vorsätzlich,intentionally
gepriesen,praised
verhaltens,behavior
durchkämmen,comb through
huntington,huntington
neunte,ninth
übereinkunft,agreement
davies,Davies
eröffnete,opened
bankraub,bank robbery
flaggen,flags
abweisen,reject
leitender,leading
knicks,curtsy
comedy,comedy
dickerchen,chubby
vorigen,previous
geplanten,planned
una,una
färben,dyeing
beate,Beate
verdankt,thanks to
self,self
keating,keating
days,days
wirkliches,real
erörtern,discuss
mundgeruch,bad breath
elektrisches,electrical
inhaber,owner
schläfrig,sleepy
betreut,supervised
gewalttätigen,violent
zweifelsohne,undoubtedly
konzerne,corporations
glades,glades
malone,malone
ariane,ariane
gonzales,Gonzales
ekg,ECG
bruderherz,brother
reyes,reyes
always,always
aviv,aviv
ehrenwerter,honorable
rashid,rashid
dringendes,urgent
altem,old
stehengeblieben,stopped
malloy,Malloy
pseudonym,pseudonym
knusprig,crispy
umstand,fact
polizeisirenen,police sirens
ermüdend,tiring
verbreitung,spread
anreiz,attraction
ventilator,fan
dahintersteckt,behind it
skrupel,scruples
milady,milady
verschlüsselung,encryption
weitergeleitet,forwarded
aussehenden,looking
blech,sheet metal
zorro,Zorro
salzig,salty
ulrike,Ulrike
kaktus,cactus
elternhaus,parental home
leopard,leopard
bundesstaat,federal state
reinschauen,Take a look
hej,hej
raines,raines
mentale,mental
janie,Janie
phasen,phases
schwierigkeit,difficulty
bali,Bali
schutzschild,protective shield
mitmacht,participates
emitter,emitter
relais,relay
bevorstehenden,upcoming
gemischte,mixed
abgedrückt,pressed
jumbo,jumbo
höheres,higher
capitol,Capitol
verdirbst,spoil
vamos,vamos
aufgeregtes,excited
gebenedeit,blessed
aldo,aldo
farrell,farrell
schrader,Schrader
idiotischen,idiotic
leim,glue
krächzen,croak
gerechter,fair
durchleben,experience
organische,organic
disko,disco
eignet,suitable
jimi,Jimi
matilda,Matilda
tropf,drip
exmann,ex-husband
stasi,Stasi
india,India
anrecht,entitlement
vorhersehbar,predictable
neuste,newest
teeger,teeger
schätzung,estimate
gepisst,pissed
armselige,pathetic
bind,bind
wettrennen,race
madge,madge
bergwerk,mine
künstlerische,artistic
missverständnisse,misunderstandings
täuschst,deceive
müllhalde,landfill
kurzsichtig,short-sighted
interviewt,interviewed
käfige,cages
hierüber,about this
gebühr,fee
rebell,rebel
fortführen,continue
isles,Isles
zodiac,zodiac
kontakten,contact
ric,ric
funktionsfähig,functional
gewußt,known
rolex,Rolex
komponist,composer
unsensibel,insensitive
gastgeberin,hostess
arbeitszeit,working hours
jockey,jockey
bleich,pale
liars,liars
aufgestiegen,promoted
ausbilden,form
blondinen,blondes
dunphy,Dunphy
innenminister,interior minister
lügendetektor,lie detector
under,under
präsent,present
lon,lon
lennier,Lennier
stifler,Stifler
unterhaltungen,conversations
gemeines,common
coffee,coffee
stellungen,positions
schwerhörig,hard of hearing
oberteil,top
jeannie,Jeannie
barren,bars
katya,Katya
lastet,burdens
geschminkt,made up
seilen,ropes
spaßen,jokes
dukaten,ducats
stickstoff,nitrogen
minderheit,minority
argumentieren,argue
potts,potts
dickkopf,stubborn
saturn,Saturn
kulturelle,cultural
gehort,heard
flegel,lout
telepathie,telepathy
delaney,delaney
wahrhaben,to be true
augenlicht,eyesight
zugehen,approach
regale,shelves
willard,willard
astor,Astor
gelehrten,scholars
verficktes,fucking
kwan,kwan
hehler,fence
hinfort,henceforth
überwiegend,mostly
derrick,derrick
clique,clique
überbewertet,overrated
simba,Simba
langt,is enough
emotionaler,emotional
streuen,scatter
frazier,Frazier
nato,NATO
hinterteil,rear
wurscht,Doesn't matter
arabische,Arabic
kubaner,Cuban
mooney,mooney
veronika,Veronica
moi,moi
durchlassen,pass
sandmann,Sandman
herstellt,manufactures
bubber,bubber
dinah,dinah
schlafmütze,sleepyhead
passagieren,passengers
kippt,tilts
befreite,freed
durchbrennen,burn out
missgeschick,mishap
überstürzt,rushed
wilkins,wilkins
nachzusehen,to check
kriegsrecht,martial law
unerwartetes,unexpected
verbitte,I forbid it
verbreitete,widespread
träge,sluggish
birnen,pears
schwertkämpfer,swordsman
klirrt,clinking
tiny,tiny
largo,largo
schmollen,pouting
brandneu,brand new
befund,findings
steche,sting
zuckerwatte,cotton candy
tatenlos,inactive
gelobe,vow
artus,Arthur
pah,pah
behoben,fixed
riverside,riverside
academy,academy
bugs,bugs
säße,sat
unterredung,conversation
korken,cork
verdeckten,concealed
unehrlich,dishonest
marquise,marquise
bistro,bistro
spatzen,sparrows
gespött,mockery
verzogen,distorted
verschweigst,you conceal
moya,moya
rennfahrer,racing driver
flink,nimble
intelligenten,intelligent
wasserdicht,waterproof
kompensieren,compensate
günstiger,cheaper
fortan,from now on
valencia,Valencia
landstraße,country road
palmen,palm trees
fanfare,fanfare
mitnahm,took
herankommen,approach
säuft,drinks
veranstaltungen,events
rassismus,racism
gestatte,allow
entführungen,kidnappings
kochte,cooked
nackter,naked
dos,DOS
wähl,choose
records,records
aberglauben,superstition
sicherheitskameras,security cameras
hasan,Hasan
lebzeiten,lifetime
irrsinnig,insane
belegschaft,workforce
arznei,medicine
referat,presentation
umfrage,opinion poll
auszunutzen,to exploit
lebenskraft,vitality
gasthof,inn
tücher,cloths
selbständig,self-employed
flying,flying
algorithmus,algorithm
toben,raging
silva,Silva
aufzulösen,to resolve
kettensäge,chainsaw
ausgerottet,eradicated
belinda,Belinda
web,web
isl,isl
milwaukee,Milwaukee
falschem,FALSE
goldfisch,goldfish
anlassen,start
cahill,cahill
empor,up
straftaten,crimes
absperren,lock up
diggle,diggle
kelvin,Kelvin
hingeben,surrender
busfahrer,bus driver
künftigen,future
geköpft,beheaded
macbeth,Macbeth
brände,fires
teilhaber,partner
schnalle,buckle
elischka,elischka
versöhnt,reconciled
linse,lens
kolonisten,colonists
joss,Joss
lieblich,lovely
legendäre,legendary
aroma,aroma
einzuholen,to catch up
guard,guard
gejammer,whine
besetzten,occupied
regent,regent
hingehörst,where you belong
reisebüro,travel agency
notwendigen,necessary
ertrinke,drown
charaktere,characters
schärfer,sharper
geschleudert,hurled
orient,Orient
register,register
eingrenzen,narrow down
ozeans,oceans
bosco,bosco
stellvertretenden,deputy
passierschein,pass
lüfte,ventilate
ozzy,Ozzy
standest,stand
ressler,ressler
verrückteste,craziest
grundlegende,basic
zofe,maid
rührst,touch
verona,Verona
öffneten,opened
pia,pia
verkriechen,hide
anziehung,attraction
runtergekommen,run-down
neutrale,neutral
vale,vale
sonar,sonar
ryu,ryu
todestag,death anniversary
fiasko,fiasco
verlässlich,reliable
balg,bellows
lakai,lackey
wörtchen,little word
entfachen,ignite
kaffeemaschine,coffee machine
eiswürfel,ice cubes
after,anus
verhielt,behaved
königlich,royal
neustart,restart
metallisches,metallic
goes,goes
kopierer,copier
kincaid,kincaid
cruise,cruise
dichten,dense
hungrige,hungry
autotür,car door
forensische,forensic
sämtlichen,all
pferdes,horse
ro,ro
delia,Delia
orpheus,Orpheus
thorn,thorn
massenhaft,masses
abhängigkeit,dependency
unecht,fake
flippe,flippe
fotzen,cunts
streicht,cancels
aufsichtsrat,supervisory board
japans,Japan's
zugeht,goes
reisten,traveled
kenia,Kenya
browning,browning
vollziehen,perform
drogenhändler,drug dealers
kosaken,Cossacks
sardinen,sardines
käsekuchen,cheesecake
bettelt,begs
schafen,sheep
tendenz,trend
flohmarkt,flea market
kanadischen,Canadian
ungnade,disgrace
zachary,zachary
allerbesten,very best
wonne,bliss
einzusteigen,to get started
aufzubrechen,to depart
maschinengewehre,machine guns
schwindet,diminishes
ausgetrocknet,dried out
buche,beech
autohupe,car horn
fabrice,fabrice
ausbluten,bleed out
bombenanschlag,bomb attack
witziger,funnier
prototypen,prototypes
selbstmordversuch,suicide attempt
wachposten,sentry post
kongo,Congo
macdonald,McDonald's
hepp,hepp
vorzutäuschen,to pretend
auseinandernehmen,take apart
beleidigst,insulting
hombre,man
tack,tack
einzug,move-in
gebettelt,begged
vorläufige,preliminary
alyssa,alyssa
mats,mats
hellraiser,hellraiser
entdeckungen,discoveries
feierten,celebrated
barmann,barman
sähen,sow
natalia,Natalia
casablanca,Casablanca
merrick,Merrick
gerichtsgebäude,courthouse
abgefackelt,burned down
should,should
abbauen,tear down
unterleib,lower abdomen
mathematiker,mathematician
chong,chong
spezialgebiet,specialty
trikot,jersey
nachmachen,copy
yamato,yamato
aj,aj
intervention,intervention
nordens,north
äußerste,outermost
endspiel,final
drohst,threaten
vergeigt,botched
schwätzer,chatterbox
salsa,salsa
myra,myra
achilles,Achilles
symptomen,symptoms
nutzten,used
verordnung,regulation
supernatural,supernatural
quadrat,square
kapitulieren,capitulate
grünschnabel,greenhorn
möwe,gull
entbunden,delivered
root,root
typischen,typical
konkrete,specific
memme,wimp
abhacken,chop it up
fahrräder,bicycles
wühlen,dig
faucht,hisses
sees,sees
winziger,tiny
reinem,pure
weitergemacht,continued
meditieren,meditate
popeye,Popeye
chefarzt,chief physician
rousseau,Rousseau
weggehst,you go away
nordkorea,North Korea
antikörper,antibody
gönn,treat yourself
vernarrt,infatuated
quecksilber,mercury
wogegen,whereas
erhob,raised
erhoffen,hope
rausgenommen,removed
verkörpert,embodies
zurückzulassen,to leave behind
winnie,Winnie
aufbleiben,stay up
yohko,yohko
kaiserschnitt,cesarean section
absage,cancellation
verreckt,died
späteren,later
vorlesungen,lectures
dantes,Dantes
kaputter,broken
rasierer,razor
gaulle,Gaulle
hygiene,hygiene
gönne,treat yourself
angebunden,connected
mette,Mette
erschiessen,shoot
unruhestifter,troublemaker
freebo,freebo
lothar,Lothar
blonder,blond
erträgst,endure
commodore,Commodore
wohlbefinden,well-being
curt,curt
auspeitschen,whipping
berühr,touch
faulpelz,lazybones
cami,cami
cup,cup
zwillingen,twins
parrish,parrish
chappie,Chappie
müsstet,would have to
anmaßend,presumptuous
vorgeladen,summoned
ensemble,ensemble
imitieren,imitate
einar,einar
herald,herald
wertschätzung,appreciation
lazarus,Lazarus
marker,marker
grille,grill
entschloss,decided
presents,presents
ausgearbeitet,elaborated
dreams,dreams
tessa,Tessa
begehre,desire
rauchte,smoked
fasste,summarized
pavillon,pavilion
hubot,hubot
abschütteln,shake off
übernahmen,took over
enrique,Enrique
kendall,Kendall
format,format
taft,Taft
orgel,organ
ziffern,numbers
attraktiven,attractive
marlo,marlo
draufgegangen,died
totschlagen,kill
stolperte,stumbled
asgard,Asgard
schauspielerinnen,actresses
entertainment,entertainment
übereinander,one above the other
videokamera,video camera
zirpen,chirping
tonfall,tone of voice
verstehste,Do you understand?
lamb,lamb
orchideen,orchids
mächtiges,powerful
nichtsdestotrotz,nevertheless
bezweifeln,doubt
schuster,shoemaker
widerfährt,happens
identifizierte,identified
verehre,revere
guan,guan
weissen,white
ergriff,seized
autodiebstahl,car theft
reinhold,Reinhold
pfefferspray,pepper spray
jingle,jingle
enterprises,enterprises
ad,ad
rolling,rolling
kaputtes,broken
keaton,Keaton
shen,shen
albaner,Albanian
vader,Vader
prix,prix
beehren,honor
showbusiness,show business
anomalien,anomalies
johnnie,johnnie
vereinbarten,agreed
cullen,Cullen
menschenrechte,human rights
deckname,codename
anzügen,suits
ulf,ulf
umkleideraum,changing room
fächer,fan
dancer,dancer
aufgetrieben,discovered
jegliches,any
eileen,Eileen
grösser,larger
mace,mace
besagte,said
waffensysteme,weapon systems
pforte,gate
schlachthaus,slaughterhouse
lockern,loosen
kopfes,head
synagoge,synagogue
verwalten,administer
angeldream,angeldream
renard,Renard
vorgespielt,played
namaste,Namaste
gekreuzigt,crucified
takes,takes
straßensperre,road closure
greendale,Greendale
überwache,monitor
gekrönt,crowned
michaela,Michaela
gay,gay
absichern,secure
schiefgelaufen,went wrong
jeher,ever
dauerhafte,permanent
ipod,iPod
lovelace,Lovelace
roderick,Roderick
sozial,social
verrats,betrayal
höllische,hellish
vakuum,vacuum
soo,so
großmeister,grandmaster
caligula,Caligula
bedingungslos,unconditionally
lausigen,lousy
maverick,maverick
buchstabiert,spelled
diesjährigen,this year
mitgehört,overheard
ebbe,ebb
verteile,distribute
futtern,feed
gegenden,regions
zwanziger,twenties
vancouver,Vancouver
unbestimmte,indefinite
uhura,uhura
anfreunden,befriend
verantwortungslos,irresponsible
aberjetzt,but now
wyoming,Wyoming
bryant,Bryant
schlaflosigkeit,insomnia
zuständigen,responsible
ehrenwerten,honorable
zeitlich,time
aufwächst,grows up
verschreckt,scared
gewissensbisse,remorse
rhythmische,rhythmic
hansi,Hansi
arc,arc
schliche,sneak
kletterte,climbed
geleit,escort
zugelegt,acquired
staten,states
zutat,ingredient
versage,fail
bombenleger,bomber
kittchen,kitchen
stube,room
fulton,Fulton
auffordern,request
doppeltes,double
peppone,Peppone
ungeduld,impatience
durchgestanden,survived
schreckens,horror
sodbrennen,heartburn
animation,animation
schwärmen,rave
kleinkind,toddler
teheran,Tehran
nope,nope
anwalts,lawyer
sure,sure
clemens,Clemens
bens,Ben's
antiker,antique
fluggesellschaft,airline
geschwür,ulcer
eingebuchtet,imprisoned
ignoranz,ignorance
tommys,Tommy's
schmerzlich,painful
reim,rhyme
telemach,telemach
brownies,brownies
schmarotzer,parasitic
entschärft,defused
intellektuelle,intellectual
schrotthaufen,scrap heap
anzustellen,to hire
ablenkungen,distractions
schinden,toil
abfackeln,burn it down
kennenlernst,get to know each other
mäusen,mice
aidan,Aidan
justizminister,Minister of Justice
kläger,plaintiff
jüdischer,Jewish
wortspiel,pun
wide,wide
befürchtete,feared
juristischen,legal
verteilung,distribution
vulkanische,volcanic
hundesohn,son of a bitch
ianto,ianto
trend,trend
waller,catfish
anzugehen,to address
willig,willing
strategien,strategies
schatzkammer,treasury
erlass,decree
kombi,station wagon
bunte,colorful
arsenal,arsenal
engländerin,Englishwoman
komponenten,components
schalen,peel
ryder,Ryder
hörtest,you heard
putsch,coup
dienten,served
bestellst,order
ehrliches,honest
stricken,knitting
gaga,gaga
zehnte,tenth
lieblingsfilm,favorite movie
untersuchungshaft,pre-trial detention
gedämpft,muted
chinas,China's
grundsatz,principle
zurückdrehen,rewind
geburtsort,place of birth
lebendiges,living
kontrollierte,controlled
offenem,open
sensible,sensitive
erwärmung,warming
anwesende,present
gebiss,denture
unterdrückten,suppressed
ausgleichen,balance
sofortigen,immediate
annahm,assumed
terrence,terrence
perser,Persian
gefälligkeit,A favor
violette,violet
spiritus,spirit
hausfriedensbruch,trespassing
einbuchten,book
flemming,Flemming
wai,wai
claes,Claes
erzählung,narrative
redewendung,idiom
macker,mate
leidenschaften,passions
ridley,ridley
seltsamerweise,strangely
mandarin,Mandarin
füllte,filled
siehste,You see
verbände,associations
ziellinie,finish line
krümmen,bend
buckingham,buckingham
geschädigt,damaged
wasserstoff,hydrogen
abspringen,jump
wirksam,effective
italienisches,Italian
skifahren,to ski
gefühllos,callous
grenzenlos,limitless
durchsickern,seep through
widerliches,disgusting
goldmine,gold mine
chateau,chateau
innersten,innermost
heulsuse,crybaby
bev,bev
proteine,proteins
schämte,was ashamed
verschwundene,disappeared
today,today
kontaktiere,contact
wilderer,wilder
erklärten,explained
lahme,lame
durchzukommen,to get through
getippt,typed
sioux,Sioux
obdachloser,homeless
kostenlosen,free
pantoffeln,slippers
hingestellt,placed
frack,tailcoat
tov,tov
schatulle,casket
amok,amok
together,together
kampfgeräusche,sounds of fighting
abhaust,flees
todmüde,dead tired
klimpern,strum
lesbische,lesbian
gesetzlosen,lawless
genagelt,nailed
tung,tung
glieder,limbs
schwedischen,Swedish
büsche,bushes
androiden,androids
knirps,tot
zutun,to do
meier,meier
gesundheitsamt,public health department
gehaltsliste,payroll
sonnenbrand,sunburn
forever,forever
hektisch,hectic
wunderkind,child prodigy
parameter,parameter
navigation,navigation
pyjamas,pajamas
alden,alden
orientalische,oriental
barabbas,Barabbas
ausgewiesen,designated
schöneren,more beautiful
markham,Markham
alone,alone
rafe,Rafe
vergessenheit,oblivion
schatzi,honey
patti,Patti
hinausgehen,go out
spionierst,are spying
gewissenhaft,conscientious
vergleichbar,comparable
aufsteht,gets up
frisör,hairdresser
elektromagnetische,electromagnetic
ebenbild,likeness
fehlschlag,failure
nationalhymne,national anthem
dringenden,urgent
erloschen,extinguished
zerschnitten,cut up
flüchtete,fled
lasten,loads
späße,jokes
intellekt,intellect
vergeude,waste
bettwäsche,bed linen
nützlicher,useful
zusammentreffen,meet
knappen,scarce
schweigst,you remain silent
lateinisch,Latin
akzeptierte,accepted
ithaka,Ithaca
praktikanten,interns
jüngerer,younger
regenmantel,raincoat
feeling,feeling
ausgespielt,played out
fa,fa
bettlaken,bed sheet
godmode,godmode
lektüre,reading
verzweifelter,desperate
verkommen,deteriorate
erfahrene,experienced
kyoko,Kyoko
ninh,ninh
panische,panic
machenschaften,machinations
kritische,critical
etikett,label
gegners,opponent
riviera,Riviera
prozesse,processes
nakamura,Nakamura
rar,rare
abtei,abbey
nachlässt,decreases
geraden,straight
cécile,Cécile
untoten,undead
ganges,Ganges
ansammlung,collection
zuleide,Unfortunately
angetrauten,married
magnum,magnum
klargemacht,made clear
grundstücke,plots of land
clubhaus,clubhouse
versetzte,staggered
asiatischen,Asian
abgebissen,bitten off
sonnenfinsternis,solar eclipse
linderman,Linderman
selena,Selena
durchzugehen,to go through
kabelfernsehen,cable television
hassten,hated
phantombild,phantom image
schüssen,shots
radley,Radley
bewertet,rated
rundgang,tour
capitan,captain
farmen,farms
unwissenheit,ignorance
lexington,Lexington
magischer,magical
wegschmeißen,throw away
community,community
losen,solve
entsichert,unlocked
herauszufordern,to challenge
wickham,Wickham
lehrbuch,textbook
schwenken,sway
sparky,sparky
dramatischer,dramatic
laufbursche,errand boy
quälst,torment
verfangen,entangle
before,before
heimfahren,drive home
word,word
prächtigen,magnificent
labors,laboratories
sato,sato
brosche,brooch
verirren,get lost
kammerjäger,exterminator
böden,floors
kommende,upcoming
anderweitig,other
angewandt,applied
magneten,magnets
berühmtesten,most famous
nunmehr,now
krücken,crutches
allerlei,all sorts
verlangten,demanded
investor,investor
geschwiegen,remained silent
knabbern,nibble
städtischen,urban
vincenzo,Vincenzo
vernachlässigen,neglect
muhammad,Muhammad
lei,lei
tampa,Tampa
römern,Romans
spritz,spray
ausverkauf,sale
geeignete,suitable
fürchteten,feared
aufdrängen,impose
wegkommt,comes away
variante,variant
larissa,Larissa
beleidige,insult
schweinestall,pigsty
egoismus,egoism
zeitig,early
lindsey,Lindsey
schlafend,asleep
ankündigen,announce
hysterie,hysteria
minimal,minimal
getankt,refueled
begutachten,assess
erwies,proved
nominiert,nominated
leeds,Leeds
begierig,eager
überreicht,presented
entsetzen,horror
rahl,rahl
selbstgespräche,talking to myself
anlegt,creates
vätern,fathers
spezial,special
ahmad,ahmad
privatjet,private jet
aufschließen,unlock
aggressive,aggressive
pin,pin
marius,Marius
versionen,versions
attraktion,attraction
mitsamt,including
nachgeschaut,checked
organisiere,organize
aufzusuchen,to visit
sexuelles,sexual
mateo,mateo
prüf,check
alonzo,alonzo
montage,assembly
shu,shu
guise,guise
signalton,signal tone
gequatscht,chatted
try,try
graves,graves
belügt,lies
vorgesetzte,superiors
quittungen,receipts
klassenkameraden,classmates
auftragen,apply
enkelkind,grandchild
gleichgültigkeit,indifference
frierst,You're freezing
postiert,posted
beugt,bends
stilvoll,stylish
quetschen,squeeze
hitchcock,Hitchcock
marias,Maria's
bürokratie,bureaucracy
spendiert,donated
jesses,Jesus
simón,Simon
lennart,Lennart
sterbende,dying
schäfchen,sheep
verdrückt,suppressed
ca,approx
schülerinnen,female students
pumuckl,Pumuckl
mischst,mix
hyde,hyde
pflegeeltern,foster parents
maurer,bricklayer
sforza,Sforza
hochachtung,Respect
eisberg,iceberg
säen,sow
eingelebt,settled in
lasset,let
chopin,Chopin
guru,guru
dokumenten,documents
herrichten,prepare
emmanuelle,Emmanuelle
zurückzuhalten,to withhold
goldberg,Goldberg
manuelle,manual
buick,Buick
carina,Carina
lebenslange,lifelong
zusage,commitment
verschworen,conspiratorial
arterien,arteries
ausfällt,cancels
herzogs,duke
faschist,fascist
entgegenkommen,accommodate
rothstein,Rothstein
kopfschuss,headshot
schlürfen,slurp
brautpaar,bride and groom
purcell,Purcell
verflixte,darned
verschlüsselte,encrypted
doolittle,Doolittle
portrait,portrait
lonnie,lonnie
zugetragen,reported
sheppard,Sheppard
draufgänger,daredevil
wohltätigkeit,charity
abrechnen,bill
gespalten,split
uschi,Uschi
direktion,directorate
kemp,Kemp
rausgeflogen,fired out
verstimmt,out of tune
klinische,clinical
bergman,Bergman
kobayashi,kobayashi
luka,Lukas
pres,press
abreibung,abrasion
widerlegen,refute
wendepunkt,turning point
miki,miki
bedrängen,pressure
infektionen,infections
genaueres,more details
prentiss,prentiss
ankläger,prosecutor
entstellt,disfigured
stühlen,chairs
dickschädel,thick-headed
valentin,valentine
fallt,falls
hinterlegt,stored
sodom,Sodom
beiwohnen,attend
rekrut,recruit
gewaltverbrechen,violent crime
wiedergekommen,returned
abzuwarten,to wait
spaziergänge,walks
königreichs,kingdom
wiederbeleben,revive
hauptdarsteller,main actor
tastatur,keyboard
maddie,maddie
castillo,castillo
connell,Connell
behinderten,disabled
gewichte,weights
dazugehören,this includes
podium,podium
tofu,tofu
festnahmen,arrests
tigers,tigers
anmacht,turns on
bereitest,prepare
afrikaner,African
reib,rub
nachfahren,descendants
bello,bello
erfahrenen,experienced
makel,flaw
dienstlich,official
fischchen,little fish
zusammengebracht,brought together
stützt,supports
dirne,prostitute
nachgegeben,gave in
spirale,spiral
ungewiss,uncertain
celsius,Celsius
köstliche,delicious
himmlischer,heavenly
aa,aa
angeschnallt,buckled up
sprühen,spray
erotisch,erotic
glatter,smooth
oberkommando,high command
goebbels,Goebbels
zahnstocher,toothpick
lj,lj
vergewaltigte,raped
verheirateter,married
viktoria,Victoria
sicherheitsgründen,for security reasons
adressiert,addressed
gähnt,yawns
worth,worth
sondereinheit,special unit
müden,tired
margie,margie
ritten,rode
stadtteil,district
dödel,dödel
aufzureißen,to tear
aggressiver,aggressive
kobolde,goblins
ausgebreitet,spread out
krummen,crooked
entsetzliche,horrific
ergreifend,moving
zurückkamen,came back
schmiede,wrought
beziehungsweise,or
norrell,norrell
staff,staff
tetsuo,tetsuo
dummchen,dummy
bath,bath
nunja,well
dräng,urge
ogami,ogami
gerate,devices
demokratischen,democratic
motivieren,motivate
glatzkopf,bald head
verzehren,consume
starbucks,Starbucks
fürchterlichen,terrible
privatschule,private school
vorausgesagt,predicted
grigori,Grigori
sims,Sims
wegnimmt,takes away
einzuwenden,to object
selbstjustizler,vigilantes
verwählt,misdialed
peralta,peralta
homosexuellen,homosexual
nnen,nnen
bestimmter,certain
beleg,document
versagte,failed
voraussetzung,requirement
herausgekommen,came out
entzieht,withdraws
verringert,reduced
roulette,roulette
blöcke,blocks
generatoren,generators
marshalls,Marshalls
umarmungen,hugs
schwängern,impregnate
aushilfe,temporary worker
guerrero,Guerrero
irma,Irma
hiess,was called
kapitol,Capitol
ärschen,asses
rührei,scrambled eggs
kiosk,kiosk
zivilen,civilian
dot,dot
sozialversicherungsnummer,social security number
improvisiert,improvised
anspannung,tension
einzuziehen,to move in
motte,moth
burma,Burma
lodge,lodge
schufte,toil
titte,tit
berufliche,professional
propeller,propeller
grober,coarse
vorgeführt,demonstrated
hungrigen,hungry
wissenschaftlern,scientists
konstantinopel,Constantinople
durchschnittliche,average
provokation,provocation
ausreißen,tear out
übermütig,exuberant
unterbrich,interrupt
frites,fries
kannste,can
ausgehend,starting
morgige,tomorrow
farik,farik
dabeihaben,have with you
glatte,smoothness
glühen,glow
weihnachtsfeier,Christmas party
entkamen,escaped
darius,Darius
runtergeholt,brought down
zuwenden,turn
tusk,tusk
gerüche,smells
dokumentiert,documented
fußballspiel,football match
roxanne,Roxanne
feiertagen,holidays
säuberung,cleaning
undicht,leaking
verbundenen,associated
klaps,pat
racker,racker
politikern,politicians
zitronen,lemons
waterloo,Waterloo
flüssigkeiten,liquids
anspricht,addresses
aoki,aoki
bauteil,component
radioaktivität,radioactivity
mckenzie,McKenzie
niederlagen,defeats
gewählte,selected
röntgenbilder,x-rays
noblen,noble
bilanz,balance sheet
hausfrauen,housewives
lieferant,supplier
laus,louse
dickinson,Dickinson
sozialhilfe,social assistance
heimbringen,bring home
unartig,naughty
energien,energies
gorman,gorman
fasten,fast
verweht,blown away
rastet,rests
tube,tube
fussball,football
meteoriten,meteorites
ausgangspunkt,starting point
genen,genes
vergnügungspark,amusement park
entziffern,decipher
abräumen,clear up
wiedervereinigung,reunion
reibt,rubs
frederic,Frederic
rasenmäher,mowing machine
kommunistische,communist
vertuschung,cover-up
idiotische,idiotic
popo,buttocks
snob,snob
kolben,pistons
erforschung,exploration
mitbringt,brings
flipp,flipp
cannes,Cannes
einsen,ones
freizeichen,dial tone
heizen,heat
betreuen,look after
maid,maid
filmst,film
behauptungen,claims
quo,quo
bagel,bagel
nutzlose,useless
rausgerutscht,slipped out
dodgers,Dodgers
organismen,organisms
vorübergehende,temporary
allererste,very first
cove,cove
mcclane,McClane
puck,puck
ergib,yield
symbolisiert,symbolizes
aktionäre,shareholders
disqualifiziert,disqualified
ls,ls
believe,believe
kommune,commune
versüßt,sweetened
honolulu,Honolulu
mutterschiff,mothership
tumult,tumult
klau,steal
ponys,ponies
hamid,hamid
angels,angels
hochbeamen,teleport
wiederholte,repeated
staatsanwalts,prosecutor
raunen,whisper
einzugreifen,to intervene
hineinziehen,pull in
pfosten,post
cheetah,cheetah
ortega,ortega
verhörraum,interrogation room
gegenseitigkeit,reciprocity
gratuliert,congratulations
purple,purple
statistisch,statistical
infiltriert,infiltrated
inventur,inventory
bräuche,needs
überzahl,majority
militärischer,military
andersherum,the other way around
spongebob,spongebob
transferieren,transfer
abnimmt,decreases
heiligtum,sanctuary
varg,varg
bahre,stretcher
leoparden,leopards
ausübung,exercise
malin,malin
gudrun,Gudrun
rentier,reindeer
fürsorglich,caring
holde,lovely
anni,anni
stoppte,stopped
verdienste,merits
adriana,Adriana
gerichtsdiener,court officer
sprengung,blasting
windelweich,diaper-soft
zweige,branches
frauenheld,womanizer
salvador,Salvador
prominente,prominent
maxim,maxim
betrügerin,fraudster
beliebteste,most popular
okinawa,Okinawa
schlingel,rascal
bösartige,malignant
keane,keane
maskierte,masked
rudert,rows
tätowieren,tattoo
schakal,jackal
amir,Amir
schlappschwänze,limp dicks
verborgene,hidden
rumfahren,driving around
geistlichen,clergy
festhält,holds
einkauf,shopping
köln,Cologne
karel,Karel
weiterlaufen,continue
berechtigte,justified
ennis,ennis
ruiz,ruiz
alcatraz,Alcatraz
toulouse,Toulouse
zusammensein,be together
genützt,used
crockett,crockett
mccann,McCann
unbewusst,unconsciously
blutspuren,Bloodstains
zahlreichen,numerous
übrige,rest
entsprechende,corresponding
sook,sook
konkretes,specific
überrannt,overrun
marple,Marple
holder,holder
gertrude,Gertrude
schnitzel,schnitzel
flagg,flagg
eulen,owls
assistenzärzte,resident physicians
doktortitel,doctoral title
kandidatur,candidacy
terrorisiert,terrorized
ausbreitet,spreads
ausfahren,exit
pontus,pontus
bescheuerter,stupid
streitmacht,armed forces
eko,eko
hochgenommen,picked up
wahnsinns,insane
another,another
verstummen,fall silent
carlson,Carlson
feierliche,festive
marin,marine
tigh,tight
zuges,train
henne,hen
tijuana,Tijuana
rausgebracht,released
brautjungfern,bridesmaids
northern,northern
windig,windy
mähen,mowing
auszutauschen,exchange
schema,scheme
aristoteles,Aristotle
komplizin,accomplice
alleingang,solo
klatscht,claps
leningrad,Leningrad
zimperlich,squeamish
lichtern,lights
serviere,serve
gerutscht,slipped
todesopfer,fatalities
pfiffe,whistles
richtest,correct
society,society
spezieller,special
entern,board
smalltalk,small talk
karsten,Karsten
filmstars,film stars
zusatz,additional
micha,Micha
straftäter,offender
abzuschneiden,to cut
matteo,matteo
hochgeladen,uploaded
auszureden,to excuse
privatbesitz,private property
katy,Katy
beschmutzen,soil
achtern,aft
frecher,cheeky
landeplatz,landing site
unterhält,maintains
nächtlichen,nighttime
verloben,get engaged
qi,qi
trauzeugin,maid of honor
bestrafe,punish
governor,governor
durchfallen,fail
rhode,rhode
inkompetenz,incompetence
frohen,happy
yoshida,yoshida
mumbai,Mumbai
selbstwertgefühl,self-esteem
supermans,Superman
arbeiterklasse,working class
psychose,psychosis
bezirksstaatsanwalt,district attorney
lebensretter,lifesaver
schüttet,pours
chefingenieur,chief engineer
casinos,casinos
ablehnt,rejects
zoidberg,zoidberg
unterbinden,prevent
yolanda,yolanda
ißt,eats
verfüge,have
barlow,barlow
wachhund,guard dog
andersson,andersson
rüben,turnips
fog,fog
kotz,vomit
wegräumen,remove
petze,sneak
stehend,standing
crème,cream
digitalen,digital
superintendent,superintendent
unterliegt,is subject
englisches,English
gehindert,hindered
triebe,shoots
mouth,mouth
überschwemmt,flooded
landing,landing
witzfigur,comic figure
läufts,is running
groves,groves
atome,atoms
door,door
arbeitslose,unemployed
vortex,vortex
raster,grid
verspeisen,eat
auferlegt,imposed
schmeichelt,flatters
brenn,burn
möglichstes,possible
äste,branches
gründung,foundation
portionen,portions
fliehe,flee
hindi,Hindi
zurückgelegt,covered
rütteln,shake
sweets,sweets
blitzen,flash
stromschlag,electric shock
gedärme,intestines
ausgehst,you go out
treibende,driving
bemerke,note
erotische,erotic
opferte,sacrificed
bronze,bronze
garroway,Garroway
geschwänzt,skipped
kobol,kobol
dyson,Dyson
chiefs,chiefs
obduktion,autopsy
mets,mets
skol,skol
unabhängigen,independent
gestaltwandler,shapeshifter
vandalismus,vandalism
aga,aga
beabsichtigen,intend
unterzeichne,sign
patent,patent
vergiftung,poisoning
broyles,broyles
konsequenz,consequence
johansson,Johansson
reingetan,put in
benötigte,required
car,car
kompetent,competent
zehntel,tenth
race,race
stripperinnen,strippers
brandstifter,arsonist
sandalen,sandals
gestreift,striped
begründet,justified
erklingen,sound
rizzo,rizzo
voreiligen,premature
guthrie,Guthrie
nabelschnur,umbilical cord
oil,oil
banal,banal
piazza,piazza
fertigen,manufacture
breiter,wider
schwertern,swords
kreativen,creative
samariter,Samaritan
beauftragte,commissioned
verwandelst,transform
unterstehen,are subject
frischling,newcomer
uah,Ugh
stones,stones
damaskus,Damascus
verbrennst,burn
religiöser,religious
woandershin,elsewhere
eddies,Eddie's
leary,Leary
gestillt,breastfed
strikte,strict
räche,revenge
forum,forum
bedürfnissen,needs
entflohen,escaped
strömt,flows
tierchen,little creatures
armbrust,crossbow
zeiger,pointer
pizzeria,pizzeria
delirium,delirium
schraubenschlüssel,wrench
sudan,Sudan
druiden,druids
gesichts,facial
zugute,benefit
durchbohrt,pierced
mordopfer,murder victims
hawking,hawking
energisch,energetic
ruhst,rest
weinkeller,wine cellar
technisches,technical
inbegriffen,included
calhoun,calhoun
heimatwelt,home world
koje,bunk
weihwasser,holy water
dupree,dupree
aufgeschnappt,overheard
anbeißen,bite
gewürze,spices
olé,olé
eignen,suitable
erdbeere,strawberry
erstaunlichen,amazing
waschraum,washroom
visite,visit
schillinger,Schillinger
kinderleicht,child's play
beantwortest,answer
direktive,directive
innereien,offal
wartend,waiting
unheimliches,eerie
rissen,tore
cincinnati,Cincinnati
passagierliste,passenger list
schimanski,Schimanski
füllung,filling
ausgewichen,avoided
brannten,burned
busbahnhof,bus station
aushält,withstands
foyer,foyer
verkackt,screwed up
durchwühlt,ransacked
march,March
elendes,miserable
jährlichen,annual
guys,guys
beuge,bend
untertreibung,understatement
agenda,agenda
hitman,hitman
angelassen,left on
ableben,die
einwand,objection
schneemann,snowman
doktorarbeit,doctoral thesis
hawks,hawks
chai,chai
gareth,gareth
überresten,remains
dramatischen,dramatic
mcnamara,mcnamara
übermäßig,excessive
dmitri,Dmitri
wahrsagerin,fortune teller
zuverlässige,reliable
crawley,crawley
roslin,Roslin
jp,jp
wehrmacht,Wehrmacht
kz,concentration camp
zusammengesetzt,composed
mehmet,Mehmet
gelangte,reached
eidechse,lizard
vermögens,assets
willenskraft,willpower
verläßt,leaves
ninjas,ninjas
britannien,Britain
karat,carat
herausstellen,highlight
indy,indy
irwin,Irwin
talentierte,talented
geisha,geisha
hereingekommen,come in
geplagt,plagued
beliebter,popular
lieferst,deliver
nola,nola
datenbanken,databases
unzerstörbar,indestructible
klingelton,ringtone
zurückzugewinnen,to recover
schwebte,hovered
gezeiten,tide
schockieren,shock
zeigefinger,index finger
auswirken,impact
beef,beef
kaspar,Kaspar
schrumpfen,shrink
notlage,emergency
orchestermusik,orchestral music
regis,regis
gletscher,glacier
fitch,fitch
dougie,Dougie
bestimmst,you decide
hochklettern,climb up
bewerbungsgespräch,job interview
gesellschaften,societies
circle,circle
kerngesund,perfectly healthy
enthüllung,revelation
wiedergutzumachen,to make amends
sicherheits,security
sister,sister
tobin,tobin
passender,suitable
grabt,digs
ozeane,oceans
sera,sera
bedeutenden,significant
bewegend,moving
yuji,yuji
zusammenbricht,collapses
mille,mille
berechnung,calculation
übersteht,survives
hintergedanken,ulterior motives
tschitti,Chitty
strafverfolgung,prosecution
auszieht,moves out
chemotherapie,chemotherapy
schuhgröße,shoe size
geschehnisse,events
helsing,Helsing
pit,pit
dableiben,stay
anbeten,worship
gue,gue
artagnan,Artagnan
vieleicht,maybe
jägerin,huntress
hergefahren,drove here
tribüne,grandstand
effektiver,effective
irrational,irrational
mme,mme
bedrückende,oppressive
cybermen,cybermen
herumführen,guide around
besänftigen,appease
schlafsaal,dormitory
beschuldigst,accuses
einzurichten,to set up
kombinieren,combine
alibis,alibi
neigungen,inclinations
professors,professors
kammern,chambers
antonia,Antonia
montagmorgen,Monday morning
bediensteten,servants
kapazität,capacity
sieges,victory
leugnet,denies
auszuweichen,to avoid
ergaben,resulted
teen,teen
insulin,insulin
figaro,Figaro
inc,Inc
puzzles,puzzles
ängstigen,frighten
rätselhaft,enigmatic
grizzly,grizzly
reichs,Reich
charmanten,charming
lew,lew
gewaltiges,enormous
atom,atom
beruhigung,calming
selbstmörder,suicide
wörtern,words
their,their
wiederzufinden,to find again
ballerina,ballerina
buchhandlung,bookstore
swat,swat
glühwürmchen,fireflies
schädlich,harmful
karpfen,carp
apartments,apartments
enid,enid
füller,filler
suzuki,Suzuki
töchterchen,little daughter
genossin,comrade
menschenseele,human soul
shining,shining
fleisches,meat
italienischer,Italian
cruchot,cruchot
freimachen,free
endgültigen,final
tts,tts
korsett,corset
intelligentes,intelligent
lieblingslied,favorite song
skizzen,sketches
nichtraucher,non-smoker
rohe,raw
geschüttet,poured
weggegeben,given away
schmeling,Schmeling
chestnut,chestnut
breaking,breaking
abs,abs
generaldirektor,director general
tig,tig
kerry,Kerry
vielfalt,diversity
travers,traverse
hingesetzt,sat down
misses,misses
durchzusetzen,to enforce
exotisch,exotic
nummernschilder,license plates
surfer,surfer
trenne,separate
bloßgestellt,exposed
blutverlust,blood loss
kinderheim,orphanage
ehrenvoll,honorable
postfach,mailbox
verkünde,announce
frisbee,frisbee
pickup,pick up
berman,Berman
samcro,samcro
strudel,swirl
harrys,Harry's
sogleich,immediately
namensschild,name tag
infizierte,infected
fortpflanzung,reproduction
wegsperren,lock them away
olli,Olli
schusswechsel,exchange of gunfire
überdrüssig,tired
crowder,crowd
predigten,preached
trennte,separated
versinkt,sinks
ev,ev
hua,hua
streitereien,arguments
ermessen,discretion
schwarzem,black
unfruchtbar,barren
aal,eel
reily,reily
replikatoren,replicators
männliches,male
clementine,clementine
gesellschaftliche,social
ausspielen,play
silvio,Silvio
ruine,ruin
unternimm,undertake
großzügiger,generous
siu,siu
vorfinden,find
provinzen,provinces
häppchen,appetizers
durchgehalten,persevered
gestaltet,designed
schneien,snow
hering,herring
telefonanruf,phone call
spritzer,splash
steg,web
festgebunden,tied up
mesa,mesa
suu,suu
ausbringen,apply
shore,shore
schwungvolle,dynamic
maría,Maria
wegzuwerfen,to throw away
geritzt,scratched
thermometer,thermometer
königen,queens
hendrix,Hendrix
matsch,mud
gewässern,waters
begreif,understand
potenzielle,potential
weltweiten,worldwide
ausbeutung,exploitation
säugling,infant
ramos,ramos
caruso,Caruso
palermo,Palermo
sanderson,Sanderson
beständig,resistant
seher,seer
europe,Europe
cosima,Cosima
dornen,thorns
übern,about
softitler,softitler
monatlich,monthly
bewunderte,admired
kruste,crust
twain,Twain
infiltrieren,infiltrate
zügig,quickly
arthritis,arthritis
wash,wash
verfällt,expires
verlernt,forgotten
schulhof,schoolyard
vornehme,distinguished
systematisch,systematic
kokon,cocoon
eingeht,enters
halsschlagader,carotid artery
mascha,Mascha
wog,weighed
rollins,rollins
gerichtsverfahren,court proceedings
maren,maren
unscharf,blurry
morty,Morty
schwesterherz,sister
wladimir,Vladimir
altman,altman
furzt,farts
hands,hands
reibungslos,Smoothly
schlagsahne,whipped cream
schrien,screamed
auskennen,know
schlümpfe,Smurfs
flipper,pinball
arrangiere,arrange
ungewissheit,uncertainty
jährliche,annual
blutkörperchen,blood cells
wick,wick
genji,genji
zimmernummer,room number
pfote,paw
telefongesellschaft,telephone company
tarnvorrichtung,camouflage device
mayfield,Mayfield
verweisen,refer
joanie,Joanie
anzuklagen,to accuse
bankiers,bankers
giuseppe,Giuseppe
syndrom,syndrome
brilliant,brilliant
kriegten,got
vorliegt,is
abzüge,deductions
verhängnis,disaster
bücken,bend over
yourself,yourself
kabul,Kabul
berüchtigte,notorious
inszenieren,stage
pflaume,plum
ausziehe,move out
juarez,juarez
sansa,sansa
blaze,blaze
revolte,revolt
lights,lights
lähmung,paralysis
hierauf,here
eingewilligt,agreed
gottlosen,godless
familientreffen,family reunion
wäschst,washes
spears,spears
speedy,speedy
oren,oren
christentum,Christianity
historischer,historical
meldeten,reported
wiederkommst,come back
gewischt,wiped
idaho,Idaho
justus,justus
gesichtserkennung,facial recognition
reiss,tear
marschmusik,march music
stehn,stand
gardinen,curtains
waffel,waffle
besuchszeit,Visiting hours
trixie,Trixie
tenoch,tenoch
demonstriert,demonstrated
empfehlungsschreiben,letter of recommendation
mundharmonika,harmonica
cummings,cummings
marnie,Marnie
nasir,nasir
auszuüben,to exercise
ägyptische,Egyptian
nationaler,national
japsen,gasp
colbert,Colbert
aron,aron
warnungen,warnings
kennenlernt,get to know each other
gifte,poisons
billionen,billions
übernachte,overnight
umkleide,changing room
emmy,Emmy
cornwall,Cornwall
unsterbliche,immortal
wimper,eyelash
knochenmark,bone marrow
flowers,flowers
subs,subs
bewertung,evaluation
abscheu,disgust
kriegsheld,war hero
wings,wings
korrigiere,correct
egoist,egoist
warpkern,warp core
staatspolizei,state police
verwechselst,confuses
spießig,stuffy
verwaltet,managed
langweiliges,boring
zusammengekommen,came together
armleuchter,chandelier
vertrauter,familiar
bajoranische,Bajoran
mahone,Mahone
rationen,rations
festessen,celebratory meal
markenzeichen,trademark
hilde,Hilde
kommunion,communion
crosby,crosby
erkaufen,buy
gebannt,banned
unrechtes,unjust
ablösung,replacement
gefischt,fished
mitnehme,I'll take with me
chinesin,Chinese woman
brokkoli,broccoli
empfangsdame,receptionist
kompliziertes,complicated
gesuchte,sought
erstklassiger,first-class
rausgeschnitten,cut out
einzuschlafen,to fall asleep
betrachtete,considered
übernehmt,take over
kidnapping,kidnapping
hort,hos
shack,shack
dampfen,vaping
instinkten,instincts
manner,men
geldwäsche,money laundering
sadist,sadist
drastisch,drastic
schlauen,clever
unvergesslich,unforgettable
reuben,Reuben
athleten,athletes
erwähnung,mention
wettet,bet
überrumpelt,caught off guard
nachkomme,descendant
chantal,Chantal
andres,andres
zurückbringt,returns
kulisse,backdrop
umsteigen,transfer
seelenverwandte,soulmates
prügelt,beats
corinne,Corinne
gem,according
bewache,guard
dingsbums,thingamajig
marcellus,Marcellus
lia,lia
princess,princess
nordosten,northeast
abspielt,plays
verbundenheit,connectedness
quartiere,quarters
blindheit,blindness
verlogene,deceitful
pandora,Pandora
flugzeugs,aircraft
pianist,pianist
pflegerin,nurse
elektrisch,electric
runternehmen,down
kontaktmann,contact person
nebenzimmer,adjoining room
beschädigte,damaged
meinungsverschiedenheit,disagreement
bestseller,bestseller
maximilian,Maximilian
hussein,Hussein
kratz,scratch
phänomenal,phenomenal
analysen,analyses
hochhaus,skyscraper
hyperraum,hyperspace
sicherungen,fuses
strände,beaches
ködern,bait
tracey,tracey
iwanowitsch,Ivanovich
durchgeknallte,crazy
erhaben,sublime
eidesstattliche,affidavit
liesel,Liesel
schiefgegangen,went wrong
hankmed,hankmed
vermessen,measure
bescheidener,modest
lockvogel,decoy
inga,Inga
geflüstert,whispered
erschwert,more difficult
kimber,Kimber
lian,lian
zivilisierte,civilized
kleidet,clothes
verändere,change
geschlechts,gender
lenin,Lenin
gorillas,gorillas
unschön,ugly
hingetan,done
verführung,seduction
röchelt,wheezes
unerwünscht,undesirable
gebohrt,drilled
joaquin,joaquin
entlasse,dismiss
undankbarer,ungrateful
kriech,crawl
bewaffnen,arm
erleidet,suffers
erschüttern,shake
schleppe,train
trinkspruch,drinking toast
blendet,dazzling
wirkten,had an effect
paten,godparents
spielern,players
umzukehren,to reverse
nieten,rivets
würdiger,worthy
ramona,Ramona
kronleuchter,chandelier
mannomann,oh man
sommerhaus,summer house
erwin,Erwin
gesandten,envoy
spray,spray
gollum,Gollum
offizielles,official
doppelmord,double murder
ayla,ayla
mata,mata
expandieren,expand
mckenna,McKenna
folgender,the following
weiterkommen,to continue
faraday,Faraday
krippe,crib
ahmet,ahmet
aschenputtel,Cinderella
einsatzkommando,task force
hampshire,Hampshire
beliebige,any
autopsiebericht,autopsy report
trolle,trolls
herausfindest,find out
schlüsselbein,collarbone
gewandert,hiked
aperitif,aperitif
antarktis,Antarctic
rohan,rohan
ferienhaus,holiday home
gestrickt,knitted
kandidatin,candidate
mycroft,mycroft
cinnamon,cinnamon
eingesehen,viewed
bekämpfe,fight
kanadische,Canadian
renner,runner
gebeichtet,confessed
narcisse,narcissus
camden,Camden
bypass,bypass
lilien,lilies
gestürmt,stormed
zurueck,back
kriegsschiffe,warships
kessler,kessler
qin,qin
enttäuschst,disappointed
mitschüler,classmate
plattenspieler,record player
chaney,chaney
selina,Selina
anbeginn,beginning
stereoanlage,stereo system
potentiellen,potential
konzentrierst,concentrate
senil,senile
heavy,heavy
drummer,drummer
klassisches,classic
gebeugt,bent
cao,cao
unauffindbar,untraceable
kreist,circles
künftige,future
bootshaus,boathouse
reinzugehen,to go in
tyrell,tyrell
lees,le
trust,trust
patch,patch
rülpst,burps
blümchen,little flowers
kämpferin,fighter
symbolisch,symbolic
nordamerika,North America
benehme,behave
verliebst,in love
dev,dev
klapse,psychiatric ward
berichterstattung,reporting
frühestens,at earliest
promenadendeck,promenade deck
polizeiwagen,police car
monaco,Monaco
geräten,devices
abgesandte,envoy
geschoss,shot
projektor,projector
profite,profits
einzelzimmer,single room
südwesten,southwest
boutique,boutique
befriedigend,satisfactory
chat,chat
übeltäter,perpetrators
vorgefunden,found
andocken,docking
bethlehem,Bethlehem
impotent,impotent
geheimagent,secret agent
effizienter,more efficient
würdige,worthy
nervosität,nervousness
jarle,jarle
sprechanlage,intercom
leistest,do
grundsätze,principles
rechtmäßige,lawful
justice,justice
sinneswandel,change of mind
nasser,wet
rausgeben,release
kontonummer,account number
scanne,scan
eingeschleust,infiltrated
umgegangen,dealt with
geringen,low
kidnappen,kidnap
totenwache,wake
kol,kol
varus,Varus
oftmals,often
patenonkel,godfather
account,account
ausrutscher,slip-up
hunnen,Huns
ertönen,sound
prominenten,prominent
hohn,mockery
mossad,Mossad
torwart,goalkeeper
pünktlichkeit,punctuality
umzusetzen,to implement
kollision,collision
tragischer,tragic
ferngesehen,watched TV
versuchter,attempted
abscheulichen,abhorrent
rhodes,Rhodes
gangstern,gangsters
gaeta,Gaeta
sendungen,broadcasts
district,district
bane,bane
poeten,poets
degradiert,demoted
erstbesten,first one
erstreckt,extends
meisterschaften,championships
bash,bash
duran,duran
aufschlussreich,insightful
schießereien,shootings
holosuite,holosuite
einchecken,check in
untergeschoss,basement
sentimentale,sentimental
abgeschafft,abolished
themse,thems
theodor,theodor
absaugen,suction
marley,Marley
epoche,epoch
fatal,fatal
drecksäcke,scumbags
biologischer,biological
überlistet,outsmarted
ehemals,formerly
durchquert,traversed
fleischbällchen,meatballs
barber,barber
sonnig,sunny
cougar,cougar
herauszukommen,to get out
peel,peel
nachteile,disadvantages
kubanische,Cuban
gekürzt,shortened
abwechselnd,alternately
woah,whoa
gruben,pits
parke,park
beulen,dents
doppel,double
übergelaufen,defected
tori,tori
belege,evidence
gedämpfte,subdued
geimpft,vaccinated
mittagszeit,midday
cromwell,Cromwell
überschreitet,exceeds
impulsantrieb,impulse drive
fairness,fairness
ogden,ogden
moiiari,moiiari
naher,closer
desert,desert
ignacio,Ignacio
hubots,hubots
raupe,caterpillar
rosenberg,Rosenberg
anhaltspunkte,clues
lack,paint
ergebnissen,results
holla,holla
anlocken,attract
entrissen,torn away
täters,perpetrators
legendär,legendary
hergeführt,led
spieluhr,music box
schleich,sneak
allez,allez
waggons,wagons
brite,brite
giftigen,toxic
arrangierte,arranged
frischfleisch,fresh meat
begegne,encounter
initiieren,initiate
adèle,adèle
radioaktive,radioactive
erzählerin,narrator
sports,sports
traurigerweise,sadly
jemen,Yemen
colors,Colors
sen,sen
zellenblock,cell block
sensibler,sensitive
betätigen,activate
lacrosse,lacrosse
handgelenke,wrists
lieblings,favorite
weggeschmissen,thrown away
verfault,rotten
network,network
weltfrieden,world peace
anschalten,turn on
takashi,takashi
realisierte,realized
veränderten,changed
österreicher,Austrian
hierzubleiben,stay here
rätseln,puzzle
ausrufen,exclaim
wilkes,wilkes
libanon,Lebanon
damian,Damian
iceman,iceman
nachhinein,in retrospect
leibliche,physical
ausgezeichneten,excellent
verbannung,exile
pinky,pinky
schmeckte,tasted
vip,VIP
angemessenen,appropriate
pieps,beep
grundregeln,basic rules
importiert,imported
trainierte,trained
sturer,stubborn
saftig,juicy
bestreitet,denies
amelie,Amelie
zwinkern,wink
blutproben,blood samples
saito,Saito
sozialamt,social welfare office
kapituliert,surrendered
urwald,jungle
belagert,besieged
radon,radon
zugeschaut,watched
voraussagen,predict
zugibt,admits
wiederbelebung,resuscitation
gestohlenes,stolen
leena,leena
musikalisch,musical
reflex,reflex
nachzuholen,to catch up
renate,renate
eintrittskarte,admission ticket
vie,vie
bundespolizei,federal police
schlafende,sleeping
ill,ill
flachen,flat
avi,avi
ausgetrunken,drunk up
valeria,Valeria
schar,char
überbrücken,bridge
flugsteig,concourse
gerollt,rolled
korrespondenz,correspondence
vicomedia,vicomedia
bewahrte,preserved
mar,mar
autofahrer,driver
zeitreise,time travel
reaper,Reaper
gewölbe,vault
dane,Dane
task,task
betraf,concerned
leichenwagen,hearse
abaddon,abaddon
schubst,pushes
ness,ness
vermacht,bequeathed
coney,coney
klan,clan
hingekommen,arrived
quest,quest
judge,judge
guillermo,Guillermo
bekleidet,clothed
ägyptischen,Egyptian
sold,sold
umzingeln,surround
oberstleutnant,lieutenant colonel
anschließt,connects
cartoons,cartoons
feger,sweeper
gekennzeichnet,marked
dona,dona
assimiliert,assimilated
essenszeit,mealtime
gesuch,request
fitness,fitness
klebrig,sticky
kinderstimmen,children's voices
vorhersehen,foresee
gutaussehender,handsome
niederknien,kneel down
nilsson,nilsson
demokratische,democratic
vorzugehen,to proceed
tags,tags
ems,EMS
liebesbrief,love letter
bescherung,gift-giving
dandy,dandy
abschiedskuss,farewell kiss
corleone,Corleone
rumläuft,walking around
magister,master's degree
charmeur,charmer
geeigneten,suitable
wischt,wipes
baird,Baird
baldwin,baldwin
milchstraße,Milky Way
anbelangt,as regards
gebrandmarkt,branded
megumi,Megumi
prado,Prado
angepiepst,beeped
ina,ina
dustin,dustin
amtszeit,term of office
entfalten,unfold
reifer,mature
damaja,damaja
sternzeichen,zodiac sign
nachgefragt,inquired
camping,camping
toussaint,toussaint
gealtert,aged
harem,harem
reinhauen,Go for it!
melonen,melons
vene,vein
geldstrafe,fine
interface,interface
arthurs,Arthur
annimmst,accept
abrupt,abrupt
herholen,get
gemieden,avoided
codename,codename
wertvollste,most valuable
houdini,Houdini
plünderer,marauder
vorgemacht,demonstrated
beliebte,popular
reifenspuren,tire tracks
weltweite,worldwide
adebisi,adebisi
baracken,barracks
verdauung,digestion
ärmsten,poorest
shep,shep
flöten,flutes
strahlende,radiant
unheimlichen,eerie
wertsachen,valuables
kot,dung
weltuntergang,apocalypse
gleisen,tracks
marthe,marthe
pssst,shhh
muhen,low
heide,pagan
deadline,deadline
robe,robe
greenwich,Greenwich
bindungen,bonds
maßstab,scale
lao,Lao
vorige,previous
soziopath,sociopath
gerber,tanner
magenschmerzen,stomach pain
soziales,social
mean,mean
tonys,Tony's
obszön,obscene
barneys,Barney's
laub,leaves
running,running
anrichtet,prepares
spiegelt,reflects
raubtiere,predators
verschon,spare
schwillt,swells
unerlaubt,unauthorized
mögest,may
leibes,body
durchsuchungsbeschluss,search warrant
lam,lam
übersät,littered
sonderangebot,special offer
definiere,define
brownie,brownie
äther,ether
infarkt,heart attack
handschlag,handshake
versteigert,auctioned
anschaust,look
zuordnen,assign
lauer,lurker
engländern,English
schulzeit,school days
bojack,bojack
townsend,townsend
ruinierte,ruined
lima,lima
view,view
hellseherin,clairvoyant
jussi,jussi
ankunftszeit,arrival time
croissants,croissants
without,without
conan,Conan
tappen,tap
aufgeschmissen,screwed
plausibel,plausible
susanna,Susanna
vorkommnisse,incidents
absurde,absurd
living,living
hilda,Hilda
horoskop,horoscope
zelda,Zelda
befleckt,stained
drehbücher,screenplays
überraschungsparty,surprise party
vorstrafenregister,criminal record
wiederaufbau,reconstruction
schläfchen,nap
muh,moo
prärie,prairie
lautstärke,volume
stichwunden,stab wounds
verkürzen,shorten
kosmischen,cosmic
schleuse,sluice
flight,flight
peinlichen,embarrassing
auszugleichen,to compensate
newport,newport
flüchtiger,fugitive
prior,prior
pen,pen
boots,boots
angehören,belong
gerichtsvollzieher,bailiff
duval,duval
leckerbissen,delicacy
lowry,lowry
kriegers,warriors
claudius,Claudius
waffenkammer,armory
blutiger,bloody
southern,southern
fügte,added
dachs,badger
maroni,chestnuts
capri,capri
bäuerin,farmer's wife
hatschi,achoo!
drogentest,drug test
liebtest,loved
laternen,lanterns
bah,bah
erstickte,suffocated
schnallt,buckles
sin,sin
zivil,civil
zäune,fences
brillen,glasses
marlon,Marlon
körperteil,body part
menschenfleisch,human flesh
jeweiligen,each
sorglos,carefree
gebrochenem,broken
briefing,briefing
zaster,cash
wartezeit,waiting time
mobil,mobile
christmas,Christmas
wirtschaftliche,economic
kathi,Kathi
beschreibe,describe
speisekammer,pantry
applaudiert,applause
bestrahlung,radiation
feuerwehrmänner,firefighters
äußeres,external
anzuschreien,to shout
tät,act
alexei,Alexei
sprengkopf,warhead
elektronisches,electronic
equipment,equipment
ultra,ultra
konzentrierte,concentrated
deutliche,clear
nutzlosen,useless
regenerieren,regenerate
beiträge,contributions
übst,practice
annalise,annalise
verunglückt,accident
weißem,white
milly,milly
schmuggel,smuggling
bobbys,Bobby's
regenten,rulers
eingänge,entrances
esposito,esposito
lebensraum,habitat
regionen,regions
hochverrats,high treason
sinnvolles,meaningful
noriko,noriko
rausgeht,goes out
ulrik,Ulrik
pawel,pawel
vollgestopft,crammed full
vergaser,carburetor
stripper,stripper
hirngespinst,figment of the imagination
vorabend,eve
stinke,stinks
gefängnissen,prisons
insasse,inmate
zafer,zafer
hinrichtungen,executions
orchidee,orchid
domina,domina
runterziehen,pull down
tätowierungen,tattoos
geschmeidig,supple
soso,so so
weeds,weeds
gegenangriff,counterattack
knirschen,crunch
verlegung,laying
nachgegangen,investigated
schlafengehen,going to sleep
mätresse,mistress
armseliger,pathetic
sibley,sibley
fink,finch
archäologen,archaeologists
strumpfhose,tights
verhafteten,arrested
replikator,replicator
probierst,try
wait,wait
kompatibel,compatible
fleiß,diligence
schmalen,narrow
puma,puma
gelenkt,guided
christoph,Christoph
lungenkrebs,lung cancer
modernes,modern
petition,petition
wissenschaftlicher,scientific
octavia,Octavia
unbeliebt,unpopular
reportern,reporters
fäusten,fists
liberalen,liberal
großzügiges,generous
abgehakt,checked off the list
harmloser,harmless
vergöttert,idolized
erhabene,sublime
cher,dear
fûr,for
sensenmann,Grim Reaper
durchsuch,search
nutzung,use
entstehung,origin
krempel,junk
geheißen,called
schaltete,switched
kobra,cobra
trostlos,bleak
körbe,baskets
madchen,girl
boxt,boxing
bildete,formed
watch,watch
nazareth,Nazareth
geduldet,tolerated
dia,slide
lesung,reading
entzündung,inflammation
dämmert,dawns
stillgelegt,decommissioned
abgefuckt,fucked up
lawton,Lawton
injizieren,inject
schimpansen,chimpanzees
blutbild,blood test
nichtig,void
argh,argh
zurücklehnen,lean back
begegnungen,encounters
unterstützte,supported
extrablatt,extra edition
exzellenter,excellent
salomon,Solomon
sensei,sensei
igel,hedgehog
gilda,Gilda
richters,Richter's
dekoriert,decorated
endeffekt,end result
ewald,Ewald
gellar,gellar
candice,Candice
krankenakte,medical record
ou,ou
geschätzten,estimated
gräben,dig
klugheit,wisdom
naina,naina
drohten,threatened
lahmen,paralyze
burbank,Burbank
holm,holm
tieres,animals
autogramme,autographs
erbt,inherits
verspüre,feel
kürzester,shortest
sutter,sutter
trödeln,dawdle
freispruch,acquittal
gottverdammtes,goddamn
industrielle,industrial
nietzsche,Nietzsche
reingeraten,got caught up in it
rasierklinge,razor blade
matratzen,mattresses
swing,swing
vorhut,vanguard
trockenes,dry
silent,silent
minenfeld,minefield
flores,flowers
schusswunden,gunshot wounds
wichtigtuer,self-important
rechtfertigung,justification
swift,swift
küsten,coastal
proteste,protests
fehlgeschlagen,failed
gagarin,Gagarin
getränkt,soaked
lucinda,Lucinda
unfallort,accident scene
pos,positive
riskierte,risked
schlüsseln,keys
regisseure,directors
dealt,dealt
berauscht,intoxicated
beschäftigte,employed
jazzmusik,jazz music
albin,albin
verduften,evaporate
zahnschmerzen,toothache
santo,Santo
vernaschen,nibble
hervorragenden,excellent
kimmy,Kimmy
wunderst,wonder
kjell,kjell
kaori,kaori
blu,blue
vorstellst,imagine
ruiniere,ruin
gebar,gave birth
lämmer,lambs
schiess,shoot
hatt,had
thx,Thanks
prachtstück,magnificent piece
gebrochener,broken
inflation,inflation
klopfst,knock
does,does
eduard,Edward
ghul,ghoul
kosmische,cosmic
human,human
chas,chas
absicherung,security
wöchentlich,weekly
sterblicher,mortal
imam,imam
keats,keats
mikroskop,microscope
garnelen,prawns
albanien,Albania
teint,complexion
hobbes,hobbes
sensor,sensor
begibt,goes
gegenüberstehen,face each other
shell,shell
zurücklegen,put back
samba,samba
hingewiesen,pointed out
states,states
schwergewicht,heavyweight
staatssekretär,state secretary
thronfolger,heir to the throne
romans,novels
kriminelles,criminal
poole,poole
monarchie,monarchy
everything,everything
hungersnot,famine
brenzlig,precarious
ausgebildete,trained
witzen,jokes
sketch,sketch
besagten,said
personenschutz,personal protection
hocherfreut,delighted
kriterien,criteria
unzähligen,countless
weinberg,vineyard
christin,Christine
spielhalle,arcade
quieken,squeaking
telefonierte,phoned
gluck,happiness
bestückt,equipped
sonnencreme,sunscreen
claudio,Claudio
unantastbar,inviolable
engels,Engels
eisenhower,Eisenhower
geschwafel,rambling
sozialarbeiter,social worker
gefährte,fellow
rays,rays
blitzschnell,lightning fast
postkutsche,stagecoach
arcadia,arcadia
rafa,Rafa
goldes,gold
kletter,climb
verkrochen,hidden
auffrischen,refresh
augenblicken,moments
pott,pot
unglaubwürdig,unbelievable
erstaunliches,amazing
ausgestoßen,ejected
praktischer,practical
medizinstudium,medical studies
loyaler,loyal
zwangsjacke,straitjacket
mayer,mayer
zwillingsschwester,twin sister
photonentorpedos,photon torpedoes
tempels,temples
durftest,were allowed
ausspucken,spit
kribbeln,tingle
dossier,dossier
überfällt,attacks
einfühlsam,sensitive
abgibt,gives
tribune,tribune
inside,inside
pulsadern,pulse points
sphäre,sphere
wett,bet
verspeist,eaten
gieß,pour
dächern,roofs
showgeschäft,show business
angesehener,respected
kandidiert,is running for office
gruseligen,creepy
spontane,spontaneous
wil,will
verrätern,traitors
erlebten,experienced
weia,oh dear
eingelöst,redeemed
kontaminiert,contaminated
freiheitsstatue,Statue of Liberty
rückfahrt,return journey
unheilbar,incurable
untersteht,is subject to
geladene,loaded
bergsteiger,climber
terroristische,terrorist
crunch,crunch
lampenfieber,stage fright
mädchenname,girl's name
inventar,inventory
mattias,Matthias
stapeln,stack
umtauschen,exchange 
ekstase,ecstasy
apostel,apostle
soetwas,something like that
zuende,over
sub,sub
ladenbesitzer,shop owner
legalen,legal
schmiergeld,bribe
weather,weather
vorschnell,premature
apache,Apache
motten,moths
eingeäschert,cremated
hierbehalten,Keep here
kiffer,stoners
horatio,horatio
verwundert,surprised
kenner,connoisseur
londons,London's
gekniffen,pinched
sos,SOS
abstieg,descent
bombay,Bombay
blasmusik,brass band
sundance,Sundance
zathras,zathras
zweikampf,duel
vorstadt,suburb
reiseführer,travel guide
zeichnete,drew
brrr,brrr
tien,tien
leave,leave
celie,celie
berühmtes,famous
unterbreiten,submit
stinkender,stinking
münztelefon,payphone
quartal,quarter
intime,intimate
staatsgefängnis,state prison
schöpft,draws
freinehmen,take time off
mithelfen,help
tesla,Tesla
veteran,veteran
leader,leader
anlügst,lie
entgegennehmen,receive
burrito,burrito
bauchnabel,navel
quacksalber,quack
margaux,margaux
einbringt,brings
peaches,peaches
barmherzig,merciful
whitaker,Whitaker
gordo,gordo
vorgeschmack,preview
bandagen,bandages
glotz,stare
waffenruhe,ceasefire
betreibe,operate
vasek,vasek
unvermeidbar,unavoidable
vermißt,missing
durchgesetzt,enforced
medizinmann,medicine man
watt,watt
bono,bono
coast,coast
id,id
haferflocken,oatmeal
hervorgerufen,caused
meng,meng
uhrwerk,clockwork
bagwell,bagwell
sehnte,longed
verdammen,condemn
vergrößerung,enlargement
lebensmittelladen,grocery store
magnetische,magnetic
zugetan,devoted
morgendämmerung,dawn
meryl,meryl
snyder,Snyder
nachwelt,posterity
wettstreit,competition
scorpius,scorpius
hinfliegen,fly there
rettungsteam,rescue team
einfiel,I thought
zaubertrick,magic trick
eingabe,input
vorankommen,progress
wildschweine,wild boars
radioaktiv,radioactive
intensive,intensive
trüffel,truffle
vorzuwerfen,to accuse
farid,Farid
siegreich,victorious
fälscher,counterfeiter
melodien,melodies
entferntesten,most remote
ankomme,arrive
ungerade,odd
verbrauchen,consume
wahllos,randomly
kauderwelsch,gibberish
schmecke,taste
erna,Erna
stephens,Stephens
patrice,patrice
ausgerufen,proclaimed
petrelli,petrelli
großmama,grandma
andeutungen,hints
kämmen,comb
bildeten,formed
beschämen,shame
jägern,hunters
soren,soren
ankommst,you arrive
mängel,defects
shea,shea
verlorener,lost
kuß,kiss
dekorieren,decorate
zerfressen,corroded
jansen,Jansen
bärchen,bear
steele,steele
löhne,wages
benutzung,use
häuten,skinning
shi,shi
wohlfahrt,welfare
chloroform,chloroform
glenda,Glenda
laszlo,laszlo
baumhaus,treehouse
cale,cale
vermasselst,you messed up
schiene,rail
vulkanischen,volcanic
strong,strong
stiere,bulls
derartiges,such
kongressabgeordneter,congressman
sicherheitsstufe,security level
pflaumen,plums
erdöl,oil
hinken,limp
germanen,Germans
willa,willa
unverwundbar,invulnerable
praktischen,practical
einzuschalten,to turn on
belgrad,Belgrade
hinterhältige,treacherous
fulcrum,fulcrum
tanker,tanker
labert,babbles
körpertemperatur,body temperature
tollpatsch,clumsy
abweichung,deviation
rückwärtsgang,reverse gear
aka,aka
gabriela,Gabriela
befehlsgewalt,command authority
santana,Santana
plunder,plunder
brustwarzen,nipples
japanisches,Japanese
herzversagen,heart failure
deunan,deunan
israelische,Israeli
string,string
gendarm,gendarme
zahnseide,dental floss
optische,optical
adelaide,Adelaide
bekenne,confess
elvira,Elvira
vollzeit,full-time
spaßvogel,joker
brautkleid,wedding dress
besichtigung,sightseeing
halbschwester,half-sister
sync,sync
blubbern,bubble
train,train
saki,saki
schumann,Schumann
while,while
aufzuhängen,to hang
betrugs,fraud
herzattacke,heart attack
lösch,delete
dannys,Danny's
aufmachst,open
perücken,wigs
analytiker,analyst
defensive,defensive
schauer,shower
ausspionieren,spying
drängte,urged
kruger,Kruger
institutionen,institutions
rechtliche,legal
margaritas,margaritas
rayburn,rayburn
bettina,Bettina
grässlichen,gruesome
zivilisierten,civilized
maßen,measures
runkle,runkle
wi,wi
verstaut,stowed away
typhus,typhus
schulbus,School bus
aufstände,uprisings
pflegefamilie,foster family
weckruf,wake-up call
lynne,Lynne
flotten,fleets
emir,emir
amos,amos
nagellack,nail polish
eigensinnig,stubborn
demenz,dementia
altmodischen,old-fashioned
dam,dam
brustkrebs,breast cancer
meeresgrund,seabed
austeilen,distribute
raleigh,Raleigh
entschädigen,compensate
erhabener,sublime
auflöst,dissolves
tampons,tampons
leidtut,Sorry
vorgegeben,given
jeanine,Jeanine
leistete,provided
kubrick,Kubrick
speise,food
galileo,galileo
ahnungslos,unsuspecting
fiedler,fiddler
marsha,marsha
tagung,meeting
urkomisch,hilarious
abzusagen,to cancel
geschändet,desecrated
unschädlich,harmless
stöcke,sticks
prophezeit,prophesied
asphalt,asphalt
lehnst,lean
emilia,Emilia
bemerkst,notice
rauszubringen,to release
bellick,bellick
erging,he went
luftröhre,windpipe
schubert,Schubert
komfortabel,comfortable
löffelchen,spoonful
verleitet,tempted
notiere,note
dre,three
unerbittlich,relentless
versicherte,insured
sozialer,social
dwayne,Dwayne
labern,chatter
fake,fake
schmerzes,pain
türmen,pile up
kali,Kali
strebt,strives
faß,barrel
larson,Larson
kaji,kaji
weißbrot,white bread
gerichtsverhandlung,court hearing
opern,operas
spann,tension
städtchen,small town
debs,debs
zertrümmern,smash
darnell,darnell
verscheucht,scared away
schlitzauge,slant eye
manson,manson
relax,relax
swann,Swann
hawthorne,Hawthorne
stevenson,Stevenson
erweise,prove
jetzige,current
spuk,haunting
dialoge,dialogues
gesehnt,longed for
schließung,closure
heule,howl
fokussiert,focused
motorengeräusch,engine noise
horton,Horton
anschrift,address
freedom,freedom
léa,Léa
sokrates,Socrates
blühende,blooming
tory,Tory
olivenöl,olive oil
optimal,optimal
durchlebt,experienced
round,round
mordanklage,murder charge
tagt,meets
gabby,gabby
anwaltskanzlei,law firm
guillotine,guillotine
droiden,droids
valentina,valentina
ungarisch,Hungarian
vermehrt,more
versagst,fail
zahm,tame
heibt,heibt
notre,notre
lupin,lupin
upon,upon
berüchtigten,infamous
werken,works
leidenschaftliche,passionate
anordnen,order
preiset,praises
paarmal,a few times
karawane,caravan
lothbrok,Lothbrok
edelmann,nobleman
büschen,bushes
schmerzvoll,painful
zuwider,contrary
darlene,Darlene
arrestzelle,Detention cell
klarinette,clarinet
schlaff,limp
arkansas,Arkansas
windsor,Windsor
getaucht,submerged
allgemeines,general
tata,tata
aufzuführen,to list
liegend,lying down
tiefstem,deepest
lai,lai
anstoß,kick-off
bekanntes,well-known
fünfhundert,five hundred
sorgfalt,care
krimi,crime
augenbinde,blindfold
senators,senators
protestiert,protests
leyla,Leyla
campingplatz,campsite
polier,polisher
sphärische,spherical
interferenzen,interferences
bäder,bathrooms
pronto,pronto
vermählung,marriage
laderaum,cargo space
unterschätze,underestimate
molesley,molesley
reizvoll,attractive
buckley,buckley
ausziehst,move out
entbehrlich,dispensable
komplizierten,complicated
widmung,dedication
wachdienst,security service
anjali,Anjali
abgelegenen,remote
lumen,lumen
digger,digger
verhaltet,behaves
vordermann,frontman
wäret,would be
moreno,moreno
tully,Tully
regele,rule
josey,josey
guantanamo,Guantanamo
geistlicher,clergyman
bartholomew,Bartholomew
faschismus,fascism
dürfe,may
gaumen,palate
gebügelt,ironed
beherbergen,accommodate
aleikum,Aleikum
beale,beale
studentinnen,female students
crewmitglieder,crew members
scheußliche,hideous
ruprecht,Ruprecht
heranzukommen,to approach
singles,singles
bewohnern,residents
raue,rough
straight,straight
barbar,barbar
johlen,cheers
ausm,from
heuschrecken,locusts
telegramme,telegrams
rächer,avenger
tret,step
pavel,Pavel
verschwörer,conspirators
far,far
gräbern,graves
duldet,tolerates
duett,duet
parties,parties
schwierigsten,most difficult
gemordet,murdered
zusammenstoß,collision
fleckchen,little spot
everyone,everyone
skateboard,skateboard
einschläfern,euthanize
glasgow,Glasgow
göttlicher,divine
lächelnd,smiling
abendmahl,communion
erklimmen,climb
treffens,meeting
leichtigkeit,ease
herumfahren,drive around
ausgehandelt,negotiated
fragezeichen,question mark
beeindruckender,impressive
klemmen,clamp
strippen,strip
pryce,pryce
fliegender,flying
polizeiauto,police car
faser,fiber
elsie,Elsie
schnappten,snapped
nudel,noodle
ryans,Ryan's
gewogen,weighed
aufbaut,builds
absolution,absolution
zoff,conflict
abgesandter,envoy
heiser,hoarse
stünden,would be
falltür,trapdoor
angewohnheiten,habits
unkosten,expenses
pünktchen,dot
glüht,glows
durchnässt,soaked
traumfrau,dream woman
cedar,cedar
rings,rings
schall,sound
gewaltsamen,violent
medellin,Medellin
tapete,wallpaper
bereitwillig,willing
nano,nano
anderenfalls,otherwise
märkte,markets
stoffwechsel,metabolism
gleitet,glides
mordnacht,murder night
beruflichen,professional
unerwarteten,unexpected
zeitlupe,slow motion
signiert,signed
skulpturen,sculptures
saw,saw
sitting,sitting
kazon,Kazon
verstärker,amplifier
nilpferd,hippopotamus
überlegenheit,superiority
liebender,loving
shot,shot
warden,warden
sprechende,talking
rockefeller,Rockefeller
tulpe,tulip
tänze,dances
aufgefangen,captured
schadensbericht,damage report
schwinden,diminish
gefördert,funded
zerbrich,break
heilsarmee,Salvation Army
aufjeden,In any
vertieft,deepened
arn,arn
bräuchtest,you would need
angenehmes,pleasant
mulligan,mulligan
mitnimmst,you take with you
heimgekommen,came home
erdulden,endure
sayonara,sayonara
deutete,indicated
haferbrei,porridge
stinson,stinson
ih,ih
jer,jer
shredder,shredder
latino,Latino
norfolk,Norfolk
baumeln,dangle
duo,duo
tratschen,gossip
totengräber,gravedigger
betonung,emphasis
beträchtliche,considerable
salute,salute
grässliche,gruesome
nutzloser,useless
wiederwahl,re-election
zensur,censorship
begleiterin,companion
verschiebt,postpones
vordere,front
downey,downey
vielem,many things
gemach,chamber
einbruchs,burglary
ladens,store
anstrengenden,strenuous
entfallen,omitted
eingelocht,locked up
horen,hear
hafer,oats
walther,Walther
armbänder,bracelets
kostenloses,free
managerin,manager
holy,holy
untergebenen,subordinates
bryson,Bryson
class,class
hauptkommissar,chief inspector
schleimer,slime
konsequent,consistently
intus,intus
ermittle,investigate
absprache,agreement
konzentrationslager,concentration camp
kugelsicher,bulletproof
latif,latif
aufzuwachsen,growing up
karnickel,rabbit
nahaufnahme,close-up
kraftvoll,powerful
shapiro,shapiro
jämmerlichen,miserable
langford,Langford
vergeudest,you waste
enttäuschungen,disappointments
ergo,ergo
drosseln,throttle
kollateralschaden,collateral damage
mcbride,McBride
orks,orcs
miterlebt,witnessed
polizeischule,police academy
auftauchten,appeared
leviathan,Leviathan
moneten,dough
menschenskind,human child
heimzuzahlen,to pay back
pardaillan,pardaillan
player,player
soho,soho
rotem,red
pein,pain
waits,waits
transponder,transponder
zwirn,thread
schlimmstenfalls,worst case
prüde,prudish
fänd,found
tiefste,deepest
row,row
ehemannes,husband
pupkin,pupkin
besiegten,defeated
einzuschlagen,to strike
suspendierung,suspension
alexej,Alexey
janes,Janes
unbegreiflich,incomprehensible
graues,grey
hanks,hanks
senorita,senorita
bauarbeiten,construction work
abzubrechen,to cancel
rudolph,Rudolph
institute,institute
spulen,wash
belgier,Belgian
kuck,look
erblickt,seen
mccall,McCall
genfer,Geneva
enkeln,grandchildren
report,report
nachgelassen,decreased
auseinandersetzen,deal with
ready,ready
georgetown,georgetown
dodger,dodger
verbirgst,hide
robins,Robins
beleuchtet,illuminated
miterleben,witness
dash,dash
likör,liqueur
zugezogen,moved
ballsaal,ballroom
bong,bong
verscheuchen,scare away
mammi,mommy
aldrin,aldrin
gegenüberstellung,comparison
angewidert,disgusted
gymnastik,gymnastics
jammerlappen,Whiner
tschetschenien,Chechnya
unnötigen,unnecessary
patriotismus,patriotism
durchsichtig,transparent
oooh,oooh
vorhabt,intends
python,python
sha,sha
monitore,monitors
barbarisch,barbaric
unterirdische,underground
streikt,strikes
entsinne,remember
aussahen,looked
verkehrsunfall,traffic accident
fotografien,photographs
derwisch,dervish
feinste,finest
kom,kom
niemandsland,no man's land
verwüstung,devastation
hühnerstall,chicken coop
alba,alba
glorreiche,glorious
mamis,moms
fremdsprache,foreign language
rennie,rennie
skies,skis
absteige,descend
zusammenpassen,match
inkognito,incognito
gestreckt,stretched
spice,spice
einschränkungen,restrictions
hiesige,local
nektar,nectar
unbehagen,discomfort
jelly,jelly
eisbären,polar bears
bosnien,Bosnia
odile,Odile
schälen,peel
birmingham,Birmingham
sahara,Sahara
rooney,rooney
ares,ares
mags,mags
darth,Darth
augenzeuge,eyewitness
verschlimmern,worsen
straff,tight
parkett,parquet
hinterließen,left behind
beneidet,envied
ordens,order
bürgerlichen,bourgeois
fragtest,you asked
verspürt,felt
gewinnerin,winner
vormarsch,advance
edelsteine,gemstones
blutergüsse,bruises
lederjacke,leather jacket
erfolgte,took
erzengel,archangel
brandi,brandi
jiro,Jiro
knüpfen,tie
sweetheart,sweetheart
selim,Selim
tomorrow,tomorrow
klügsten,smartest
fruchtblase,amniotic sac
takeda,takeda
schläfe,temple
cable,cable
blutete,bled
mobilisieren,mobilize
einbeziehen,include
schwiegereltern,parents-in-law
johnston,johnston
dreckstück,piece of dirt
biegt,bends
detailliert,detailed
simulieren,simulate
tac,tac
abstoßen,repel
sehenswürdigkeiten,sightseeing attractions
verlogener,deceitful
gestein,rock
marcia,Marcia
vorzunehmen,to do
vorschau,preview
stampfen,stamping
rovere,Rovere
frust,frustration
poseidon,Poseidon
schnitzen,carve
herumläuft,running around
deponiert,deposited
vorlaut,cheeky
venice,Venice
graystone,graystone
frl,frl
stadtzentrum,city ​​center
short,short
pritchard,Pritchard
überbieten,outbid
attrappe,dummy
dolan,dolan
moskauer,Moscow
einzujagen,to instill
stinkreich,filthy rich
feierst,celebrate
flüche,curses
tunneln,tunnels
duften,smell
königlicher,royal
irischer,Irish
inkompetent,incompetent
vorherbestimmt,predetermined
ophelia,Ophelia
reinwaschen,Wash clean
payne,payne
brittany,Brittany
eingestürzt,collapsed
moechte,want
sperrgebiet,restricted area
vermählt,married
echtem,genuine
geheimgang,secret passage
bildhauer,sculptor
sevilla,Seville
drumherum,all around
hitzkopf,hothead
rap,rap
schnaufen,panting
lügendetektortest,lie detector test
rowena,rowena
steinzeit,Stone Age
patmore,patmore
impfen,vaccinate
paro,paro
gel,gel
erzfeind,archenemy
zucht,breed
hundescheiße,dog shit
creed,creed
kettenreaktion,chain reaction
krause,curly
mitsuko,mitsuko
untertasse,saucer
pongo,pongo
cholesterin,cholesterol
isabell,Isabell
polizeipräsidium,police headquarters
ordne,order
auswirkung,impact
schutzlos,defenseless
mysteriöser,mysterious
kode,code
füssen,feet
tatsuya,tatsuya
langfristig,long-term
abgewendet,averted
kommandieren,command
dichtung,seal
dienstplan,duty roster
messungen,measurements
flugtickets,flight tickets
arschkriecher,ass-kisser
kommandiert,commanded
musikalische,musical
poor,poor
heini,heini
belanglos,irrelevant
quint,quint
auslegen,lay out
uiind,uiind
gattung,genus
morrow,morrow
posaune,trombone
spendiere,spend
wanderung,hiking
mahler,Mahler
fortuna,Fortuna
plastiktüte,plastic bag
vorbringen,to bring forward
verabscheut,detested
anteilnahme,condolences
rennstrecke,race track
eskaliert,escalated
gestreichelt,stroked
regelmäßige,regular
sechzig,sixty
wolkenkratzer,skyscraper
shaft,shaft
wirr,confused
saiten,strings
herrenhaus,manor house
masern,measles
überließ,left
niederen,lower
begabter,gifted
schlumpfine,Smurfette
ood,ood
scarraner,scarraner
schleppte,dragged
prostata,prostate
aorta,aorta
abkratzen,scrape
gelobte,praised
dynamik,dynamics
liebstes,dearest
aufgespießt,impaled
erstklassigen,first-class
massenmörder,mass murderer
anmache,pickup
würste,sausages
liedchen,ditty
anstellst,you
offiziers,officers
elfenbein,ivory
dächer,roofs
ausgetragen,held
unausweichlich,inevitable
stammst,come from
romulus,Romulus
sträflinge,convicts
einzigartiges,unique
caro,caro
massey,Massey
rutherford,Rutherford
bae,bae
tauschte,exchanged
blutzucker,blood sugar
mercury,Mercury
anmutig,graceful
bolivien,Bolivia
edelstein,gemstone
unterirdisch,underground
milieu,milieu
hinschauen,look
raumes,space
hex,hex
abgelegen,remote
aufpasse,be careful
verfassen,write
branson,Branson
friends,friends
keim,germ
bockmist,bullshit
chandra,Chandra
schwärmt,raves
aufgekreuzt,turned up
takeshi,takeshi
lichten,bright
gelbes,yellow
millers,millers
plankton,plankton
wusch,wash
vorionen,vorions
luchs,lynx
mordversuch,Attempted murder
ds,ds
anzugeben,to specify
übernehm,take over
gesehn,seen
präziser,more precisely
gelutscht,sucked
schnapsladen,liquor store
anzugträger,suit wearer
polizeischutz,police protection
angefreundet,befriended
überwindet,overcomes
cleopatra,Cleopatra
durchmache,going through
einsames,lonely
photo,photo
ulla,Ulla
einzigste,unique
verschwiegenheit,secrecy
intellektuell,intellectually
childs,children
korrupter,corrupt
alf,alf
verhandle,negotiate
festnetz,landline
seidenen,silk
pfarrhaus,rectory
ereignete,happened
hecht,pike
mülltonnen,garbage cans
ballkönigin,ball queen
forderst,demand
schlimmeren,worse
prüfte,checked
beklauen,to steal
trauere,mourn
unmöglichen,impossible
weiterkämpfen,keep fighting
ausflüge,excursions
jeanie,Jeanie
tur,door
babysitterin,babysitter
frisiert,hairstyle
browns,browns
gassen,alleys
revolutionären,revolutionary
stunt,stunt
ausarbeiten,develop
hierarchie,hierarchy
unwirklich,unreal
empfahl,recommended
wegweiser,signpost
aufkreuzt,shows up
stripclub,strip club
fahrzeugen,vehicles
mixen,mix
eu,eu
stopfe,stuffing
heißesten,hottest
einigkeit,unity
anziehe,put on
gewünschte,desired
feuerholz,firewood
vorschule,preschool
faye,faye
moni,moni
hellwach,wide awake
herauszubekommen,to find out
gekettet,chained
aufnahm,recording
schönheiten,beauties
dios,dios
meerjungfrauen,mermaids
hepatitis,hepatitis
holocaust,holocaust
befragungen,surveys
alligatoren,alligators
schwachsinnig,moronic
zusammenhängen,related
zyklop,Cyclops
meisterstück,masterpiece
anstarrt,stares
rauen,rough
iphone,iPhone
prosit,Cheers!
benebelt,dazed
chibs,chibs
pelzmantel,fur coat
scheißangst,fucking scared
rutschig,slippery
wiley,Wiley
krüger,Kruger
meckert,complains
managen,manage
vasa,vasa
dänische,Danish
scooter,scooter
scheißhaus,toilet
widmete,dedicated
quatschst,You're talking nonsense
gendarmerie,gendarmerie
mcguire,McGuire
saxophon,saxophone
fußfessel,ankle cuff
scheidungen,divorces
nordafrika,North Africa
römischer,Roman
lebensmittelvergiftung,food poisoning
mort,death
rattern,rattle
schlitzaugen,slanted eyes
modifiziert,modified
edles,elegant
krumme,crooked
monas,monas
bremst,brakes
ausfragen,interrogate
conlon,conlon
einlädt,invites
steel,steel
supernova,supernova
vogue,vogue
pizzen,pizzas
lene,Lene
any,any
zugangscode,access code
schluchzend,sobbing
dokumentieren,document
jodie,Jodie
pfau,peacock
morelli,morelli
eureka,eureka
funkgeräte,radios
henriette,Henriette
plattenfirma,record label
arlette,Arlette
grollt,grumbles
waschbären,raccoons
verkrüppelt,crippled
aufzumuntern,to cheer up
arsen,arsenic
belangen,concern
alleinerziehende,single parents
quaken,croak
patrouillieren,patrol
verschweigt,conceals
plutonium,plutonium
multiple,multiple
widert,repulses
kinderschänder,child abusers
tiefgarage,underground parking garage
pathologie,pathology
unentbehrlich,indispensable
blaine,blaine
delaware,Delaware
hasta,hasta
haftbefehle,arrest warrants
dig,dig
demoliert,demolished
mild,mild
völkermord,genocide
schärfste,sharpest
joints,joints
sacha,Sacha
untersteh,subject
haines,haines
lassie,Lassie
rückfällig,relapse
bestimmungen,provisions
schläuche,hoses
rät,advises
schwerem,heavy
vorwahl,phone prefix
whitmore,Whitmore
milhouse,milhouse
ehesten,most likely
wiederholst,repeat
bekanntlich,as is well known
scharfer,sharp
stäbchen,rod
geländewagen,SUV
verschaffe,provide
einwickeln,wrap
minivan,minivan
schranken,barriers
russin,Russian
cicero,Cicero
moulin,moulin
heißem,hot
vorhatten,planned
schone,beautiful
vickers,Vickers
osiris,osiris
neunzehn,nineteen
küssten,kissed
überschreiben,overwrite
historisch,historical
gutheißen,approve
glock,glock
festgesetzt,established
leitenden,leading
adressbuch,directory
safari,safari
castor,castor
erreger,pathogen
polanski,Polanski
karotte,carrot
dingsda,thingamajig
geschwind,quickly
näht,sews
gottverlassenen,godforsaken
athlet,athlete
verlorenes,lost
ergebener,devoted
ballard,ballard
naturlich,naturally
geschiedene,divorced
odyssee,Odyssey
homosexualität,homosexuality
künstlern,artists
druckerei,printing company
spannt,tenses
bayou,bayou
aufzuheitern,to cheer up
verhaftete,arrested
arbeitszeiten,working hours
sammelst,collect
rezession,recession
fingerspitzen,fingertips
möbeln,furniture
schnauben,snort
zonen,zones
quirke,quirke
vergelten,retaliate
oase,oasis
formieren,form
schwimmst,swim
zutrifft,is true
gönnt,indulge
habens,have
hewitt,Hewitt
gelehrte,scholarly
türschwelle,door threshold
insofern,insofar as
rind,beef
fünfjährigen,five-year-old
priesterin,priestess
ehemanns,husband
massimo,massimo
hergerichtet,prepared
phantasien,fantasies
tromaville,Tromaville
klacks,glob
ernsthafter,serious
chirurgische,surgical
runterfahren,shut down
klarem,clear
dichtmachen,seal
volvo,Volvo
hartman,Hartman
renaissance,Renaissance
zerkratzt,scratched
third,third
storch,stork
yasmin,Yasmin
eilmeldung,breaking news
tönen,tones
innenseite,inside
konditionen,conditions
verdopple,double
runtergeladen,downloaded
schröder,Schröder
zeugenschutz,witness protection
stetig,constantly
gestörte,disturbed
geldgeber,lender
hochnäsig,haughty
renée,Renée
hor,hor
armaturenbrett,dashboard
amal,amal
sachs,Sachs
sense,sense
stabile,stable
tollsten,greatest
zerschmettern,shatter
rapper,rapper
fernand,fernand
spanischer,Spanish
neurotisch,neurotic
typisches,typical
interpretiert,interpreted
nordwesten,northwest
kammerdiener,valet
pfadfindern,scouts
nachhelfen,help
notausgang,emergency exit
gelauscht,eavesdropped
arrogante,arrogant
internationales,international
jamieson,jamieson
barts,Barts
tyrone,Tyrone
pelze,furs
bereichern,enrich
aufzüge,elevators
vorwarnen,give advance warning
guatemala,Guatemala
schütte,pour
festbinden,tie up
schreitet,steps
malaysia,Malaysia
gabeln,forks
quarter,quarter
virtuellen,virtual
ordnungsgemäß,properly
fr,fr
fliesen,tiles
tuttle,tuttle
herausgerissen,torn out
freimaurer,Freemasons
vermiss,miss
verstorbener,deceased
lis,lis
kopftuch,headscarf
abblitzen,rebuff
dobbs,dobbs
unverschämter,outrageous
anonymität,anonymity
östliche,eastern
sonderbare,strange
indirekt,indirect
straßenecke,street corner
citizen,citizen
rentiere,reindeer
ausfall,failure
blackjack,blackjack
auszubrechen,to break out
finanzminister,finance minister
ortiz,Ortiz
papierkorb,wastebasket
unaufhörlich,incessantly
taff,taff
feindliches,hostile
jaulen,howl
zarin,tsarina
hein,hein
genesis,genesis
arif,Arif
serben,Serbs
freihalten,keep free
alina,alina
macke,quirk
schwachstellen,weak points
zimmers,room
trübe,murky
pioniere,pioneers
beschleunigung,acceleration
kronprinz,crown prince
schießstand,shooting range
abenteuern,adventures
köstlichen,delicious
alk,alcohol
aki,aki
austreiben,drive out
pumpt,pumps
kemal,Kemal
schwertes,sword
ausreißer,outlier
schlucke,swallow
gedenkt,commemorates
unwissend,ignorant
landry,landry
yves,yves
fokussieren,focus
talenten,talents
schutzschilde,shields
verdien,earn
vorzumachen,to pretend
bescheißt,cheats
stoßstange,bumper
riesending,huge thing
ventile,valves
zerbrochene,broken
angebliche,alleged
warteschleife,waiting loop
eiskrem,ice cream
vollzählig,all present and accounted for
blanchard,Blanchard
kulturellen,cultural
simuliert,simulated
schweigsam,silent
hüllen,envelopes
lombardo,Lombardy
aloha,aloha
widerspreche,I disagree
kehlen,throats
qualvoll,agonizing
unangenehmen,unpleasant
benito,benito
julias,Julia
nettie,nettie
einbezogen,included
latschen,slippers
zurückkehrst,return
gedenke,remember
aufsagen,recite
maximus,maximus
raumfahrt,space travel
wife,wife
nordseite,north side
liebesbriefe,love letters
vicodin,vicodin
fuße,feet
scheide,vagina
bewies,proved
broker,broker
würdevoll,dignified
königliches,royal
bronco,bronco
albernes,silly
cherie,cherie
rückenmark,spinal cord
alimente,alimony
valentino,Valentino
gekreuzt,crossed
ausgeschlafen,well-rested
besinnung,reflection
tatzeit,time of crime
amerikanischem,American
doppelleben,double life
gegenübertreten,confront
herauszuholen,to extract
welles,wells
feuerball,fireball
wexler,wexler
dehnen,stretch
keil,wedge
domine,domine
gewürgt,choked
reflektiert,reflected
olly,Olly
quintus,quintus
pacino,Pacino
verhältnissen,conditions
einlauf,enema
töpfchen,potty
tron,tron
rin,rin
inicht,in
balkan,Balkans
jos,jos
tres,tres
kluft,gap
klischees,clichés
eingebung,inspiration
schliesst,closes
universitäten,universities
dokumentarfilm,documentary
cousinen,cousins
rauszuhalten,to be kept out
tre,three
kimura,kimura
scheuen,shy
biggs,Biggs
umschläge,envelopes
vermeide,avoid
masha,Masha
mutant,mutant
perrin,Perrin
feilschen,haggling
dreifachen,triple
einmaliges,unique
börsenaufsicht,stock exchange regulator
colleges,colleges
lucio,Lucio
oops,Oops
fortgeschrittene,advanced
andersen,other
rundfunk,broadcasting
eintraf,arrived
tino,Tino
wren,wren
bube,boy
elya,elya
schiesst,shoots
damaligen,then
marwan,Marwan
stummen,silent
engl,English
schmeckst,taste
asservatenkammer,evidence room
galopp,gallop
bauchweh,stomach ache
fluchtplan,escape plan
dazugehört,belongs
gemütlicher,cozy
erhitzt,heated
einöde,desolate wasteland
flieh,flee
zurückfallen,fall behind
verwehren,refuse
glühende,glowing
abgewandt,turned away
herzklopfen,heart palpitations
ausbrach,broke out
makeup,make up
unterzahl,outnumber
schanghai,Shanghai
smythe,Smythe
entreißen,wrest
pluto,Pluto
vorherige,previous
verstellt,adjusted
erstaunlicher,amazing
kolja,Kolja
untertan,subject
ställe,stables
istjetzt,is now
versammelten,assembled
kruzifix,crucifix
initiiere,initiate
erwischten,caught
abenden,evenings
verdrücken,suppress
bös,evil
derby,derby
glücksfall,stroke of luck
einflussreiche,influential
metier,metier
mussolini,Mussolini
kürzeren,shorter
jillian,Jillian
verzerrte,distorted
scar,scar
undankbare,ungrateful
fenwick,fenwick
nunmal,simply
keys,keys
como,como
pfeiler,pier
kaffe,coffee
imitation,imitation
ruhestörung,disturbance of the peace
kling,ring
neugeborenen,newborn
dumbledore,Dumbledore
celine,Celine
benton,benton
umschreiben,rewrite
ter,ter
bluttests,blood tests
familiäre,family
renovierung,renovation
honda,Honda
rama,rama
abhang,slope
chick,chic
hausen,house
biografie,biography
erz,ore
unbewaffneten,unarmed
zweifelhaft,doubtful
empörung,indignation
taser,taser
karrieren,careers
ehelichen,marital
hitomi,hitomi
trikots,jerseys
spaniens,Spain's
baumarkt,hardware store
elis,Elis
flush,Flush
gruseliger,creepier
lämmchen,lamb
milt,milt
extremer,extreme
tägliches,daily
abgefunden,settled
goldstück,gold piece
handschuhen,gloves
stürzten,crashed
schwäne,swans
zukünftig,future
sterns,star
chillen,chill
scheckbuch,checkbook
bearbeite,edit
kamele,camels
unrein,unclean
routen,routes
rattengift,rat poison
herausgeben,publish
verrechnet,billed
eggs,eggs
luden,invited
reizbar,irritable
killers,killers
aufständischen,insurgent
lockere,loose
wiederherstellung,restoration
götz,Götz
hallt,echoes
schotte,Scotsman
eingesammelt,collected
nahrungskette,food chain
bewegten,moved
ar,ar
hershel,Hershel
biere,beers
garret,garret
ranfahren,pull up
vereinigte,united
zunehmen,gain weight
verpaßt,missed
osman,Osman
katia,Katia
liebevoller,loving
bootsmann,boatswain
rapunzel,Rapunzel
statur,stature
stolzes,proud
most,most
done,done
flache,area
umgewandelt,converted
außerordentliche,extraordinary
ivanova,ivanova
anzuzünden,to light
hingehöre,where do they belong?
morphin,morphine
manion,manion
vorübergehen,pass
drauben,drauben
verdientes,well-deserved
triade,triad
poppen,pop
pick,pick
arturo,arturo
gewissens,conscience
vorab,in advance
einschreiten,intervene
gefrorenen,frozen
verurteilter,convicted
norweger,Norwegian
feststecken,stuck
bwana,bwana
inaktiv,inactive
renfield,Renfield
drahtzieher,mastermind
spazierfahrt,leisurely drive
niels,niels
klaro,Sure
banshee,banshee
nos,nos
cbs,cbs
wohlwollen,goodwill
rettungsaktion,rescue operation
füchse,foxes
jd,jd
vorbeikam,passed by
weggeblasen,blown away
variablen,variables
wehrte,resisted
elder,elder
brandneuen,brand new
british,British
festgenagelt,nailed down
gottseidank,Thank God
dildo,dildo
blindgänger,duds
verleugnet,denied
lästige,annoying
lebensgefährlich,life-threatening
handarbeit,handmade
olymp,Olympus
spielschulden,gambling debts
winterschlaf,hibernation
aiko,aiko
statten,equip
runterfallen,fall
giulio,Giulio
einträge,entries
dröhnt,roaring
gekippt,tipped
ia,ia
gelassenheit,serenity
gefüllte,filled
davidson,Davidson
symphonie,symphony
gesellschaftlichen,social
hinhauen,hit
demetrius,demetrius
widerstands,resistance
fußgänger,pedestrian
radios,radios
kommodore,commodore
feierlichkeiten,celebrations
wickel,wrap
ignorant,ignorant
spült,rinses
obendrauf,on top of that
kommentieren,comment
teer,tar
kassiererin,cashier
genevieve,Genevieve
goldbarren,gold bars
injektionen,injections
evi,evi
arie,aria
latinos,Latinos
scrabble,Scrabble
goran,Goran
hubbard,Hubbard
monarch,monarch
kaut,chews
prachtvoll,magnificent
traurigste,saddest
wahrsten,truest
technischer,technical
publik,public
respektierst,do you respect
weihnachtszeit,Christmas time
mazel,mazel
lockte,lured
eingeschrieben,enrolled
meeresfrüchte,seafood
zahnspange,braces
bertram,Bertram
fresno,Fresno
gründeten,founded
schallplatte,record
close,close
unterbricht,interrupts
gründliche,thorough
tribun,tribune
qué,qué
unnütz,useless
hilfsmittel,aids
ergänzen,add to
betrachtest,consider
kinderarzt,pediatrician
mordfälle,murder cases
uterus,uterus
sicherheiten,guarantees
asta,asta
blamierst,embarrass yourself
geplante,planned
tickst,ticking
zielst,aim
etikette,etiquette
vertragt,tolerates
zutrauen,confidence
sindbad,Sindbad
toledo,Toledo
komplexer,more complex
obrigkeit,authority
verknüpft,linked
ratsam,advisable
lunte,fuse
berechne,calculate
stilles,silent
schwankt,fluctuates
lebensart,lifestyle
asa,asa
hungerstreik,hunger strike
ducky,ducky
taro,taro
rien,rien
rollte,rolled
verrecke,die
anke,Anke
leuchtende,bright
faizal,faizal
gebratene,fried
bildmaterial,image material
foss,foss
par,par
kolumbianer,Colombian
levy,levy
peilung,bearing
funky,funky
grashüpfer,grasshopper
umfassende,comprehensive
geistreich,witty
entsprechenden,corresponding
nahkampf,close combat
raina,Raina
inger,inger
bucky,bucky
sägen,saw
duscht,showers
bristol,Bristol
rassisten,racists
panikattacke,panic attack
schroeder,Schroeder
noir,noir
greis,old man
dalai,Dalai
abgefallen,fallen off
mistress,mistress
abgefüllt,bottled
dehydriert,dehydrated
wimpern,eyelashes
abzuwenden,to avert
calais,Calais
zusammenkunft,meeting
garber,garber
überbringer,messenger
tea,tea
nährt,nourishes
delle,delle
gesetzlose,lawless
vergifteten,poisoned
herrentoilette,men's toilet
angeklagter,accused
algen,algae
unterdrückte,suppressed
trucker,trucker
bonaparte,Bonaparte
pflanzt,plants
abc,ABC
annahmen,assumptions
zögerst,hesitate
kostbares,precious
rüssel,trunk
salve,volley
tach,tach
murdoch,Murdoch
wiederbelebt,revived
manifest,manifest
beauchamp,Beauchamp
abschrecken,deter
haften,adhere
weiterzuleben,to continue living
unentdeckt,undetected
witziges,funny
othello,othello
weitermacht,continues
vorgarten,front garden
pacquiao,Pacquiao
müllkippe,landfill
überwachungsvideo,surveillance video
flammenwerfer,flamethrower
ame,name
jennie,jennie
ungeheure,tremendous
whit,white
körpersprache,body language
axl,axl
außendienst,field service
geizhals,miser
anbot,offer
verkatert,hungover
mentalen,mental
bürokraten,bureaucrats
rhoda,rhoda
rechtlichen,legal
burgundy,burgundy
striker,striker
corp,corp
integrieren,integrate
diz,diz
zugführer,train conductor
abstechen,stab
tinker,tinker
reinplatzen,burst in
umgestellt,switched
erleuchten,illuminate
völkern,peoples
maynard,Maynard
anal,anal
ciark,ciark
verwendeten,used
elton,elton
pai,pai
mexikanisches,Mexican
bevorzugst,preferably
eindrücke,impressions
sicherheitsfirma,security company
kerosin,kerosene
malia,Malia
gezittert,trembled
fotografiere,photograph
lavinia,lavinia
bestatter,undertaker
macher,maker
schlagzeuger,drummer
zelig,zelig
bürgerliche,bourgeois
mannschaften,teams
erledigte,completed
erscheinst,you appear
wandelnde,walking
zurückblicken,looking back
gerinnsel,clot
portwein,port wine
lyndon,lyndon
bismarck,Bismarck
telefonaufzeichnungen,phone recordings
unergründlich,unfathomable
kürzeste,shortest
cannon,cannon
delfin,dolphin
tortur,torture
durchschlagen,break through
verholfen,helped
anklagepunkte,charges
aufregenden,exciting
programmierer,programmer
imhotep,imhotep
mütterchen,mother
zahlreich,numerous
unterbesetzt,understaffed
gehäuse,housing
überlegungen,considerations
bescheren,bestow
ichi,ichi
extremisten,extremists
tuberkulose,tuberculosis
vedek,vedek
pal,pal
reinkomme,come in
erkenntlich,recognizable
rangegangen,answered
geheimdienstes,intelligence service
transplantat,graft
höchstgeschwindigkeit,top speed
rehabilitation,rehabilitation
aufrechtzuerhalten,to maintain
abzusetzen,to discontinue
kilogramm,kilogram
derjenigen,those
umkreisen,orbit
karla,Karla
cardiff,Cardiff
hauptverdächtige,main suspect
banjo,banjo
bestem,best
entrinnen,escape
legitim,legitimate
einsiedler,hermit
rundherum,all around
schlägereien,fights
nütze,use
mahnung,reminder
dede,dede
piste,piste
anus,anus
teds,teds
adlon,Adlon
dle,dle
inständig,earnestly
derzeitige,current
fettarsch,fat ass
spul,spool
neugeborenes,newborn
alleinstehende,single
befürworten,advocate
militärisch,military
inferno,inferno
bills,bills
unterzubringen,to accommodate
angegangen,addressed
providence,Providence
falte,fold
priscilla,Priscilla
ausgestrahlt,broadcast
sonntagmorgen,Sunday morning
nachrichtendienst,intelligence service
meet,meet
eddi,eddi
burnett,burnett
fahrenden,moving
comes,comes
beschießen,shell
nanntest,you called
alleinige,sole
wutanfall,tantrum
irgendwelcher,any
martial,martial
stoppe,stop
nervöser,nervous
umgebaut,rebuilt
notrufzentrale,emergency call center
chevron,chevron
barsch,perch
epilepsie,epilepsy
bergmann,miner
fingers,fingers
geboxt,boxed
passanten,passers-by
auffangen,catch
schroff,rugged
theseus,theseus
maschinendeck,engine deck
kapstadt,Cape Town
radiosender,radio station
unangenehmes,unpleasant
gehoben,upscale
empfindliche,sensitive
surrt,buzzes
infolge,as a result
maple,maple
gefurzt,farted
vorbildlich,exemplary
abzufangen,to intercept
mado,mado
gefälligkeiten,favors
geber,donor
robust,robust
eintauchen,immerse
häusliche,domestic
nachos,nachos
rosi,Rosi
zeichner,draftsman
rittmeister,cavalry captain
ausrotten,eradicate
überredete,persuaded
standards,standards
norah,norah
ziggy,ziggy
thérèse,Thérèse
unausstehlich,unbearable
rechtshänder,right-handed
hilferuf,SOS
diskutiere,discuss
sands,sands
wirres,incoherent
amnestie,amnesty
blamage,embarrassment
scrooge,Scrooge
robb,robb
nic,nic
tischler,carpenter
zwickmühle,dilemma
aktiver,active
subraum,subspace
verwickeln,entangle
lomax,lomax
wundersame,miraculous
custer,custer
dienern,servants
springende,jumping
transfusion,transfusion
lavendel,lavender
beurteile,assess
plätschert,splashing
vegetarierin,vegetarian
hologramme,holograms
schnauft,huffs
besoffener,drunk
praktikant,intern
romano,Romano
falling,falling
herumschnüffeln,snooping around
kei,no
gaskammer,gas chamber
pfefferminz,peppermint
arbeitslager,labor camp
hochfahren,boot up
faules,lazy
mozzie,mozzie
ufern,shores
händedruck,handshake
körperlicher,physical
tauge,suitable
dunlop,Dunlop
isolde,isolde
peitschen,whips
höherer,higher
baumstamm,tree trunk
ärgerst,annoys
polizeibeamte,police officers
sauerkraut,sauerkraut
heimkehren,return home
gegnern,opponents
backt,bakes
grub,grub
rikers,rikers
kenichi,kenichi
zurückspulen,rewind
br,br
ponyo,ponyo
träumten,dreamed
stadtrand,outskirts
zusätzliches,additional
stolpert,stumbles
verbarg,hidden
stimuliert,stimulates
pollo,pollo
gutaussehende,handsome
skull,skull
waere,were
peperoni,pepperoni
geklungen,sounded
sari,sari
bürsten,brush
verhandelbar,negotiable
pfeilen,arrows
modenschau,fashion show
alberner,silly
überbracht,delivered
vorbeikomme,come by
fugen,joints
erkennbar,recognizable
schatzkarte,treasure map
strophe,verse
entsprach,corresponded
bolt,bolt
überzeugender,convincing
bloodberry,bloodberry
speak,speak
chronicle,chronicle
birdie,birdie
chefinspektor,chief inspector
koffern,suitcases
fernandez,fernandez
tancredi,tancredi
nachforschen,investigate
ostsee,Baltic Sea
heimlichen,secret
amandas,Amanda
hecke,hedge
bullock,bullock
lamar,lamar
sets,sets
bernice,Bernice
hummel,bumblebee
wiederauferstehung,resurrection
vibrator,vibrator
gebeamt,beamed
fairchild,fairchild
bastille,Bastille
ersucht,he seeks
gemeinderat,municipal council
rattert,rattles
fiction,fiction
indiskret,indiscreet
hybrid,hybrid
hiroshima,Hiroshima
biographie,biography
stinky,stinky
verbesserte,improved
ultimativen,ultimate
caldwell,Caldwell
stottern,stutter
sperrte,blocked
zier,ornamental
wohlbehalten,safe and sound
dunst,haze
motels,motels
anbiete,offer
verdursten,die of thirst
gegenseitigen,mutual
kahless,Kahless
macpherson,macpherson
arkham,Arkham
born,born
deo,deo
perverses,perverse
bereicherung,enrichment
erblicken,see
beeilst,hurry
arbeitskräfte,workforce
gardiner,gardiner
quebec,Quebec
geisteskrankheit,mental illness
scharlatan,charlatan
zusammenhält,holds together
stroud,Stroud
androide,Android
alexa,Alexa
professorin,professor
zusammenhänge,connections
automatischen,automatic
israels,Israel
delilah,Delilah
kalkutta,Calcutta
romain,Romain
saure,acid
vorgänge,processes
aufrichtiges,sincere
ficker,fucker
strumpf,stocking
brauen,brew
absorbieren,absorb
mitmachst,participate
zwingend,mandatory
sedan,sedan
hinblick,with regard to
nichten,nieces
rückstände,residues
crusoe,Crusoe
nächtliche,nighttime
angezettelt,instigated
reinfallen,fall for it
strategisch,strategically
spange,brace
fragmente,fragments
auszugraben,to dig up
spektrum,spectrum
diskriminierung,discrimination
ureinwohner,native
gestärkt,strengthened
cornell,Cornell
paddeln,paddle
getrübt,clouded
brie,Brie
reifenquietschen,tire squeal
beschwerst,complain
überwachungsvideos,surveillance videos
konservativ,conservative
nerds,nerds
militärdienst,military service
sitzend,sitting
seppel,Seppel
viertes,fourth
unerlässlich,indispensable
staubig,dusty
hauptgewinn,main prize
verschanzt,entrenched
rothaarigen,redhead
rachefeldzug,revenge campaign
ausflüchte,excuses
makoto,makoto
projektion,projection
bundesagent,federal agent
mechanische,mechanical
projekten,projects
egoistischer,selfish
totem,totem
rasier,shave
zahlten,paid
morgans,Morgans
arbeitskollegen,work colleagues
optimist,optimist
recep,recep
fraktur,fracture
flop,flop
bizarre,bizarre
larsen,larsen
erfahrt,learn
verdrehte,twisted
dränge,urges
wehre,defense
atmete,breathed
nichl,nichl
scharade,charade
boxershorts,boxershorts
rockwell,Rockwell
konfiszieren,confiscate
eingeworfen,thrown
luftunterstützung,air support
absprung,jump
bewußt,consciously
bedauernswert,regrettable
neptun,Neptune
errungen,achieved
amputieren,amputate
leuchtenden,bright
besiegeln,seal
pinkman,pinkman
obergeschoss,upper floor
ihresgleichen,their kind
irres,insane
grönland,Greenland
nashville,Nashville
hattie,hattie
opi,opi
lisas,Lisa's
eau,eau
rip,rip
unverständlicher,incomprehensible
faires,fair
massagen,massages
punktzahl,score
humanoide,humanoid
clair,clair
lattimer,lattimer
haqqani,haqqani
handels,trade
aufrichtige,sincere
skandalös,scandalous
widmore,Widmore
gerüst,scaffolding
nebenwirkung,side effect
stacheln,thorns
chop,chop
demokratisch,democratically
alisons,alisons
petey,petey
kreta,Crete
pong,pong
vorzugsweise,preferably
schlitzohr,sly fox
cyborg,cyborg
sinnlich,sensual
iange,length
erblickte,saw
masuka,masuka
annemarie,Annemarie
anzuerkennen,to acknowledge
overall,Overall
hufeisen,horseshoe
großzügigen,generous
arrivederci,arrivederci
sonnigen,sunny
abhandlung,treatise
begrub,buried
unsinnig,nonsensical
tsunami,tsunami
inspiziert,inspected
einmischt,interferes
delgado,delgado
vorläufigen,preliminary
feierte,celebrated
mithören,listen in
widmet,dedicates
augapfel,eyeball
aufzuwecken,to wake up
gebrauchte,used
beschäftigter,employed
feuerwache,fire station
sampson,Sampson
niedergeschossen,shot down
schmitz,Schmitz
formt,forms
harmony,harmony
rechnete,calculated
landei,country bumpkin
modifizieren,modify
detonieren,detonate
einwohnern,inhabitants
leiblichen,physical
besuchern,visitors
überfiel,attacked
fehlverhalten,misconduct
hissen,hoist
kaltmachen,cold
neandertaler,Neanderthals
misshandlung,abuse
kumar,Kumar
ladendiebstahl,shoplifting
kreuzfeuer,crossfire
unregelmäßig,irregular
bestreben,strive
handgranate,hand grenade
imperiums,empire
bedank,thank you
praktiziert,practiced
exekutieren,execute
röntgenbild,x-ray
mori,mori
gefertigt,manufactured
anging,approach
ähnlichkeiten,similarities
zielort,destination
badet,baths
lausig,lousy
harkness,Harkness
dawes,dawes
chardonnay,Chardonnay
vornherein,from the outset
gottheit,deity
abwurf,drop
innerer,inner
hannover,Hannover
claires,Claires
abstecher,detour
bereinigt,cleaned up
auskünfte,information
vierteldollar,quarter
flennen,crying
jordy,jordy
arts,arts
geschwistern,siblings
implantiert,implanted
ilse,Ilse
herfallen,to attack
überrasche,surprise
leuchtfeuer,beacon
cookies,cookies
innenministerium,Ministry of the Interior
kriegserklärung,declaration of war
selbstmorde,suicides
kratze,scabies
pitch,pitch
neurologische,neurological
stank,stank
ermöglichte,enabled
eigentumswohnung,condominium
zähler,counter
umgesetzt,implemented
robben,crawling
konsultieren,consult
beliebten,popular
mads,mads
verde,verde
osteuropa,Eastern Europe
brauchbares,useful
schleiche,sneak
gould,Gould
niedliche,cute
smokey,Smokey
lumpi,lumpi
beurlaubt,on leave
verschmelzung,merger
amara,amara
förderung,financial support
diagramm,diagram
merkur,Mercury
lahmgelegt,paralyzed
monkeys,monkeys
flüsterte,whispered
kalifornischen,Californian
wohltätige,charitable
auszuspionieren,to spy
raketenwerfer,rocket launcher
flanders,Flanders
zauberkraft,magic power
savage,savage
shilling,shilling
barrys,Barry's
benötigten,needed
geschleift,ground
zerstreuen,scatter
hagel,hail
gesimst,texted
schrille,shrill
glühbirnen,light bulbs
eleganten,elegant
begnügen,be content
schleusen,locks
ros,ros
haupttor,main gate
unterdessen,meanwhile
ahmt,mimics
ziellos,aimless
unverbesserlich,incorrigible
verpacken,pack
zurückzuführen,to be attributed
zuzufügen,to add
bekennt,confesses
nagt,gnaws
dschinn,djinn
klicks,clicks
orientieren,orient
temporale,temporal
abgegangen,departed
schalldämpfer,silencer
gestarrt,stared
gemeinnützige,non-profit
bagels,bagels
projekts,project
gesprächs,conversation
behütet,protected
durchkämmt,combs through
männerstimme,male voice
katakomben,catacombs
eindringt,penetrates
abgesandten,envoy
gehorchst,obey
flüchtlingslager,refugee camp
flirt,flirt
erhebliche,significant
standesamt,registry office
grotte,grotto
aufgelistet,listed
innig,intimate
pao,pao
angreifbar,vulnerable
bienenstock,beehive
ashton,ashton
geschrumpft,shrunken
christo,Christo
entschließen,decide
potenziellen,potential
höflicher,polite
leitest,lead
wassermelone,watermelon
abgetaucht,submerged
wenigkeit,little
vergönnt,granted
briefmarke,stamp
unverheiratet,unmarried
ungeschoren,unshorn
extras,extras
besuchs,visit
benötigst,do you need
barnaby,barnaby
berichteten,reported
südens,south
herzliche,cordial
buddhas,Buddhas
holman,holman
sterbebett,deathbed
feuerst,fire
beibrachte,taught
augäpfel,eyeballs
gesuchten,sought
blackouts,blackouts
erdenkliche,conceivable
clément,Clément
vittorio,Vittorio
drein,three
arbeitende,working
primäre,primary
award,award
miauen,meow
jetlag,jetlag
many,many
pagen,page
trojaner,Trojan
besiege,defeat
ground,ground
rosenkranz,rosary
riesengroß,enormous
dissertation,dissertation
dans,dans
flüchtlingen,refugees
bai,bai
schmeicheleien,flattery
knebel,gag
zuzuschlagen,to strike
virtuelle,virtual
einschläft,falls asleep
soon,soon
korps,corps
übereinstimmt,agrees
mitgegeben,provided
gayle,gayle
beraterin,consultant
durchführung,implementation
ausgespuckt,spat out
sechsmal,six times
gläsern,glass
beendest,finish
geschlüpft,hatched
weggeflogen,flew away
taggart,taggart
bekehren,convert
zypern,Cyprus
ratgeber,counselor
rasur,shave
gram,gram
kühles,cool
feindlich,hostile
gehaltsscheck,paycheck
mavis,mavis
mulder,mulder
cäsars,Caesar's
scherereien,troubles
dip,dip
fuentes,fuentes
virginie,virginie
aufzuholen,to catch up
phönix,Phoenix
javi,javi
juno,Juno
suzette,Suzette
drusilla,drusilla
übertrage,transfer
verscheißern,screw you over
volm,volm
testosteron,testosterone
gemailt,emailed
verbandszeug,bandages
pulaski,Pulaski
hochgegangen,went up
gefielen,liked
kuwait,Kuwait
nessi,nessi
hintrittst,you step
reinpassen,fit in
geltend,applicable
birch,birch
metaphern,metaphors
japoness,japoness
piss,piss
atomkraftwerk,nuclear power plant
vermöbeln,beat up
entblößt,exposed
flussufer,riverside
einfahren,drive in
keksen,cookies
dupont,Dupont
refrain,refrain
gremium,committee
mala,mala
scheiterte,failed
operationssaal,operating room
abgetrieben,aborted
windpocken,chickenpox
leerem,empty
riesenspaß,great fun
evangelium,Gospel
aufmachung,presentation
grundriss,floor plan
sicherheitsgurt,seatbelt
trampel,trampel
lir,lir
fahrschein,ticket
kliniken,clinics
hooper,hooper
hektik,hectic
marsmenschen,Martians
schnauzbart,mustache
benjy,benjy
oak,oak
toa,toa
schwänzt,skips
volllaufen,fill up
phelps,phelps
hallie,hallie
triumphieren,triumph
drop,drop
verschleiert,concealed
verschmutzt,dirty
dojo,dojo
dreihundert,three hundred
kralle,claw
kriegsgebiet,war zone
goro,goro
aggressiven,aggressive
sami,Sami
schnuppe,doesn't matter
hausbesuche,home visits
nomine,nomine
beaufsichtigen,supervise
voss,voss
kürzungen,reductions
ger,ger
christel,Christel
gescherzt,joking
bohrt,drills
präzedenzfall,precedent
blutegel,leech
schulze,Schulze
tusch,fanfare
gepresst,pressed
gefangennahme,capture
betätigt,activated
maybe,maybe
sellerie,celery
monolog,monologue
holprig,bumpy
abschicken,submit
unbegrenzt,unlimited
shirts,shirts
collin,collin
ives,ives
silbertablett,silver tray
fool,fool
bambus,bamboo
verschrecken,frighten
franzi,Franzi
verfaulen,rot
jalousien,blinds
tulpen,tulips
diktieren,dictate
verbleiben,remain
beträchtlich,considerably
angeschissen,pissed off
zeppelin,Zeppelin
terje,terje
gefängniszelle,prison cell
meteorit,meteorite
nacktheit,nudity
gee,gee
aang,aang
preisgeld,prize money
bezaubernden,enchanting
verhöhnt,mocked
sekretärinnen,secretaries
begingen,committed
gedenkst,do you remember
drogerie,drugstore
scotts,Scotts
losbinden,untie
irgendeines,any
blickfeld,field of vision
begabte,gifted
rave,rave
schwadron,squadron
austreten,resign
initiiert,initiated
wissenschaften,sciences
sesshaft,sedentary
unentschlossen,undecided
kanten,edge
schönling,handsome
ergreife,seize
janis,Janis
gefügig,compliant
nomad,nomad
fünft,fifth
einnimmt,takes
blies,blew
kreuzigen,crucify
nähme,take
aufzubringen,to raise
zuzuschreiben,to be attributed
schussfeld,firing range
kaffeehaus,coffee house
eingepflanzt,planted
albino,albino
hindeuten,indicate
quincy,Quincy
hoffnungsvoll,hopeful
ängstigt,frightened
heimatschutz,homeland protection
zurückzuzahlen,to pay back
anhieb,right away
perfect,perfect
polizeiliche,police
superhirn,superbrain
bunten,colorful
gekrümmt,curved
sphinx,sphinx
holzkopf,wooden head
elektronisch,electronic
häftlingen,prisoners
erhöhten,increased
halbinsel,peninsula
monument,monument
kategorien,categories
postboten,postman
sturms,storm
verpatzt,botched
angeworben,recruited
masseur,masseur
zirka,about
mützen,hats
ausnutzt,exploits
entspannter,relaxed
mongo,mongo
erdnuss,peanut
massiert,massage
damar,damar
dagorcai,dagorcai
harmlosen,harmless
industriellen,industrial
trainings,trainings
übersprungen,skipped
geruchssinn,sense of smell
genauigkeit,accuracy
verbesserungen,improvements
spirituell,spiritual
pasadena,Pasadena
dominik,Dominik
wische,wipe
gehirntumor,brain tumor
lenkst,steer
röhren,tubes
gibraltar,Gibraltar
mutigste,bravest
wachleute,guards
alfons,alfons
zerschneiden,cut
jakes,Jakes
familienangelegenheit,family matter
benefizveranstaltung,benefit event
roxy,roxy
lyta,lyta
ausstieg,exit
muttertag,Mother's Day
filmten,filmed
rumgelaufen,walked around
bekümmert,worried
elmer,Elmer
brando,Brando
elfi,elfi
aufmunterung,encouragement
kana,canal
landsmann,compatriot
begründen,justify
durchdringt,penetrates
mandela,Mandela
erdling,earthling
lagune,lagoon
matéo,matéo
grischa,Grischa
talentierter,talented
fatima,Fatima
abbeißen,bite off
freisetzen,release
drehort,filming location
liedern,songs
scheidungspapiere,divorce papers
eishockey,ice hockey
spinn,spin
finanzministerium,Ministry of Finance
elementen,elements
repräsentanten,representatives
zerfleischt,torn to pieces
ausgehungert,starved
shauna,shauna
vollstrecker,Executioner
talia,talia
gefallt,pleases
nigeria,Nigeria
drogendezernat,drug squad
quiekt,squeaks
detaillierte,detailed
streitigkeiten,disputes
hingerissen,captivated
watkins,Watkins
flippen,flip
gesaugt,vacuumed
waldemar,Waldemar
sirena,sirena
missfallen,dislike
schworen,swear
buona,good
romulanischen,Romulan
begleitete,accompanied
zehenspitzen,tiptoes
abrakadabra,abracadabra
mathison,Mathison
komponente,component
besserwisser,know-it-all
verheerend,devastating
sterilisieren,sterilize
gründet,establishes
stickig,stuffy
gore,gore
portia,Portia
animal,animal
hinkommt,It comes
hypotheken,mortgages
interdicted,interdicted
wickie,Wickie
soldier,soldier
alls,all
waffenlager,weapons depot
bettes,betes
mekka,Mecca
geschrieen,screamed
dieu,dieu
bewerbungen,applications
besaßen,owned
dill,dill
rückenschmerzen,back pain
nikolaj,Nikolaj
serbien,Serbia
dialyse,dialysis
dundee,Dundee
bürgerwehr,vigilante group
bijou,jewel
schizophren,schizophrenic
mysterien,mysteries
zuständige,responsible
garantien,guarantees
luciano,Luciano
plastische,plastic
zusammenhängt,related
wiederzukommen,to return
rahul,Rahul
sandrine,Sandrine
bueno,bueno
mariana,Mariana
sauberkeit,cleanliness
ese,es
splitternackt,stark naked
erbärmliches,pathetic
drazen,drazen
armbanduhr,wristwatch
gelüftet,ventilated
everest,Everest
strukturelle,structural
terroristin,terrorist
festmachen,fasten
suspendieren,suspend
exotischen,exotic
waisenkinder,orphans
discovery,discovery
entspannend,relaxing
nemesis,Nemesis
maskierten,masked
trav,trav
bevorstehende,upcoming
zusammenarbeitet,collaborates
senkrecht,perpendicular
abscheulichkeit,abomination
platschen,splash
sporthalle,sports hall
anzapfen,tap
schaft,shaft
broken,broken
potentielle,potential
streits,disputes
cinco,cinco
grausames,gruesome
mckinley,McKinley
marvel,marvel
janus,Janus
tolerant,tolerant
organischen,organic
irdische,earthly
tatsächliche,actual
folie,film
orgasmen,orgasms
abzweigung,branch
salaam,Salaam
folg,follow
einzuschüchtern,to intimidate
geschickter,skillful
vergewaltigungen,rapes
rekorde,records
dagewesen,been there
exfreund,ex boyfriend
carlyle,Carlyle
lebensmitteln,food
iggy,iggy
anzweifeln,doubt
bewährt,proven
rasiere,shave
winkler,Winkler
connelly,connelly
aktivierung,activation
muttersöhnchen,mama's boy
gönner,patron
koreanischen,Korean
überrollt,overrun
notice,notice
formell,formally
domingo,Sunday
kriegs,war
künstliches,artificial
moskitos,mosquitoes
monsters,monsters
tätest,would
heimsuchen,haunt
zartes,delicate
mitzi,mitzi
pornografie,pornography
harpo,harpo
spekuliert,speculates
überladen,overloaded
spartaner,Spartan
schmerzhafte,painful
kalli,Kalli
tylers,Tylers
petit,petit
eingestochen,stabbed
clement,clement
strafregister,criminal record
gebongt,booked
abhole,pick up
millennium,millennium
unterschlagen,smuggled
kneipen,pubs
humanoiden,humanoid
touché,touché
wuerde,would
knifflig,tricky
bezwungen,defeated
wascht,washes
nelken,carnations
abgeschlagen,relegated
erlischt,expires
ew,ew
halbtot,half dead
ausbrüche,outbreaks
texten,text
verstörend,disturbing
dumpfe,dull
rebecka,Rebecca
heroes,heroes
hymne,anthem
olivers,Olivers
mega,mega
stormy,stormy
unterstützer,supporters
familiengeschichte,family history
rome,Rome
gringos,Gringos
danni,Danni
sektoren,sectors
hilflose,helpless
bordstein,curb
abruf,retrieval
eriksson,eriksson
ewa,ewa
kontrollzentrum,control center
paradox,paradox
hörbar,audible
verschmiert,smeared
elenas,Elena's
eklige,disgusting
geschäftsfrau,businesswoman
stümper,bungler
lebenswert,livable
pflock,peg
graffiti,graffiti
militärpolizei,military police
ftl,ftl
fleht,pleads
sifu,Sifu
pustet,blows
anhatte,was wearing
gleichungen,equations
carr,carr
unstimmigkeiten,discrepancies
stammgast,regular customer
ampullen,ampoules
stumpfe,blunt
kaufman,kaufman
meidet,avoids
rotz,snot
ersetze,replace
charmanter,charming
zählung,count
klammert,brackets
umbau,renovation
fahrwerk,chassis
whale,whale
diszipliniert,disciplined
überbleibsel,remnants
weichst,soften
verpfuscht,botched
aufsammeln,collect
achso,Oh right
schlafenden,sleeping
getröstet,comforted
längen,lengths
audio,audio
virge,virgin
johnsons,Johnsons
samuels,Samuel's
genährt,nourished
coral,coral
präsidentschaft,presidency
vermählen,to marry
wackelpudding,jelly
soviele,so many
verfügbare,available
heat,heat
stokes,stokes
franziska,Franziska
gerissener,cunning
rhett,rhett
nominierung,nomination
zusammengehalten,held together
salutieren,salute
syncro,syncro
crewmitglied,crew member
aufdrehen,turn it up
sutherland,Sutherland
wohnhaft,residing
schienst,seemed
rodin,Rodin
anlegst,you create
schlaflose,sleepless
akute,acute
geistliche,spiritual
sonnabend,Saturday
garner,garner
mädchennamen,girl names
brewer,brewer
sechster,sixth
taschendieb,pickpocket
qu,qu
spargel,asparagus
aufgeblasen,inflated
arden,Arden
analysiere,analyze
hemisphäre,hemisphere
phalanx,phalanx
matisse,Matisse
shui,shui
uncle,uncle
verbogen,bent
logischen,logical
martinsson,Martinsson
flugplan,flight schedule
caution,caution
forensischen,forensic
franzl,Franzl
andeutung,hint
braven,brave
fessel,bondage
enthoben,removed
dänen,Danes
erdrückt,crushed
verletzend,hurtful
baseballspieler,baseball player
herberge,hostel
stuntman,stuntman
spöttisch,mocking
wachsende,growing
behandelten,treated
kevins,Kevin's
wehrst,defend
mountains,mountains
brandung,surf
staudamm,dam
steigend,rising
verschaffte,provided
abfuhr,removal
same,same
bubi,boy
abzuwehren,to ward off
beruhigst,calm down
navarro,Navarro
conor,conor
hereinkam,came in
horrorfilme,horror movies
saatgut,seeds
csi,CSI
vorräten,stockpile
richardson,richardson
abgewischt,wiped
luxemburg,Luxembourg
forces,forces
bullet,bullet
zuge,trains
familientradition,family tradition
verlieh,awarded
laufschritt,running step
auszuwählen,select
pik,spade
brieftaschen,wallets
crowe,crowe
knights,knights
leidenschaftlicher,passionate
anbrennen,burn
dinnerparty,dinner party
edinburgh,Edinburgh
einwerfen,throw
pferdeschwanz,ponytail
verwöhnte,spoiled
hörensagen,hearsay
gu,gu
antimaterie,antimatter
hülse,sleeve
ausladen,unload
chamberlain,chamberlain
step,step
erweiterung,extension
shatterhand,shatterhand
donau,Danube
einfügen,insert
schatzsuche,treasure hunt
hintergründe,backgrounds
bulldozer,bulldozer
pelt,pelt
kandidiere,I am running for office
polizeibeamten,police officers
wish,wish
nim,nim
tippt,types
anthropologie,anthropology
eigenartiges,peculiar
blinker,blinker
erringen,achieve
eintrittskarten,tickets
fummeln,fumble
shephard,shephard
nachspiel,aftermath
gewandelt,transformed
zocken,gamble
rückspiegel,rearview mirror
spotten,mocking
halstuch,scarf
mitgegangen,went with me
kunststück,stunt
betrete,enter
etappe,stage
ausgewechselt,replaced
berühmtheiten,celebrities
bände,volumes
tiefere,deeper
empfänglich,susceptible
outfits,outfits
durchschaue,see through it
aung,aung
perversion,perversion
senioren,seniors
angemessener,appropriate
rygel,Rygel
jurastudium,law studies
handbremse,handbrake
vergleicht,compares
jahrtausend,millennium
wise,wise
willste,do you want
maskenball,masquerade ball
akademiker,academics
zee,zee
kun,kun
winke,wave
utopia,Utopia
pensionierung,retirement
orsini,Orsini
elisa,Elisa
dada,dada
gleichberechtigung,equality
sicherheitsteam,security team
glich,equal
anstrengender,strenuous
unterliegen,are subject
komitees,committees
überraschende,surprising
goodwin,goodwin
ironischerweise,ironically
enrico,Enrico
kontinuum,continuum
liiert,in a relationship
gefährt,vehicle
erweiterte,extended
diplomatisch,diplomatic
oaks,oaks
hexenjagd,witch hunt
erics,Erics
pingelig,picky
qualifikation,qualification
yoda,Yoda
kap,cape
vagabund,rover
vorhersage,forecast
unehrenhaft,dishonorable
zugesetzt,added
ekelhafte,disgusting
dickens,dickens
braxton,Braxton
piötziich,piötziich
navi,navigation
kronjuwelen,crown jewels
näherte,approaching
buchte,booked
kanarienvogel,canary
nyberg,Nyberg
lenz,spring
kreml,Kremlin
zustimme,I agree
einschränken,restrict
untergekommen,accommodated
leonie,Leonie
heylia,heylia
collette,collette
auszurichten,to align
thorndyke,thorndyke
dauerhaften,permanent
bakersfield,bakersfield
arlington,arlington
raums,space
geheiß,behest
gemüter,minds
gallo,gallo
wegpusten,Blowing it away
verworfen,rejected
konvention,convention
bungalow,bungalow
auswechseln,replace
medina,Medina
those,those
welcome,welcome
ankara,Ankara
rockt,rocks
gemeinsamkeit,common ground
blutlinie,bloodline
dschihad,jihad
sonnenstrahl,sunbeam
ibrahim,Ibrahim
platin,platinum
polster,pad
verteidigte,defended
unterworfen,subjected
begeisterte,enthusiastic
anzetteln,instigate
karamell,caramel
vollstreckt,executed
avalon,Avalon
ärgernis,annoyance
glumpf,glumpf
deena,deena
umzusehen,to look around
beacon,beacon
agenturen,agencies
christophe,Christophe
zurückzuverfolgen,trace
pancho,pancho
unfehlbar,infallible
stärkung,strengthening
konkurs,bankruptcy
durand,durand
erahnen,guess
quick,quick
reptilien,reptiles
trockener,dry
dumbo,dumbo
seitens,from
mittelmäßig,mediocre
verwesung,decay
alans,Alans
desinfizieren,disinfect
dim,dim
leach,leach
personalakte,personnel file
bannen,ban
dowd,dowd
goldstein,goldstein
passion,passion
glühenden,glowing
überfielen,attacked
täler,valleys
lichtschalter,light switch
löschte,deleted
emmas,Emma's
jukebox,jukebox
verdeck,convertible top
lehrplan,curriculum
hani,hani
quill,quill
mitfliegen,fly with us
reinige,clean
bezweifelt,doubts
überschrieben,overwritten
übernachtung,overnight stay
scharen,crowds
getrennten,separate
absolviert,completed
gerissene,cunning
physiologie,physiology
befehlskette,chain of command
zarek,zarek
forensiker,forensic expert
wc,WC
kombinationen,combinations
pokerspiel,poker game
diabetiker,diabetic
todkrank,terminally ill
humbug,humbug
garvey,Garvey
silbe,syllable
excalibur,excalibur
einlochen,hole
erhaltung,conservation
bekloppte,crazy
postieren,position
vereinfachen,simplify
foxy,foxy
holbrook,holbrook
probeaufnahmen,test shots
begnadigen,pardon
irmgard,Irmgard
anlässen,occasions
ahm,ahm
somebody,somebody
flosse,fin
regenwald,rainforest
katrine,Katrine
giacomo,Giacomo
ausreicht,sufficient
brogan,brogan
göran,göran
registriere,register
cbi,cbi
rohes,raw
wiederzubeleben,to revive
chic,chic
rogue,rogue
gendarmen,gendarmes
kitchen,kitchen
aufzeigen,demonstrate
konstante,constant
klarzumachen,to make clear
unermüdlich,tireless
allerletzten,very last
ablenkt,distracts
unterrichtete,taught
einfaltspinsel,simpleton
boat,boat
vorzeigen,show
turteltäubchen,turtledoves
simplen,simple
qualle,jellyfish
geheimdienste,intelligence services
verfüttern,feed
stöckchen,stick
mitspielt,plays
schh,schh
skywalker,Skywalker
brecheisen,crowbar
gnädiges,gracious
eiskalte,ice-cold
zeitweise,temporarily
verächtlich,contemptible
schlussfolgerungen,conclusions
takumi,takumi
korrekturen,corrections
trude,trude
colton,Colton
davonzulaufen,to run away
wolfe,wolfe
fifi,fifi
gezähmt,tamed
getrocknet,dried
säßen,sat
ministerin,minister
alben,albums
konfuzius,Confucius
meide,avoid
auszug,abstract
sonderbehandlung,special treatment
menschlichem,human
ausgestreckt,stretched
homos,homos
zumuten,to expect
ent,ent
sox,sox
geraumer,some time
phänomene,phenomena
pepsi,Pepsi
kellnern,waitress
rapide,rapid
fahnden,search
rechtsabteilung,legal department
israelischen,Israeli
burrell,burrell
schlüsselloch,keyhole
angepiept,beeped
dreifacher,triple
datiert,dated
boca,boca
kenshin,Kenshin
kinderkram,childish stuff
gravitation,gravity
tafeln,panel
günstigen,affordable
ballade,ballad
schräger,weirder
steuergelder,taxpayers' money
aaaah,aaaah
loco,loco
wunderland,Wonderland
series,series
hinauszögern,delay
zusammenfassen,summarize
cady,Cady
nötigste,essential
angler,angler
wickelt,wraps
aggressionen,aggression
schlussstrich,final line
hyänen,hyenas
maui,Maui
reinsten,purest
frauenzimmer,women's room
tia,tia
cartoon,cartoon
komponisten,composers
beschützte,protected
heli,helicopter
thrace,Thrace
wüsstet,knew
lich,lich
sonntagabend,Sunday evening
ganove,crook
platzte,burst
lilie,lily
ohnezahn,Toothless
mechanik,mechanics
verdunkelt,darkened
podest,pedestal
aufschrift,inscription
tanny,tanny
shiro,Shiro
gutmütig,good-natured
täuschte,deceived
hindeutet,indicates
verwüsten,devastate
schlager,bat
lebenserwartung,life expectancy
zurückfliegen,fly back
generalsekretär,Secretary-General
cabo,cabo
slums,slums
fehlanzeige,no result
zurückgetreten,resigned
pip,pip
gefängnisses,prison
räumst,clear
tuco,tuco
vorbeigegangen,passed by
chiana,chiana
einzureden,to convince
eagles,eagles
gängen,passages
ozzie,ozzie
bezeugt,attested
oberschwester,head nurse
papperlapapp,Nonsense
serizawa,serizawa
unterlaufen,undermined
empfindungen,sensations
gewiß,certainly
krisen,crises
handele,trade
mitbekommt,notices
hülsen,pods
gnädigen,gracious
chao,chaos
tödliches,deadly
scudder,scudder
drohe,threat
liegestütze,push-ups
schwelgen,revel
vorladen,summon
unheimlicher,eerie
meghan,Meghan
wolff,Wolff
vorgewarnt,forewarned
someone,someone
bertin,Bertin
kurieren,cure
vibrationen,vibrations
schwächlinge,weaklings
bemerkenswerten,remarkable
kontrollierst,control
fußabdruck,footprint
transportmittel,means of transport
asteroid,asteroid
prächtiger,magnificent
toole,tool
moralischer,moral
verstauen,stow
sprechstunde,consultation
else,else
toupet,toupee
ohlsson,ohlsson
filialen,branches
weihen,consecrate
spule,sink
nötigung,coercion
beug,bend
dear,dear
replizieren,replicate
fettwanst,fat belly
aufregst,you're upset
elektroschocks,electric shocks
schrumpft,shrinks
begrenzen,limit
apfelsaft,apple juice
erpicht,eager
lombard,Lombard
liegenlassen,leave it lying
liebeslied,love song
hirten,shepherds
positioniert,positioned
mojo,mojo
alia,alia
tänzchen,little dance
ausgebildeter,trained
startbahn,runway
copperfield,copperfield
angefallen,incurred
schott,Schott
katheter,catheter
sicherheitsfreigabe,security release
circus,circus
präpariert,prepared
filmmusik,film music
zöpfe,braids
minneapolis,Minneapolis
emmanuel,Emmanuel
mörderischen,murderous
mühelos,effortlessly
wassermann,Aquarius
kayla,Kayla
ungewohnt,unusual
sass,sat
schwerpunkt,focus
familienvater,family man
eingeplant,planned
bergauf,uphill
gerätst,get
unweigerlich,inevitably
kampflos,without a fight
nicholson,nicholson
carters,carters
kaiserreich,empire
ermutigend,encouraging
taschenmesser,pocket knife
rinde,bark
staunst,are amazed
nellie,nellie
botschafters,ambassador
ignorierte,ignored
zuzustimmen,to agree
sehkraft,eyesight
hervorgebracht,produced
kimble,Kimble
beast,beast
verschissene,fucking
chunk,Chunk
beglückt,delighted
segnet,blesses
schienbein,shin
heimkommt,comes home
annehmlichkeiten,amenities
goldig,golden
weihe,consecration
kerstin,Kerstin
gemächer,chambers
zubehör,accesories
unverschämte,outrageous
aufregendste,most exciting
flieder,lilac
konservativen,conservative
rasseln,rattle
menschenblut,human blood
untermieter,subtenant
antreibt,drives
barrikaden,barricades
stuttgart,Stuttgart
hennen,hens
anger,anger
harv,harv
kuli,pen
rechtschaffenheit,righteousness
mucho,mucho
schuldigern,culprits
saug,suction
schwachpunkt,weak point
einschaltquoten,TV ratings
anspielungen,allusions
tusse,chick
einzuführen,to introduce
hud,hud
allerwichtigste,most important
hodge,hodge
entschädigt,compensated
hilly,hilly
cetera,cetera
beschreibungen,descriptions
rei,three
durchfahren,drive through
gläubige,believers
columbo,Columbo
gottlieb,Gottlieb
schüttle,shake
clooney,Clooney
erstatte,refund
bürgerrechte,civil rights
montague,Montague
globe,globe
caspere,Caspere
paule,Paule
eindeutigen,unambiguous
dementsprechend,accordingly
gaia,Gaia
krimis,crime novels
knackig,crisp
einschlägt,impacts
schärfe,sharpness
riesenfehler,huge mistake
vaterschaft,fatherhood
wirtschaftlichen,economic
fuji,Fuji
pochen,pounding
herumzulaufen,to walk around
eingenickt,nodded off
schwächt,weakens
unüblich,unusual
raubte,robbed
zentralbank,central bank
chihuahua,chihuahua
archäologie,archeology
tyrion,Tyrion
unternimmst,undertake
eiszeit,ice age
erschreckst,frightens
eingeflogen,flown in
müllwagen,garbage truck
rumschlagen,fighting around
fuzzy,fuzzy
geigenmusik,violin music
bjarne,Bjarne
werbespots,commercials
börsenmakler,stockbroker
vorletzte,penultimate
tieferen,deeper
einschnitt,incision
verankert,anchored
wälzen,roll
farnsworth,Farnsworth
explosiv,explosive
zusammenschlagen,beat up
wich,which
gefunkt,radio
veum,veum
kürzlichen,recent
grammatik,grammar
maskiert,masked
mammut,mammoth
erhalt,receipt
rätselhafte,mysterious
bb,bb
fielding,fielding
auszukommen,to get by
delphin,dolphin
reproduzieren,reproduce
unwesen,evil
anbau,cultivation
pauli,Pauli
computers,computers
gump,gump
italienerin,Italian woman
respektlosigkeit,disrespect
erwache,awake
sommersprossen,freckles
gouvernante,governess
lenden,lumbar
komplikation,complication
weltlichen,secular
sprengsatz,explosive device
lamont,lamont
bit,bit
carli,carli
durchsuchten,searched
bürge,guarantor
beizuwohnen,to attend
totenschein,death certificate
sprengköpfe,warheads
chemisch,chemical
umhin,around
pour,pour
kräutern,herbs
bettelte,begged
basisschiff,base ship
abgezockt,ripped off
bagger,excavator
bekanntmachung,notice
anhang,attachment
rausgehst,you go out
anwohner,residents
besitzes,possession
gegoogelt,googled
udon,udon
nami,Nami
durchbohren,pierce
hausschuhe,slippers
dienstboten,servants
menelaos,Menelaos
stunts,stunts
beamer,projector
durchstellen,through
geisteszustand,mental state
todesengel,death angel
lf,lf
zuhalten,to keep
beliebigen,any
schlaftablette,sleeping pill
frettchen,ferret
banzai,banzai
stämmen,stems
tröstlich,comforting
ammoniak,ammonia
zuweilen,sometimes
verteidigungslinie,defense line
rhea,rhea
ampeln,traffic lights
told,told
ausgeübt,exercised
rune,rune
quartett,quartet
abführmittel,laxative
haien,sharks
thefaceofboe,thefaceofboe
fahrplan,timetable
johannesburg,Johannesburg
unerkannt,unrecognized
gesät,sown
hängematte,hammock
spürten,felt
arbeitsamt,employment office
unangemeldet,unannounced
brahms,Brahms
cabot,Cabot
temperamentvoll,spirited
magnetischen,magnetic
kutte,habit
crewman,Crewman
schlachthof,slaughterhouse
akkord,chord
erschaffer,creator
bezog,referred
kastriert,castrated
zerbrochenen,broken
zuzulassen,to allow
grösse,size
steril,sterile
peinlicher,embarrassing
fügung,addition
intellektueller,intellectual
harveys,Harvey's
derartig,such
urban,urban
wrestling,wrestling
kronos,Kronos
rute,rod
eat,eat
euretwegen,Because of you
erschufen,created
rochelle,Rochelle
baupläne,building plans
gähnen,yawning
attackieren,attack
zauberwort,magic word
jang,jang
abrahams,Abraham
peseten,pesetas
roma,Roma
zorns,anger
gebrüllt,roared
hammel,mutton
sasori,sasori
manor,manor
stottlemeyer,stottlemeyer
alastair,Alastair
amazing,amazing
todernst,deadly serious
überfalls,robbery
hartmann,Hartmann
mangelnde,lack
heulte,howled
biege,bend
zertreten,trampled
punks,punks
blutspur,blood trail
richtern,judges
beweglich,movable
universen,universes
vereinbarungen,agreements
komplexen,complex
peach,peach
winger,winger
heimreise,journey home
strahlenden,radiant
erhältlich,available
jahrelange,years
fouquet,fouquet
klunker,bling
hochachtungsvoll,Respectfully
mörser,mortar
jubelrufe,cheers
nerz,mink
positiver,positive
allererst,first of all
beleben,revive
militärisches,military
nostalgie,nostalgia
egoistische,selfish
ekligen,disgusting
streiks,strikes
seal,seal
komödien,comedies
fifth,fifth
gefangenenlager,prisoner camp
quantico,quantico
golfschläger,golf clubs
ausländern,foreigners
bareil,bareil
pilzen,mushrooms
rigsby,Rigsby
abhanden,lost
dumpfbacke,dimwit
manschettenknöpfe,cufflinks
auspuff,exhaust
landon,landon
unternehme,undertake
elektrischer,electrical
schussweite,firing range
vollkommener,perfect
schweigend,silent
quiz,quiz
housewives,housewives
heimtückisch,insidious
reichst,you
gräbst,dig
vordringen,advance
vertagen,postpone
basierte,based
kampflaute,battle cries
verlagern,relocate
entjungfert,deflowered
imponieren,impress
lexikon,lexicon
koreanisch,Korean
flausen,foolishness
stieftochter,stepdaughter
ungesehen,unseen
mayhew,Mayhew
auftauche,appear
eugen,Eugene
britisch,British
hagrid,Hagrid
selbstjustiz,vigilante justice
schlaflied,lullaby
hohle,cave
schnucki,sweetie
idefix,idefix
vietnamesen,Vietnamese
panzern,tanks
codewort,codeword
squad,squad
dunne,thin
krabbeln,crawl
coo,coo
jacksonville,Jacksonville
heintje,Heintje
irish,Irish
mano,mano
befehligt,commands
hochjagen,high-pressure system
künstlerisch,artistic
winchesters,Winchesters
aufwischen,wipe up
zwitschert,chirps
cunningham,Cunningham
spielzeit,playing time
bitches,bitches
salinger,Salinger
begrenzten,limited
violett,violet
ausschlagen,to fail
unbedeutende,insignificant
bevorzugte,preferred
hackte,hacked
plattfuß,flat foot
zahlenmäßig,numerically
einhalt,Stop
erntet,harvests
anhat,anhat
führungskräfte,management
fratze,grimace
grinch,Grinch
teamwork,teamwork
dodd,dodd
wissenschaftliches,scientific
vertigo,vertigo
bonsoir,bonsoir
lower,lower
messers,knife
angedockt,docked
fröhlichkeit,happiness
widerst,resist
exklusive,exclusive
australier,Australian
mitmache,join
kleineres,smaller
steppe,steppe
andromeda,andromeda
château,chateau
gase,gases
prachtkerl,Magnificent fellow
vermassel,messed up
kendal,kendal
felle,furs
faszination,fascination
windmühle,windmill
fromme,pious
lassiter,lassiter
schulabschluss,school leaving certificate
tauch,dive
ernstfall,emergency
bezirzt,charmed
unterwerfung,submission
gwendolyn,Gwendolyn
raufgehen,go up
fanta,Fanta
überlebenschance,chance of survival
theatre,theatre
grübchen,dimple
qualifikationen,qualifications
whole,whole
eloise,eloise
lã,lã
niles,Niles
todesliste,death list
loslässt,lets go
matthäus,Matthew
hatch,hatch
upgrade,upgrade
faulheit,idleness
fußballer,footballer
freudige,joyful
med,med
familienname,surname
gefrorene,frozen
veröffentlichte,published
aufschieben,postpone
rechtssystem,legal system
gekappt,cut off
handelten,acted
medusa,Medusa
johnnys,Johnny's
slips,briefs
hecken,hedges
riecher,nose
marlow,Marlow
durchführt,carries out
nische,niche
zuvorgekommen,preempted
stech,stab
befugnisse,powers
trisha,Trisha
endstadium,final stage
ebba,ebba
neugeborene,newborn
aasgeier,vulture
ela,ela
verträgst,can tolerate
racer,racer
odie,odie
spionen,spies
geldprobleme,money problems
verprügelte,beaten
anzumachen,to turn on
schniedel,penis
striptease,striptease
zufriedenstellend,satisfactory
anmerkungen,notes
börge,börge
landeanflug,landing approach
schlepper,tractor
synchron,synchronous
kubus,cube
funker,radio operator
harmonische,harmonious
reimen,rhyme
sit,sit
found,found
untertrieben,understated
kondition,condition
kuriere,couriers
übersetze,translate
tröpfchen,droplet
dreckloch,filthy hole
foltert,tortures
myself,myself
bologna,bologna
schamgefühl,sense of shame
speisewagen,dining car
schund,trash
pitbull,pitbull
lauras,Laura's
theaters,theaters
ungutes,bad
voreinander,in front of each other
saudi,Saudi
looking,looking
ordnete,ordered
hinzukriegen,to manage
flirtest,flirt
talking,talking
einzukaufen,to shop
freches,cheeky
kutschen,carriages
kriegsende,end of the war
saftige,juicy
maat,maat
zeugnisse,certificates
retterin,rescuer
fertiggestellt,completed
belüge,lie
ampulle,ampoule
bohnenstange,beanpole
mineralien,minerals
wiederholungen,repetitions
abschiedsparty,farewell party
geistiger,spiritual
ausradiert,erased
fernsehserie,TV series
bedürftigen,needy
auszufüllen,to fill out
cafés,cafes
genialität,genius
checkst,checkst
junction,junction
zitterte,trembled
wespe,wasp
ricks,ricks
button,button
daley,daley
haarig,haired
trunk,trunk
untersuchten,examined
ehepartner,spouse
hintergeht,deceived
dm,dm
script,script
volleyball,volleyball
sellers,sellers
wanderst,hike
nachbesprechung,debriefing
versklavt,enslaved
jonglieren,juggle
theta,theta
angebaggert,hit on
bestätigten,confirmed
währen,during
organisiertes,organized
berüchtigt,notorious
schokoladenkuchen,chocolate cake
kapern,hijack
unangenehmer,unpleasant
schönheitssalon,beauty salon
nachprüfen,check
akbar,Akbar
next,next
bestellten,ordered
befehlt,commands
schnauzer,schnauzer
fändest,would you find
geeigneter,suitable
loker,loose
kerbe,score
bewerfen,throw
versperren,block
ausräumen,clear out
überprüfst,check
sona,sona
bagchi,bagchi
chiang,Chiang
formwandler,shapeshifter
verschütten,spill
mutiert,mutated
vertiefen,deepen
alleinsein,to be alone
promenade,promenade
feuerleiter,fire escape
schaun,look
artur,Arthur
unbewohnt,uninhabited
exquisit,exquisite
tatsächlichen,actual
rocket,rocket
minze,mint
etabliert,established
khaleesi,Khaleesi
akkorde,chords
mouna,mouna
räubern,robbers
shug,shug
begab,went
fehltritt,misstep
hebräer,Hebrews
zuzuschauen,to watch
versetz,displaced
weihrauch,incense
mittelalterliche,medieval
abgewöhnen,break the habit
paparazzi,paparazzi
romulanern,Romulans
dafur,for that
nachtschatten,nightshade
roach,roach
mechanischen,mechanical
feuerwehrleute,firefighters
bezeichnete,designated
sperrstunde,closing hour
sorgten,caused
klinisch,clinical
voraussehen,predict
scherzkeks,joker
deckst,cover
grat,ridge
petrov,Petrov
odum,Odum
harpune,harpoon
zobelle,zobelle
gondel,gondola
anlauf,start
abfallen,fall off
runterbringen,bring down
mikroben,microbes
herumstehen,standing around
enzyklopädie,encyclopedia
weltmeisterschaft,world championship
umgehört,I asked around
entsenden,send
mattie,Mattie
wiegst,weigh
versuchungen,temptations
perspektiven,perspectives
beherbergt,accommodate
klinischen,clinical
kaylie,Kaylie
schaltest,switch
erbeutet,captured
serien,series
timo,timo
scheisskerl,bastard
bitterkeit,bitterness
kameradschaft,comradeship
verstöße,violations
vergangenes,past
market,market
aufmischen,mix up
kriegerin,warrior
deanie,deanie
mitunter,sometimes
libyen,Libya
gru,gru
leichensack,body bag
frey,frey
braga,Braga
kreativer,creative
abbrennen,burn
sweatshirt,sweatshirt
orkan,hurricane
rumgehangen,hung around
umkreist,surrounded
haynes,Haynes
hinreißen,captivate
dampfbad,steam bath
nachschlagen,look up
sümpfe,swamps
angesehenen,respected
passwörter,passwords
aufzubewahren,to store
dozent,lecturer
erdal,Erdal
forderten,demanded
soames,soames
deckard,Deckard
wehmütige,wistful
speere,spears
blindes,blind
hobbit,hobbit
andys,andy's
zehntausende,tens of thousands
entmutigen,discourage
geschmückt,decorated
frederik,Frederik
ausdrucken,print
schlosser,locksmith
triumphale,triumphant
stündlich,hourly
überzeugende,convincing
wegläuft,runs away
wechselst,switch
fertigzumachen,to finish
bildlich,figuratively
ausgeschieden,eliminated
tapferes,brave
quagmire,quagmire
rage,rage
mobilisiert,mobilized
galle,bile
verkörpern,embody
gegebenen,given
ministers,ministers
starkem,strong
caris,caris
bezichtigt,accused
reece,reece
grobian,ruffian
losschicken,send
möhren,carrots
cato,Cato
ravens,ravens
begehe,commit
hansson,Hanson
großartigste,greatest
gedeiht,thrives
armenier,Armenians
sinnloses,pointless
bemerkbar,noticeable
evas,evas
bowlingbahn,bowling alley
ausgeschlagen,knocked out
frischem,fresh
abwimmeln,to brush off
yamamoto,yamamoto
kotflügel,fender
diva,diva
quarks,quarks
annullieren,cancel
kognak,cognac
rumschnüffeln,snooping around
yun,yun
marleen,Marleen
erzürnt,angered
teuersten,most expensive
knalle,bang
brauerei,brewery
killt,kills
zwischenfälle,incidents
cilly,cilly
automat,automatic
rennens,race
flugzeugträger,aircraft carrier
fangfrage,trick question
nutz,use
hungriger,hungry
bierko,bierko
schmackhaft,tasty
gummibärchen,gummy bears
astronomie,astronomy
selbsthilfegruppe,self-help group
ssen,ssen
medford,medford
stürmer,striker
zweitausend,two thousand
aufgeregte,excited
verschossen,shot
frühes,early
anregend,stimulating
abendkleid,evening dress
hinterhältiger,treacherous
klitoris,clitoris
charity,charity
banana,banana
zeichnest,draw
hendrik,Hendrik
chappelle,chapel
versah,provided
schwanken,vary
fresst,eats
beschuldigten,accused
fixieren,fix
gemeistert,mastered
bestiegen,climbed
gehweg,sidewalk
marino,marino
mietete,rented
frühzeitig,early
feindlicher,hostile
hoffnungslosen,hopeless
eeg,eeg
geschahen,happened
fernbleiben,stay away
ausgelaugt,exhausted
erliegen,succumb
zerdrückt,crushed
melville,Melville
südliche,southern
sosuke,sosuke
rosita,rosita
dussel,fool
tulsa,tulsa
colonial,colonial
schüsseln,bowls
stromversorgung,power supply
momentanen,current
kontrollpunkt,checkpoint
hodges,hodges
galant,gallant
blumenladen,flower shop
zermalmen,crush
weltordnung,world order
vollbringt,accomplishes
pflichtverteidiger,court-appointed lawyer
bemüh,effort
entbindung,childbirth
walhalla,Walhalla
mitgefahren,rode along
vorgaben,specifications
gefängnisstrafe,prison sentence
stammelt,stammers
nitro,nitro
abbezahlt,paid off
schweitzer,Schweizer
wüstling,vagrant
abschlussklasse,graduating class
liesl,liesl
entschuldigte,apologized
blasse,paleness
beordert,ordered
kardinäle,cardinals
nachweis,proof
klebte,stuck
nebenher,in addition
etablissement,establishment
groupies,groupies
frommen,pious
irgendwelches,any
armenhaus,poorhouse
relaxen,relax
übte,practiced
dci,dci
weibliches,female
abzieht,deducts
geschlechtskrankheiten,sexually transmitted diseases
gesenkt,lowered
motorboot,motorboat
area,area
diversen,various
konsum,consumption
flirte,flirt
vorzugeben,to specify
visuellen,visual
zahllose,countless
städtische,municipal
anschlägen,attacks
windes,wind
rauskriegt,finds out
unaufhaltsam,unstoppable
demzufolge,consequently
unkompliziert,uncomplicated
augenbraue,eyebrow
healy,healy
deirdre,deirdre
abgestochen,stabbed
abgestoßen,repelled
child,child
feldherr,general
verlassenes,abandoned
russlands,Russia's
klos,toilets
steuererklärung,tax return
nörgeln,complain
rittern,knights
gardens,gardens
gant,gant
anbehalten,keep on
straßenlärm,street noise
schäbige,shabby
boshaft,malicious
erneuerung,renewal
anhängern,followers
küchenchef,head chef
versetze,offset
fensterläden,window shutters
blöken,bleating
asami,asami
range,range
schulgeld,school fees
verne,verne
carls,Carls
zuwendung,grant
beifahrersitz,passenger seat
bretagne,Brittany
jessup,jessup
vogels,bird
homerun,home run
feststellung,finding
vorhergesehen,predicted
killian,killian
uli,uli
schwächste,weakest
getöse,noise
neurale,neural
auftragsmörder,contract killer
fernsteuerung,remote control
vorausgesehen,predicted
stillschweigen,silence
kühlt,cools
chamäleon,chameleon
verantwortungsvoll,responsible
sezieren,dissect
eisigen,icy
flüssen,rivers
investment,investment
iraner,Iranians
murmeltier,marmot
aufleben,reviv
beige,beige
jia,jia
effie,Effie
mans,man
losmachen,loosen
unterkommen,accommodation
oral,orally
late,late
veranlagt,predisposed
reinkarnation,reincarnation
exfreundin,ex girlfriend
fotoapparat,camera
jämmerliche,miserable
zweifelte,doubted
auftanken,refuel
neugierigen,curious
tiefgründig,profound
zeitliche,temporal
elixier,elixir
geschaltet,switched
moll,minor
zurückgeht,goes back
unze,ounce
patentante,godmother
turin,Turin
racine,racine
befruchtung,fertilization
motelzimmer,motel room
kau,kau
lupus,lupus
rc,rc
segelboot,sailboat
hurenbock,whoremonger
keime,germs
forelle,trout
stimulieren,stimulate
paramount,Paramount
südstaatler,southern
ausländischer,foreign
vorbehalte,reservations
weitersagen,spread the word
einleitung,introduction
herrscherin,ruler
garland,garland
abzubringen,to dissuade
smile,smile
matter,matter
gehege,enclosure
rekorder,recorder
berserker,berserker
verreise,travel
entspannst,You relax
kensington,Kensington
fasan,pheasant
ablesen,read
chérie,chérie
schmuggelt,smuggles
shut,shut
terroranschlag,terror attack
deportiert,deported
eleganter,elegant
versank,sank
vorsehen,provide
etablieren,establish
brünett,brunette
entfesselt,unleashed
rheuma,rheumatism
vaterunser,Lord's Prayer
flippte,flipped
kartoffelbrei,mashed potatoes
eingesprungen,stepped in
persien,Persia
umkippen,tip over
archäologe,archaeologist
demonstrationen,demonstrations
lepra,leprosy
flussaufwärts,upstream
fallschirme,parachutes
anfeuern,cheer
gürtellinie,waistline
jubei,jubei
weigerung,refusal
lowe,lion
riva,riva
stadtverwaltung,city ​​administration
furchteinflößend,terrifying
brandneue,brand new
geschätzter,estimated
project,project
alkoholproblem,alcohol problem
mäuler,mouths
streichmusik,string music
geschäftsführerin,managing director
negatives,negative
schatzmeister,treasurer
verticken,sell
eisig,icy
terence,Terence
huey,huey
pilates,Pilates
pookie,pookie
mambo,mambo
capital,capital
quallen,jellyfish
eingeatmet,inhaled
hachi,hachi
abbie,turn
befindest,are
jährigen,year-old
verratet,reveals
verbliebenen,remaining
termiten,termites
nervöse,nervous
tierischen,animal
heruntergeladen,downloaded
cally,cally
store,store
kontaktierte,contacted
feuerwerkskörper,fireworks
vane,vane
schwirren,swirling
zerocl,zerocl
beunruhigung,concern
schmale,narrow
ideologie,ideology
hogue,hogue
sméagol,sméagol
verfrüht,premature
geatmet,breathed
abgewehrt,repelled
kiko,kiko
bandenkrieg,gang war
noonan,noonan
godfrey,godfrey
vorgegangen,proceeded
bereitstellen,provide
magengeschwür,stomach ulcer
diablo,Diablo
bed,bed
harakiri,harakiri
direktem,direct
buongiorno,buongiorno
urplötzlich,suddenly
ausrücken,to move out
twilight,Twilight
hierhergebracht,brought here
atomare,atomic
pollen,pollen
fin,fin
energiefeld,energy field
einlade,invite
haßt,hates
jeffries,Jeffries
turban,turban
überlebender,survivor
didn,didn
vollgepumpt,pumped full
krebse,crabs
hieraus,from this
aufstehe,get up
mögliches,possible
gabriella,Gabriela
günstige,affordable
differenz,difference
eiweiß,protein
kochbuch,cookbook
delikatesse,delicacy
elfe,elf
belebt,revives
piccolo,piccolo
arbeitslosen,unemployed
aufzusetzen,to set up
mitspieler,teammates
hergerissen,torn
vee,vee
rachels,Rachel's
wrong,wrong
halluziniert,hallucinates
udssr,USSR
bingley,binley
intrige,intrigue
kaufleute,merchants
häufchen,little piles
sterblichkeit,mortality
drangen,urges
weggehe,go away
teekanne,teapot
palmers,palmers
ägyptens,Egypt
meadow,meadow
entdecker,explorer
erträglich,bearable
joeys,joeys
heimlicher,secretive
grants,grants
personalien,personal details
hochhalten,hold up
rekonstruktion,reconstruction
unbegrenzte,unlimited
nachlaufen,chasing after
pappe,cardboard
kreation,creation
halsey,Halsey
norwegischen,Norwegian
externe,external
schah,Shah
hieltest,held
carmela,Carmela
fahrten,journeys
gazelle,gazelle
bedeutendes,significant
gerichtstermin,court date
unbeschadet,undamaged
fremdgehen,cheat
coles,Coles
behüten,protect
herausfanden,discovered
spülung,flush
bewahrst,preserve
corn,corn
blutgerinnsel,blood clot
amar,amar
rückgabe,return
matuschek,matuschek
erschlug,killed
miho,miho
precious,precious
telepathische,telepathic
weltkrieges,World War
hochgezogen,pulled up
quietschende,squeaking
leidner,leidner
lästigen,annoying
versteinert,petrified
grüsse,greetings
ibiza,Ibiza
eddington,Eddington
beer,beer
allzeit,always
südseite,south side
pump,pump
pediküre,pedicure
cuba,cuba
gefaltet,folded
einfliegen,fly in
ausgebeutet,exploited
annähen,sew
sichtbaren,visible
juristisch,legal
gertie,Gertie
heisenberg,Heisenberg
giselle,Giselle
vöglein,little bird
indischer,Indian
wunderte,wondered
zielpersonen,target persons
komponieren,compose
andrei,andrei
stillwell,stillwell
brennendes,burning
eurotape,eurotape
tageszeit,time of day
geigen,violins
pompeji,Pompeii
einweisung,instruction
hotline,hotline
ehrenamtlich,voluntarily
canning,canning
chorgesang,choral singing
ställen,stables
somalia,Somalia
paddel,paddle
parry,parry
übergriff,assault
relevanz,relevance
kokosnüsse,coconuts
verleiten,entice
auslöste,triggered
systemen,systems
öden,dreary
joni,joni
lebenswichtig,vital
attentate,assassinations
eriksen,Eriksen
identische,identical
ration,ration
berechenbar,predictable
delegierten,delegates
gewählten,selected
fortune,fortune
mitbringe,bring
baumes,tree
hotch,hotch
abtauchen,dive
eingeweiden,entrails
melancholie,melancholy
stoppschild,stop sign
chronische,chronic
fazit,conclusion
unvorhersehbar,unpredictable
bequemen,comfortable
drag,drag
schmerzensschreie,cries of pain
input,input
iranischen,Iranian
tröste,comfort
blutkreislauf,circulatory system
nobis,nobis
sedja,sedja
metz,Metz
gelinde,mild
louisa,Louisa
ungelösten,unsolved
neuralen,neural
komposition,composition
zeitgefühl,sense of time
melodramatisch,melodramatic
vitrine,display case
ausleben,live out
anstiftung,incitement
kennenlerne,get to know each other
behaupteten,claimed
einheimischer,local
hingegeben,surrendered
jims,Jim's
nuggets,nuggets
remember,remember
kongressabgeordneten,congressman
krematorium,crematorium
müllmann,garbage collector
spannendes,exciting
primus,primus
penicillin,penicillin
vormittags,morning
intensiven,intensive
anreden,address
gard,gard
entscheidender,crucial
isn,isn
feinheiten,subtleties
zenturio,centurion
wiederkehr,return
mitfühlend,compassionate
weihnachtstag,Christmas Day
eastwood,Eastwood
rollenspiel,role-playing game
work,work
trügt,deceptive
nähmaschine,sewing machine
heimatplaneten,home planet
einbahnstraße,one way street
lear,learn
abgeschirmt,shielded
hausherr,landlord
versteckspiel,hide and seek
gupta,gupta
flüssiges,liquid
atheist,atheist
eldridge,Eldridge
früchten,fruits
save,save
niedergestochen,stabbed
litten,suffered
zuvorkommen,prioritize
stricher,pimp
keyes,keyes
faszinierendes,fascinating
giuliano,Giuliano
thymian,thyme
ipad,iPad
hap,hap
kaffeepause,coffee break
himmelreich,kingdom of heaven
baumann,Baumann
adiós,adiós
verfolgungswahn,paranoia
fergus,fergus
wertlose,worthless
schicksale,fates
kenna,Kenna
einstellt,adjusts
ludovic,ludovic
doofen,stupid
bleiche,bleach
dessous,lingerie
angeboren,innate
jurij,jurij
mattis,Mattis
zimmergenossen,roommates
verbeugt,bows
yuma,Yuma
höfliche,polite
rumgetrieben,wandering around
hasses,hate
gelinkt,linked
verordnet,prescribed
quäle,torment
beißer,biter
unterhändler,negotiator
behandele,treat
fraser,fraser
armada,armada
algorithmen,algorithms
übersinnliche,psychic
treibsand,quicksand
ausgeheckt,hatched
assimilieren,assimilate
todeszelle,death row
amys,Amy's
moser,moser
ingram,ingram
statisten,extras
agnès,Agnes
wessex,Wessex
mönchen,monks
verblödet,stupid
schreiner,joiner
unmögliches,impossible
abschlussprüfung,final exam
yup,yup
silikon,silicone
neely,neely
wegstecken,to put away
verweis,reference
mausi,mouse
zulu,Zulu
unsichtbarer,invisible
reform,reform
küchentisch,kitchen table
hauptrollen,main roles
verkäufe,sales
geblufft,bluffed
baratheon,Baratheon
schnellstraße,expressway
netzwerke,networks
singende,singing
sanftes,gentle
marla,Marla
kastrieren,castrate
prägen,imprint
waffenhandel,arms trade
rebelliert,rebelled
schwermütige,melancholy
volker,Volker
dice,dice
künstlers,artist
verstärkte,reinforced
seinerzeit,at that time
nairobi,Nairobi
germain,Germain
kühlraum,cold storage
absprechen,agree
torten,cakes
ausbaden,to bear the brunt
steppen,steppe
gallien,Gaul
vorbehalten,reserved
müßten,would have to
vermeidet,avoids
wegbeschreibung,directions
todsünde,mortal sin
hickok,hickok
telefonistin,telephone operator
günter,Günter
zimmerman,Zimmerman
krämer,chandler
maßlos,excessive
undankbares,ungrateful
oberkellner,head waiter
luz,luz
quadrant,quadrant
vortanzen,audition
weiterzuziehen,to move on
helo,helo
cochise,cochise
suits,suits
fade,fade
schiefe,slanted
spuckst,spit
immobilienmakler,real estate agent
hausnummer,house number
liebevollen,loving
baht,baht
diktiert,dictated
lavon,lavon
realer,real
glaubtest,you believed
verkürzt,shortened
hypnotisieren,hypnotize
own,own
körbchen,basket
nachgewiesen,proven
erwar,he was
nike,nike
camus,camus
transporte,transport
aufging,opened
cassius,Cassius
ausbreitung,spread
abtrocknen,dry
tischgebet,table prayer
nachahmer,imitators
hinwegzukommen,to get over
erscheinungen,appearances
plötzlicher,sudden
königreiches,kingdom
vasquez,vasquez
besorgter,concerned
verruf,disrepute
zuverlässiger,reliable
verschmolzen,merged
janek,Janek
cartouche,cartridge
teyla,teyla
fulci,fulci
funktionierende,functioning
xanax,xanax
einmarschieren,invade
berauschend,exhilarating
bezirks,district
preiszugeben,to reveal
zopf,plait
gloucester,Gloucester
arschgeige,asshole
kundschafter,scout
rembrandt,Rembrandt
rising,rising
ließest,you
cosette,Cosette
anzuvertrauen,to entrust
vertraulichen,confidential
credits,credits
bezwecken,aim
transmission,transmission
tribute,tribute
schmiert,lubricates
omelette,omelette
cory,cory
erlernt,learned
aufenthaltsraum,lounge
sloane,sloane
eindämmungsfeld,containment area
rugby,rugby
verlang,demand
befehligen,command
hängte,hung
morse,Morse
immigranten,immigrants
pudern,powder
tatjana,Tatjana
vollendung,completion
einnahme,income
ausgeflogen,flown out
verbarrikadiert,barricaded
ihrs,hers
curnow,curnow
schwerverbrecher,serious criminals
transvestit,transvestite
begeisterter,enthusiastic
quälte,tormented
strategischen,strategic
geborener,born
steckdose,power outlet
herschicken,send here
eifersüchtige,jealous
zusammenzusetzen,to assemble
schrägen,slanted
rumänisch,Romanian
originals,originals
ausgesorgt,financially secure
nordsee,North Sea
parkinson,Parkinson
zeitalters,age
modus,mode
parkplätze,parking spaces
schalom,Shalom
genötigt,forced
zanken,bicker
unabhängiger,independent
geheimnisvoller,mysterious
aufrichten,erect
stollen,stollen
naschen,snacking
reparierst,repair
verstandes,understanding
blum,blum
tadashi,tadashi
leichtsinn,recklessness
krawall,riot
fahrerin,driver
pute,turkey
gigolo,gigolo
imaginären,imaginary
oval,oval
allergische,allergic
brüllte,roared
bogart,Bogart
vickie,Vickie
stehenden,standing
williamsburg,Williamsburg
vortrefflich,excellent
wütet,rages
anhielt,stopped
gör,brat
zeitungsartikel,newspaper article
alamo,alamo
gelee,jelly
rettungsschwimmer,lifeguard
zahnfleisch,gums
piero,Piero
bobs,bobs
atemwege,airways
einbricht,breaks in
umgeworfen,knocked over
mexikanischer,Mexican
import,import
massenvernichtungswaffen,weapons of mass destruction
rindvieh,cattle
familienleben,family life
anarchisten,anarchists
milchshake,milkshake
zwergen,dwarves
carrolls,Carroll's
raffinerie,refinery
erregte,excited
kates,Kate's
großmütig,generous
mittellos,destitute
schallplatten,vinyl records
verbleibenden,remaining
sicherheitszone,security zone
spezialeffekte,special effects
dienstgrad,rank
adlige,noble
durchlöchert,perforated
produktiv,productive
aktualisieren,update
rawls,rawls
toyota,Toyota
umleitung,detour
psi,psi
durchkreuzen,thwart
abschaffen,abolish
indonesien,Indonesia
rt,rt
abspann,end credits
sana,sana
einsätzen,deployments
abfangkurs,Intercept course
senats,senate
negromanus,negromanus
weinten,cried
untersuchungsrichter,investigating judge
kristin,Kristin
zin,zin
verschiedenes,various
unvermeidliche,unavoidable
raststätte,rest stop
ordinär,ordinary
tone,tone
arschficker,assfucker
rosario,rosario
erbte,inherited
resonanz,resonance
walkers,walkers
lindert,relieves
drogenabhängig,drug addict
fiesling,villain
cottage,cottage
saht,saw
photos,photos
meinungsverschiedenheiten,disagreements
fillmore,fillmore
intern,internal
divisionen,divisions
ersuche,request
lindas,Linda's
anziehst,wear
kline,kline
tough,tough
wunderbarste,most wonderful
angetrunken,drunk
dackel,dachshund
trautes,intimate
organen,organs
obsession,obsession
patel,Patel
bügel,iron
friday,Friday
tunesien,Tunisia
unwiderruflich,irrevocably
durchwühlen,rummaging through
goldmünzen,gold coins
turteltauben,turtledoves
errungenschaften,achievements
vorzuschlagen,to propose
lemmy,Lemmy
aussenden,send
ny,ny
drangekriegt,got it
klapperschlange,rattlesnake
frisieren,hairstyling
mausoleum,mausoleum
plymouth,Plymouth
piney,piney
ietzten,last
viv,viv
loyale,loyal
bunch,bunch
gaspedal,accelerator
peinlichkeit,embarrassment
amtlich,official
sondermeldung,special announcement
lieferten,delivered
durchgeknallten,crazy
ehrwürdiger,venerable
jule,jule
präsentierte,presented
unsereins,us
nationalität,nationality
beschädigten,damaged
filip,Filip
kohlenstoff,carbon
wüsten,deserts
slam,slam
hee,hee
zurückerobern,reclaim
tatorten,crime scenes
urinieren,urinate
win,win
näheres,more details
roses,roses
agamemnon,Agamemnon
verflogen,vanished
kümmerten,cared
gefiele,I would like
hinknien,kneel
lehrreich,instructive
teamgeist,team spirit
übertreibung,exaggeration
todestrakt,death row
nona,nona
eingezahlt,deposited
reza,reza
fenton,fenton
ausspricht,pronounces
prothese,prosthesis
fälschlicherweise,mistakenly
verbotenes,forbidden
dink,drink
feiges,cowardly
krönen,crown
plissken,pleats
pollock,pollock
masao,masao
dringlichkeit,urgency
regulären,regular
sprotte,sprat
übersicht,overview
comtesse,countess
spiderman,spiderman
patricks,Patrick's
abzuliefern,to deliver
raffinierte,sophisticated
konzil,council
lächerlicher,ridiculous
desertiert,deserted
yar,yar
weiblichkeit,femininity
adaption,adaptation
anstrengende,strenuous
überrumpeln,overwhelm
tagein,day in
bobbie,bobbie
quell,source
paine,paine
dicky,dicky
abweichungen,deviations
walross,walrus
wilfred,Wilfred
kuschelig,cuddly
versteigerung,auction
akkordeon,accordion
taktlos,tactless
erarbeitet,developed
autobombe,car bomb
trace,trace
zudrücken,squeeze
palästinenser,Palestinians
dukes,Dukes
spanisches,Spanish
baton,baton
eingangshalle,entrance hall
belauschen,eavesdropping
generalprobe,dress rehearsal
beibringt,teaches
kürbisse,pumpkins
umringt,surrounded
takahashi,takahashi
kapseln,capsules
sakrament,sacrament
doing,doing
lefty,lefty
arschtritt,kick in the ass
klausel,clause
durchblick,insight
einzugestehen,to admit
svetlana,Svetlana
flüsterst,whisper
wegzubringen,to remove
boxkampf,boxing match
vergesslich,forgetful
vorgehabt,planned
étienne,étienne
abmachen,Agree
knöpf,button
hanne,Hanne
valdez,Valdez
brubaker,brubaker
boiler,boiler
weiterzugeben,to pass on
verzögerungen,delays
erkauft,he buys
schönstes,most beautiful
betrittst,you enter
mikhail,Mikhail
geisteskranke,mentally ill
mariah,Mariah
probierte,tried
euphorie,euphoria
weißte,you know
pocahontas,Pocahontas
kari,kari
milk,milk
geheimpolizei,secret police
riskier,risk
diadem,diadem
birds,birds
traumatisch,traumatic
tolstoi,Tolstoy
unrealistisch,unrealistic
sparst,save
caddy,caddy
woodward,woodward
umwandeln,convert
linux,Linux
broschüren,brochures
mobilen,mobile
dit,dit
bela,bela
stromberg,Stromberg
erstgeborenen,firstborn
nervenklinik,psychiatric clinic
koordiniert,coordinates
erfundene,invented
waschsalon,laundromat
neugierige,curious
gekühlt,chilled
abriss,demolition
basar,bazaar
rausfliegen,get kicked out
kampfstationen,battle stations
taifun,typhoon
finderlohn,finder's fee
petersilie,parsley
entferntes,distant
abendschule,evening school
yeung,yeung
trenton,Trenton
dienstaufsicht,supervisory authority
rumpel,rumble
einzelnes,single
sterbend,dying
zauberhaften,magical
algebra,algebra
christlich,Christian
überschlagen,estimate
minimale,minimal
flughöhe,flight altitude
vw,VW
ox,ox
reformen,reforms
foggy,foggy
abreist,departs
schnipp,snip
gotteslästerung,blasphemy
ramse,ramse
bemerkenswerter,remarkable
sheba,sheba
medical,medical
kneift,pinches
watte,cotton wool
stinkig,stinky
kontostand,account balance
einzusammeln,to collect
lagert,stores
erröten,blush
vorzeitige,premature
kellnerinnen,waitresses
zutreffend,applicable
wacker,brave
skalp,scalp
vincke,vincke
widder,Aries
hämmert,hammers
göteborg,Gothenburg
mustern,pattern
identifizierten,identified
umstellung,changeover
jammerschade,What a shame!
verschiebe,postpone
meilenstein,milestone
sternenflottenkommando,Starfleet Command
gebessert,improved
arya,arya
schrecklichste,most terrible
frankensteins,Frankenstein's
gicht,gout
eph,eph
flotter,faster
mordermittlung,murder investigation
anzurühren,to touch
jod,iodine
gesegneten,blessed
harken,rake
parallelen,parallels
angelächelt,smiled
schnappdudel,schnappdudel
stavros,Stavros
neo,neo
befrage,question
aphrodite,Aphrodite
bestreite,I deny
shalom,shalom
direktoren,directors
flip,flip
whip,whip
clear,clear
nachtclubs,nightclubs
grundausbildung,basic training
heuchlerin,hypocrite
bukarest,Bucharest
pancakes,pancakes
niedlichen,cute
sung,sung
verbreite,spread
granit,granite
backup,backup
jenn,Jenn
durchsuchte,searched
verleihe,lend
überlegene,superior
schweinereien,dirty tricks
bedenkzeit,time to think it over
raffinierter,refined
hingehalten,Kept waiting
muy,very
tribunal,tribunal
christiane,Christiane
experiments,experiments
pornostar,porn star
para,para
unbarmherzig,merciless
verweigere,refuse
hinziehen,move
kohlendioxid,carbon dioxide
gebremst,braked
mitbringst,you bring
einerlei,no matter
außerirdisches,extraterrestrial
martok,Martok
ml,ml
muttermilch,breast milk
pechsträhne,bad luck streak
steuerbehörde,tax authority
wichsern,masturbating
anstehen,queue
graut,gray
kühnheit,audacity
grete,Grete
auflagen,requirements
fischbein,fishbone
hauptverdächtiger,main suspect
schwenkt,swivels
frechen,cheeky
zora,Zora
jupp,yupp
zielte,aimed
weltrekord,world record
laber,blah
beängstigende,frightening
genauestens,very precisely
gunderson,Gunderson
wegsehen,look away
allmächtig,almighty
herkriegen,get it
solonius,Solonius
galten,applied
rumhängt,hanging around
schlechtere,worse
bleistifte,pencils
befreier,liberator
sensibilität,sensitivity
übergangen,ignored
dünnes,thin
reichts,Enough
aufzufallen,to stand out
entlässt,dismisses
maître,maître
tumore,tumors
ausnahmezustand,state of emergency
aufzuschreiben,to write down
patton,Patton
erkältest,catch a cold
viking,Viking
tracker,tracker
wohingegen,whereas
muslim,Muslim
kontrollierten,controlled
kareem,kareem
ingwer,ginger
ohrläppchen,earlobe
albrecht,Albrecht
schottischen,Scottish
seelische,mental
krantz,Krantz
mila,mila
gekochte,cooked
angeschleppt,dragged along
prallen,bounce
rosmarin,rosemary
winzling,tiny
nanking,Nanking
keuchend,panting
grundbesitz,real estate
unbegründet,unfounded
krueger,Krueger
weggekommen,got away
reinzuwaschen,to wash clean
chirurgischen,surgical
sameer,sameer
autoradio,car radio
distanzieren,distance
breakfast,breakfast
valérie,Valérie
grundlegenden,basic
suresh,suresh
gemütlichen,cozy
datai,datai
betreuerin,supervisor
ringer,wrestlers
konkubine,concubine
anschreiben,write to
rennpferd,racehorse
disher,disher
rusk,rusk
hatake,hatake
vorfällen,incidents
geweih,antler
duras,duras
seska,seska
einfachheit,simplicity
haschisch,hashish
verabrede,arrange
arktis,Arctic
stumpfen,blunt
spater,later
prestige,prestigious
südosten,southeast
labrador,Labrador
wilkommen,welcome
dune,dune
verhängen,impose
angelt,fishing
inzest,incest
sprechenden,speaking
unzulässig,inadmissible
book,book
grauenvolle,horrible
krankengeschichte,medical history
inbegriff,epitome
gal,gal
interessenten,interested parties
massakriert,massacred
unbeaufsichtigt,unattended
benoit,benoit
tschechoslowakei,Czechoslovakia
sprengte,blew up
auszustellen,to exhibit
zapfen,tap
schäferhund,German Shepherd
bhs,bras
großpapa,grandpa
asher,asher
klebstoff,adhesive
himmler,Himmler
zufälligen,random
stöpsel,plug
abweisend,repellent
didier,didier
verdeckter,covert
sternchen,asterisk
navarre,Navarre
soundso,so-so
lennie,Lennie
andacht,devotion
runterspülen,flush
satellitentelefon,satellite phone
belehrt,instructed
versammlungen,meetings
nele,nele
fane,fane
gulasch,goulash
zweierlei,two kinds
vu,vu
formsache,a matter of form
mutationen,mutations
dämpfer,mute
moz,moz
logen,logs
friedliches,peaceful
dänischen,Danish
stätte,site
überführung,transfer
dämpfe,fumes
stichwunde,stab wound
folsom,folsom
verwirrte,confused
nachschlag,reference
belegte,documented
trompeter,trumpeter
geschlechtskrankheit,sexually transmitted disease
verüben,commit
haller,haller
fallschirmspringer,parachutist
werfer,thrower
thom,thom
wirkungsvoll,effective
hiob,Job
rothaut,redskin
grendel,grendel
mohawk,mohawk
leander,Leander
trio,trio
carsten,Carsten
klavierspiel,piano playing
gelula,gelula
haette,would have
sonden,probes
tätigkeiten,activities
peacekeeper,peacekeeper
klacken,click
entwaffnet,disarmed
starterlaubnis,starting permit
snoop,Snoop
einsatzes,deployment
hiebe,blows
defekte,defective
inhalator,inhaler
zwanglos,casual
tauschten,exchanged
lilo,lilo
niederzulassen,to settle
tanga,tanga
eingefahren,driven
festzulegen,to determine
widerwillig,reluctantly
bewährungsauflagen,probation conditions
mitschuldig,complicity
experimentelle,experimental
grafschaft,county
spasti,spastic
schleuder,catapult
parkman,parkman
expansion,expansion
waffenschein,firearms license
clarks,Clarks
festigen,consolidate
spielzug,move
natuerlich,naturally
dämpfen,dampen
lautstark,loudly
spat,late
zurückgreifen,resort
lasso,lasso
reingeritten,ridden in
berlioz,Berlioz
mitgezählt,counted
catalina,Catalina
sog,so-called
völligen,complete
verwahrung,custody
anzukommen,to arrive
lösten,solved
vorsichtshalber,just to be on the safe side
vollkommenheit,perfection
vergißt,forgets
einfältig,simple-minded
feingefühl,sensitivity
abtrünnigen,renegade
terrorisieren,terrorize
drogenbesitz,drug possession
trickster,trickster
abgerechnet,billed
softball,softball
howards,Howards
richteten,directed
gynäkologe,gynecologist
riesenrad,Ferris wheel
stöcken,sticks
beobachteten,observed
entsetzlichen,horrific
abgestempelt,stamped
billings,Billings
lüftungsschacht,ventilation shaft
fließendes,flowing
hausarzt,general practitioner
sicherheitskräfte,security forces
auszutricksen,to outsmart
umdreht,turns around
ginsberg,Ginsberg
gebildete,educated
zaubersprüche,magic spells
säue,sows
befreiend,liberating
cos,cos
doppelgängerin,doppelganger
zerfetzen,tear to shreds
maexchen,maexchen
hyäne,hyena
zulasse,allow
solider,solid
jahrtausenden,millennia
ga,ga
vorfalls,incident
bessert,improves
evey,Eve
beatmungsgerät,ventilator
augenlider,eyelids
virgin,virgin
ruß,soot
vereinte,united
werds,will
aufrührer,rebel
verachtest,despise
grössten,largest
cod,code
fehde,feud
gegenwärtige,current
negro,negro
ordentlicher,orderly
kutner,Kutner
aufgeschoben,postponed
zampano,zampano
zuko,zuko
shots,shots
minderheiten,minorities
düsen,jets
schmaler,narrower
zerhackt,chopped up
lehrers,teacher
attest,certificate
echse,lizard
hackett,hackett
tickende,ticking
druckwelle,pressure wave
vergessene,forgotten
erblühen,bloom
integriert,integrated
schlupfloch,loophole
crumb,crumb
bestattung,funeral
totenkopf,skull
kartenspielen,playing cards
wettlauf,race
garibaldi,Garibaldi
antritt,start
altstadt,old town
wohltätigkeitsveranstaltung,charity event
woodhouse,woodhouse
ketzerei,heresy
geometrie,geometry
aale,eels
grundstein,foundation stone
anvisiert,targeted
gutscheine,vouchers
navigieren,navigate
ängstliche,anxious
bare,cash
adrianna,Adriana
eichen,oaks
auftrieb,boost
versorge,supply
souvenirs,souvenirs
stammkunden,regular customers
maklerin,real estate agent
eingehender,in detail
verwirrten,confused
ausbeuten,exploit
nüssen,nuts
pessimistisch,pessimistic
probezeit,probationary period
areal,area
einzieht,moves in
nährstoffe,nutrients
hitch,hitch
wanja,wanja
warenhaus,department store
einsatzfähig,ready for use
wertlosen,worthless
bennie,Bennie
kenya,Kenya
gezuckt,flinched
texaner,Texans
xo,xo
sri,Sri
musicals,musicals
platoon,platoon
bekloppten,crazy
benachrichtige,notify
spaßbremse,killjoy
debüt,debut
unmittelbare,immediate
minibar,mini-bar
gefäße,vessels
endeten,ended
ausgecheckt,checked out
spezifisch,specific
zwietracht,discord
abzubauen,to dismantle
gekko,gecko
bezauberndes,enchanting
untergeschoben,smuggled
steuerberater,tax advisor
emotionales,emotional
verurteilungen,convictions
vorbeikommst,come by
häuslich,domesticated
knospe,bud
dürren,dry
rattenfänger,Pied Piper
absolventen,graduates
fahrlässigkeit,negligence
earp,earp
kingston,Kingston
kanntet,knew
bettdecke,duvet
betriebssystem,operating system
sunday,Sunday
filmte,filmed
blaubeeren,blueberries
dorota,Dorota
proton,proton
wachsenden,growing
atomkrieg,nuclear war
eingeloggt,logged in
opernmusik,opera music
berechtigung,authorization
nbc,NBC
landschaften,landscapes
mächten,powers
spermien,sperm
rumrennen,running around
zurückgezahlt,repaid
erstklassiges,first-class
scharfrichter,executioner
forellen,trout
edouard,édouard
bequeme,comfortable
hochrangigen,high-ranking
ausgefressen,eaten
plum,plum
interstate,interstate
beharrlich,persistent
ehrbare,honorable
störrisch,stubborn
dehoh,dehoh
massa,massa
bewerkstelligen,accomplish
jugoslawien,Yugoslavia
echtheit,authenticity
weller,weller
ekelt,disgusts
zugibst,you admit
sicherheitsmann,security guard
strahlender,radiant
danger,danger
ferngehalten,kept away
zusammengeführt,merged
hausboot,houseboat
erbringen,provide
twin,twin
antaten,did
verantwortungsbewusst,responsible
vordergrund,foreground
auffälliges,conspicuous
veralbern,to mock
känguru,kangaroo
heels,heels
presley,Presley
codenamen,codenames
scheußlichen,hideous
mathematische,mathematical
corrected,corrected
riefst,you called
blutiges,bloody
elektromagnetischen,electromagnetic
dianne,dianne
monatsende,end of month
aufrichtiger,sincere
raushängen,hang out
erbittet,requested
privatnummer,private number
einsatzzentrale,operations center
gefährdung,danger
frisco,Frisco
abgekühlt,cooled
gefallene,fallen
deveraux,deveraux
adonis,Adonis
verstreichen,elapse
wackelig,shaky
unterbrechungen,interruptions
melancholisch,melancholic
erotik,eroticism
reinkamen,came in
tobey,tobey
amputiert,amputated
sakko,jacket
abwickeln,handle
bankschließfach,bank safe deposit box
kipp,tip
naive,naive
anwar,anwar
tapferste,bravest
letze,last
cochran,cochran
vogelzwitschern,birdsong
pfade,paths
laufpass,dismissal
patronenhülsen,cartridge cases
eingefügt,inserted
royale,royal
festplatten,hard drives
skandale,scandals
sieb,sieve
monstrum,monster
geschuldet,owed
rollbahn,runway
hörnern,horns
enkeltochter,granddaughter
epps,epps
vietcong,Viet Cong
anzuheuern,to hire
voraussichtlich,expected
ante,ante
gluckst,chuckles
entbinden,deliver
überarbeiten,revise
lobet,praises
ungeborenen,unborn
bundesgefängnis,federal prison
redding,redding
hathaway,Hathaway
fredo,Fredo
würze,wort
abwegig,absurd
benni,Benni
abgesägt,sawn off
erbse,pea
seinesgleichen,his kind
zerfleischen,tear apart
corwin,corwin
schamhaare,pubic hair
einsatzleiter,incident commander
katzenfutter,cat food
lindbergh,Lindbergh
schießeisen,firearm
dorftrottel,village idiot
überfuhr,over
schramme,scratch
ting,ting
profile,profile
rektorin,rector
angelika,Angelika
überlastung,overload
aufgefüllt,refilled
bemitleide,pity
vorrecht,privilege
staune,marvel
altenheim,nursing home
eilte,rushed
erbarmungslos,merciless
verweigerte,refused
verfüttert,fed
chopper,chopper
bedeutsam,significant
minimieren,minimize
gemeinden,municipalities
wertpapiere,securities
durchtrennen,cut
napalm,napalm
hinzuziehen,consult
glaber,glaber
schlucker,swallower
lrgendwas,something
sichtbare,visible
branko,branko
genetik,genetics
glückstreffer,lucky break
mörderisch,murderous
errätst,guess
qing,Qing
krücke,crutch
ausspannen,relax
zwischenstopp,stopover
rückschläge,setbacks
konkreten,specific
ning,ning
cardassianern,Cardassians
kapitäns,captain
trans,trans
qualm,smoke
reales,real
ausborgen,borrow
geltung,validity
chill,chill
entwickle,develop
yoon,yoon
doppelzimmer,double room
schlampige,sloppy
gepäckträger,luggage rack
schriftlichen,written
goddard,goddard
romulanische,Romulan
rde,rde
trainerin,trainer
bootes,boots
bra,bra
westchester,Westchester
augenfarbe,eye color
downing,downing
zunutze,to take advantage of
schlummert,slumbers
jiang,jiang
reena,reena
clarkson,Clarkson
taugst,are you any good
munch,Munch
glätten,smooth
ungenau,inaccurate
umschweife,detours
guineen,Guinea
zuvorkommend,courteous
henny,henny
reality,reality
burgund,Burgundy
geschosse,shots
hürde,hurdle
rauszuwerfen,to throw out
auktionshaus,auction house
gekackt,pooped
fessle,bondage
yokohama,yokohama
herausnehmen,remove
humanoid,humanoid
aufgab,gave up
weltherrschaft,world domination
soprano,soprano
pride,pride
umfangreiche,extensive
stritt,disputed
gesandter,envoy
dragons,dragons
molina,molina
hinweist,indicates
leibwache,bodyguard
rooster,rooster
future,future
blast,blast
leanne,Leanne
paarung,pairing
äußerster,outermost
mamba,mamba
verlogen,deceitful
privatsache,private matter
einzuschätzen,to assess
brüderlichkeit,fraternity
beschuldigungen,accusations
fernsehsender,television channel
norwegische,Norwegian
synthetische,synthetic
leonidas,Leonidas
deckte,covered
gegenseitige,mutual
verbrecherin,female criminal
jörgen,Jörgen
schläfer,sleeper
enormer,enormous
vitalwerte,vital signs
funkverkehr,radio communication
cooke,cooke
handicap,handicap
wittern,smell
enttarnen,unmask
seelenfrieden,peace of mind
rebellieren,rebel
lonely,lonely
masturbiert,masturbates
einwilligen,agree
passiv,passive
truth,truth
übermacht,superiority
schrilles,shrill
feedback,feedback
haas,haas
kaltblütiger,cold-blooded
fahrgast,passenger
verschwendete,wasted
bumpy,bumpy
stricke,knit
zweitbeste,second best
bluffe,bluff
opossum,possum
dharma,dharma
vorkam,occurred
seelisch,mentally
parallele,parallel
amazonen,amazons
modifikationen,modifications
fortschritts,progress
stimmbänder,vocal cords
vorhandenen,existing
gewohnten,usual
spreizen,spread
grandiose,magnificent
gehilfen,assistants
medici,medici
gefrierschrank,freezer
galahad,Galahad
fungieren,function
immobilie,property
unsrer,our
titelmusik,theme music
pacht,lease
koothrappali,koothrappali
ando,ando
nachfolge,successor
mündung,mouth
nachzugeben,to give in
versprachst,promised
faber,Faber
gezaubert,conjured
heuerte,hired
fähiger,capable
ronon,ronon
verwechsle,confuse
croft,croft
sigma,sigma
hausgemachte,homemade
rino,rino
entlassungen,redundancies
wrestler,wrestler
coca,coca
exakten,exact
fjodor,fyodor
sarkophag,sarcophagus
yee,yee
hundchen,pooch
kojote,coyote
segelte,sailed
ausgehändigt,handed out
marci,Marci
erschaffung,creation
infrarot,infrared
wiedereintritt,re-entry
kingsbridge,Kingsbridge
riesenerfolg,huge success
massiere,massage
niederträchtig,despicable
angebrüllt,yelled at
waschanlage,car wash
mariano,Mariano
zuständigkeitsbereich,area of ​​responsibility
hervorbringen,produce
hinterland,hinterland
naß,wet
durchgeht,through
erfanden,invented
originalen,original
stéphanie,Stephanie
belang,important
immerdar,forever
plump,clumsy
schisser,cowards
kostümen,costumes
wegblasen,blow away
rana,rana
prächtiges,magnificent
vorsteher,supervisor
skelette,skeletons
reinkommst,come in
ackroyd,ackroyd
unabsichtlich,unintentionally
ärmer,poorer
heiklen,delicate
zudecken,cover
geschworener,sworn sworn
schimpfwörter,swear words
berät,advises
kranich,crane
bears,bears
krankenpfleger,nurse
appellieren,appeal
rangekommen,got close
antik,antique
untier,monster
abgenutzt,worn
puffer,buffer
diebstähle,thefts
jocelyn,Jocelyn
tywin,Tywin
nanosonden,nanoprobes
testperson,test subject
winthrop,winthrop
schmier,lubrication
parkte,parked
hornochse,hornochse
heften,staple
ostens,east
quan,quan
ramadan,Ramadan
nachhauseweg,way home
rattenloch,rat hole
fürwahr,truly
zusammenpacken,pack
delikat,delicate
trill,trill
unmensch,inhuman
verdirb,spoil
sleep,sleep
birgit,Birgit
hiergelassen,left here
franny,franny
patris,patris
nachruf,obituary
fieses,nasty
proudly,proudly
effektive,effective
akkie,Akkie
verpassten,missed
kanna,Kanna
parodie,parody
lehrten,taught
schnösel,snob
kabinen,cabins
ballen,bales
achtzig,eighty
salud,salud
einseitig,one-sided
transferiert,transferred
dart,dart
sicherungskasten,fuse box
schärfen,sharpen
flattert,flutters
donnell,donnell
mittagsschlaf,midday nap
griechischer,Greek
masturbation,masturbation
unterschlagung,embezzlement
because,because
geheimnisvolles,mysterious
mitzureden,to have a say
mima,mima
fond,fund
pendleton,pendleton
sigrid,Sigrid
ikone,icon
tannenbaum,fir tree
dezernat,department
horch,listen
schnurrt,purrs
pontius,Pontius
vergänglich,ephemeral
singend,singing
interessierten,interested
anriefen,call
begegnest,you meet
dow,down
weingut,winery
anlässlich,on the occasion of
strafmaß,sentence
ermutige,encourage
abgebaut,dismantled
empörend,outrageous
elke,Elke
hieroglyphen,hieroglyphs
zicken,bitches
feuernation,fire nation
croissant,croissant
abfährt,departs
morgenmantel,dressing gown
bergung,rescue
seasons,seasons
poppins,Poppins
defense,defense
abschrift,copy
cane,cane
shing,shing
kima,Kima
mehrerer,several
ballantine,ballantine
verbarrikadieren,barricade
antiquität,antique
landesweite,nationwide
priestern,priests
ansturm,onslaught
henriksen,Henriksen
bright,bright
taktvoll,tactful
bundes,federal
verteilte,distributed
telefonleitungen,telephone lines
anderton,anderton
geständnisse,confessions
kommerziellen,commercial
capitán,captain
palette,range
passepartout,passe-partout
fraglichen,questionable
aufhebung,cancellation
durchdreht,goes crazy
hellsehen,clairvoyance
gedränge,hustle
lotta,Lotta
rausrücken,hand it over
verdreckt,dirty
berenson,Berenson
eisschrank,refrigerator
verirrte,lost
schriftrollen,scrolls
mangeln,lack
mailen,email
adlai,adlai
bunk,bunk
synchronisiert,synchronized
ehrenkodex,code of honor
schatzes,treasure
speiseröhre,esophagus
erschweren,complicate
bengt,bengt
überraschenderweise,surprisingly
gehoert,heard
corner,corner
rachael,Rachael
dosierung,dosage
fortzufahren,to continue
taktiken,tactics
bärte,beards
templer,Templar
gehälter,salaries
kündigst,you cancel
joachim,Joachim
zwölften,twelfth
games,games
gemini,Gemini
hingesehen,looked
canterbury,Canterbury
metropolitan,metropolitan
abläufe,processes
janna,Janna
kostspielig,expensive
gemachte,made
hogg,hogg
komplexität,complexity
number,number
einlass,inlet
poren,pores
auswertung,evaluation
zeitspanne,time period
hervé,Hervé
egg,egg
befiehlst,command
chess,chess
widersprüche,contradictions
verbleibende,remaining
übertragungen,transfers
hogwarts,Hogwarts
lorena,Lorena
gepaart,paired
bebt,trembles
betsey,betsey
massig,massive amounts
bewegende,moving
vorbeiziehen,pass by
tisches,table
lyrik,poetry
fähige,capable
ausgibst,spend
schätzte,estimated
hakim,Hakim
kwon,kwon
kastanien,chestnuts
röntgenaufnahmen,x-rays
fuma,fuma
eifersüchtiger,jealous
opus,opus
lupo,lupo
afrikanischer,African
geknutscht,kissed
trillerpfeife,whistle
vortritt,priority
ersatzschlüssel,spare key
haarige,hairy
durchzudrehen,to go crazy
fässern,barrels
hexenmeister,warlock
niners,niners
nördliche,northern
kusanagi,kusanagi
blinken,flash
konserven,canned goods
besudelt,soiled
geniessen,enjoy
paulson,Paulson
ausgezeichnetes,excellent
videorekorder,video recorder
ministerpräsidenten,Prime Minister
gemogelt,cheated
attacken,attacks
schlafplatz,sleeping place
entführern,kidnappers
tropen,tropics
mildred,mildred
wass,water
anhast,anhate
närrisch,foolish
betrachtung,contemplation
abholung,pickup
unerträgliche,unbearable
tomatensaft,tomato juice
nimmerwiedersehen,never to see each other again
gerichtliche,judicial
langdon,Langdon
bundesregierung,federal government
ordnet,arranges
überprüften,checked
yip,yip
planmäßig,as planned
beworfen,pelted
raserei,rage
alraune,mandrake
passierten,happened
eingebrannt,burned in
schneeball,snowball
symbionten,symbionts
reiden,riding
streitest,argue
weitesten,furthest
kniescheibe,kneecap
jahrtausende,millennia
beschwer,complain
bolschewiken,Bolsheviks
suki,suki
bluthund,bloodhound
goldmedaille,gold medal
wendest,turn
selbstgefällig,complacent
hinschmeißen,quitting
rostiger,rusty
kommissariat,police station
ungehobelt,uncouth
strategische,strategic
hausbesitzer,homeowner
handfläche,palm
wandere,hike
clea,clear
floki,floki
materiellen,material
islamischen,Islamic
entfernungen,distances
mutmaßlichen,presumably
konstruieren,construct
change,change
mitgeben,to take along
kellerman,Kellerman
lancaster,Lancaster
einzureichen,to submit
robotern,robots
kämpfend,fighting
behind,behind
waynes,Waynes
krake,octopus
steffen,Steffen
large,large
abarbeiten,to process
angelica,angelica
besoffene,drunk
interessanteste,most interesting
empfängst,receive
ritzen,scratches
freiheitskämpfer,freedom fighters
korkenzieher,corkscrew
ausgemalt,colored
public,public
geary,geary
leffingwell,Leffingwell
abzureißen,to demolish
woodhull,woodhull
komischerweise,strangely enough
korsika,Corsica
torrance,torrance
niederlegen,lay down
bunter,colorful
angesehene,respected
flanken,flanks
zärtliche,tender
éric,Eric
salzburg,Salzburg
schelm,rogue
ishii,ishii
anrührt,touches
nene,nene
warnschuss,warning shot
morel,morel
adolphe,adolphe
tagaus,day in
produzierte,produced
logbücher,logbooks
übergegangen,transitioned
trouble,trouble
imaginäre,imaginary
shelton,shelton
beseitigung,removal
wollust,lust
hancock,Hancock
blutspritzer,blood spatter
sprengladungen,explosive charges
schwächsten,weakest
vibration,vibration
frakturen,fractures
ausgepeitscht,whipped
bombardierung,bombing
promis,celebrities
corpus,corpus
befördere,promote
janeiro,janeiro
fleischwunde,flesh wound
zusah,watched
fats,fats
zünd,ignite
marrakesch,Marrakech
vikar,vicar
rüdiger,Rüdiger
pedal,pedal
ausstechen,cut out
schwalbe,swallow
verfrachtet,transported
howell,howell
roddy,Roddy
schuldschein,promissory note
komantschen,Comanche
margarete,Margarete
blow,blow
gepumpt,pumped
toulon,Toulon
kollabieren,collapse
bisserl,a little
traumatische,traumatic
caterer,caterer
zugenäht,sewn shut
roastbeef,roast beef
südfrankreich,southern France
homecoming,homecoming
heaulme,howl
gerüstet,equipped
aufzählen,enumerate
weed,weed
nordwest,northwest
schwindlerin,con artist
dehnt,stretches
byrne,byrne
herauskam,came out
reiko,reiko
zerrt,pulls
leone,Leone
eskimo,Eskimo
hauptverdächtigen,main suspect
irène,Irène
walzermusik,waltz music
chrissy,Chrissy
verschlägt,lost
rhythmisches,rhythmic
klitzekleines,tiny
rundum,all around
verliess,left
tam,tam
petroleum,petroleum
kriegspfad,warpath
künstlerischen,artistic
breaker,breaker
vermisstenanzeige,missing persons report
wirbeln,swirl
hierherzukommen,to come here
rowland,Rowland
saboteur,saboteur
kannibalismus,cannibalism
glückskind,lucky child
gewalttätiger,violent
lieblichen,lovely
beweisstücke,evidence
zitate,quotes
beknackt,crazy
mayflower,mayflower
frachtschiff,cargo ship
überreiche,hand over
drexler,Drexler
iassen,iassen
schiffshorn,ship's horn
letzteres,the latter
guilala,guilala
pflügen,plow
separate,separate
halliwell,halliwell
bekämpften,fought
kriegsverbrecher,war criminals
familienunternehmen,family business
stoddard,standard
erblüht,blooms
joyful,joyful
angespült,washed up
telefonierst,are on the phone
gehüllt,wrapped
alana,alana
sozialistischen,socialist
nashorn,rhino
familiengeschäft,family business
grundlegend,fundamental
herne,Herne
asiate,Asian
viereinhalb,four and a half
briareos,briareos
druckt,prints
khans,Khan
heruntergekommen,run-down
zulässig,permissible
bergbau,Mining
brigadier,brigadier
schnittwunden,cuts
spiegeleier,fried eggs
überkam,overtook
bulgarien,Bulgaria
trail,trail
sediert,sedated
century,century
orville,Orville
tilgen,erase
césar,César
errungenschaft,achievement
saphira,sapphire
aufnahmeprüfung,entrance exam
fairbanks,Fairbanks
enormes,enormous
ungeklärt,unresolved
blossom,blossom
tramp,tramp
wahlrecht,right to vote
ärgerte,annoyed
kaltgemacht,colded
fahrstühle,elevators
mutes,mutes
buenas,buenas
tak,tak
sägewerk,sawmill
klosters,monastery
entledigen,get rid of
fittiche,wingtips
vorbeigebracht,brought over
cartagena,Cartagena
sicherheitscode,security code
unentwegt,incessantly
prohibition,prohibition
macao,Macao
capitano,captain
schönheitsschlaf,beauty sleep
lotion,lotion
morn,morning
offenkundig,obviously
abtrennen,detach
öh,uh
madre,madre
keene,keene
geschmackvoll,tastefully
fischerboot,fishing boat
beseitige,remove
anfasse,touch
guardian,guardian
auserkoren,chosen
armageddon,Armageddon
anleihen,bonds
machts,does
saras,Sara's
ungläubige,unbelievers
gaylord,gaylord
untypisch,atypical
erwogen,considered
zuckt,twitches
reintun,put it in
lal,lal
staatsbürgerschaft,citizenship
schlachtet,slaughters
theon,theon
xbox,Xbox
ralphie,ralphie
parkbank,park bench
fragwürdig,questionable
badger,badger
schändlich,shameful
extrahieren,extract
nfl,NFL
leif,leif
gibs,is there
lanzen,lances
brandzeichen,brand
lobe,praise
trauernden,mourning
rachid,Rachid
teleporter,teleporter
irisa,irisa
ruber,ruber
dirigent,conductor
labore,laboratories
ausdehnen,expand
süchtige,addicts
tankstellen,gas stations
frühstücke,breakfasts
gegenständen,objects
mali,Mali
abhaken,check off
lennon,Lennon
wertvollsten,most valuable
nyu,nyu
beschwerte,complained
hardcore,hardcore
unattraktiv,unattractive
aslan,aslan
zusammenzubringen,to bring together
pampa,pampa
rülpsen,burp
serrano,serrano
bösartigen,malignant
standorte,locations
naturwissenschaften,natural sciences
schneiderin,seamstress
aguilar,aguilar
cum,cum
gegensätze,contrasts
groupie,groupie
streichelt,strokes
massives,massive
familiennamen,family names
bändern,ribbons
gräueltaten,atrocities
fünftausend,five thousand
auflauf,casserole
hoshi,hoshi
reingefahren,drove in
wegzurennen,to run away
geschickte,skillful
jolene,jolene
wimmeln,teeming
chaka,chaka
sahib,sahib
schlichten,simple
schmelze,melt
buon,buon
golfer,golfer
pujol,pujol
jochen,Jochen
kongresses,congress
vereinfacht,simplified
schrill,shrill
afrikas,Africa
aufzusteigen,to rise
stepan,stepan
mouse,mouse
dankte,thanked
leert,empties
individualität,individuality
bissspuren,bite marks
übergibst,hand over
lagers,warehouses
rivale,rival
feuerten,fired
athelstan,athelstan
rawlins,rawlins
agrestic,agrestic
rasierklingen,razor blades
randel,Randel
geoutet,outed
auweia,Geez
jurist,jurist
erwürge,strangle
foods,foods
physischer,physical
erhellt,illuminated
shay,shay
muck,muck
horowitz,horowitz
trägheit,inertia
geflucht,cursed
keenan,keenan
balthazar,balthazar
mittelschule,middle school
exizor,exizor
schnuller,dummy
tugendhaft,virtuous
drucke,prints
krankenzimmer,hospital room
realexkav,realexkav
bois,bois
achja,Oh yes
untermauern,to substantiate
seward,Seward
hänschen,little Hans
tourismus,tourism
schulglocke,school bell
heathrow,Heathrow
laptops,laptops
escher,escher
höllischen,hellish
herumtreiber,loiterers
trauernde,mourning
beifahrer,passenger
tentakel,tentacle
dschingis,Genghis
jetz,now
überraschst,surprised
ergebenheit,devotion
brackett,bracket
ergreifung,arrest
spazierte,strolled
versieht,provides
lateinamerika,Latin America
soziologie,sociology
hampelmann,jumping jack
trafst,met
jam,jam
persischen,Persian
elyse,elyse
geglückt,successful
psychologisches,psychological
filzläuse,pubic lice
strafanstalt,prison
überkommt,overcomes
danzig,Gdansk
blutwurst,blood sausage
niedergang,decline
beliebtesten,most popular
lobo,lobo
bleichmittel,bleach
klarkommt,copes
stäbe,rods
proteus,proteus
acid,acid
fahrers,driver
legat,legate
pilotin,pilot
verursachten,caused
grapefruit,grapefruit
hofes,courtyard
dima,dima
losgezogen,set off
hull,hull
entgegentreten,oppose
fassungslos,stunned
beginnend,beginning
jolie,jolie
entführe,kidnap
volltanken,fill up
guts,guts
hinging,went
umständlich,cumbersome
une,une
spab,spab
platzierte,placed
zuhöre,listen
verschärft,tightened
spieldose,music box
kommissarin,commissioner
klitzekleine,tiny
rochester,Rochester
geröstet,roasted
gesellschaftlich,socially
conchita,Conchita
abgeschottet,isolated
observieren,observe
pitcher,pitcher
anthrax,anthrax
bescheidenes,modest
angebetet,worshipped
stauffenberg,Stauffenberg
paranoide,paranoid
akademische,academic
mordet,murders
pollux,pollux
terrace,terrace
zeremonien,ceremonies
erfindest,invent
monopol,monopoly
rückreise,return journey
darrell,darrell
stemmen,lifting
carlitos,carlitos
kapitäne,captains
wertloses,worthless
menschenfreund,philanthropist
schmierigen,greasy
skylar,skylar
einfordern,demand
bemalt,painted
miezen,kitties
golfen,golfing
aufsteigt,rises
hölzernen,wooden
véronique,Veronique
diosa,diosa
struppi,Struppi
merkmal,feature
bestehend,consisting
umgeschrieben,rewritten
fraglich,questionable
spül,rinse
hausverbot,house ban
münder,mouths
aufrechter,upright
shinjuku,Shinjuku
äußert,expresses
betrauern,mourn
kollisionskurs,collision course
verb,verb
beschwipst,tipsy
abraten,advise against
oberstes,top
wurmlöcher,wormholes
algier,Algiers
dominguez,dominguez
chocolate,chocolate
murphys,Murphy's
verstümmeln,mutilate
schiri,referee
gastfreundlich,hospitable
traummann,dream man
runtergeht,goes down
plädoyer,plea
angeschaltet,switched on
voik,voik
performance,performance
kaste,caste
erwirken,achieve
landeerlaubnis,landing permit
konvertiert,converted
vorwürfen,accusations
kreuzes,cross
wunderhübsch,absolutely gorgeous
bizeps,biceps
unerfreulich,unpleasant
mccabe,mccabe
anzeigt,displays
empfängnis,conception
schenkeln,thighs
seifenoper,soap opera
sum,sum
ists,is
blaupausen,blueprints
sicherheitssysteme,security systems
ursprungs,origin
unterschiedlicher,different
strafverteidiger,criminal defense lawyer
claudine,Claudine
lukes,Lukes
gribble,gribble
taj,taj
nachstellen,recreate
tietjens,tietjens
auszubilden,to train
wheels,wheels
ausmalen,coloring
hochwertige,high-quality
pictures,pictures
umsichtig,prudent
fagin,fagin
papaya,papaya
rennwagen,racing car
glasklar,crystal clear
schweinehunde,scoundrels
katerina,Katerina
nirvana,Nirvana
entwaffnen,disarm
chipping,chipping
barons,barons
unterkünfte,accommodations
sultans,sultans
pernille,pernille
entschließt,decides
kongressabgeordnete,congressman
angehöriger,relative
prinzipiell,in principle
vodka,vodka
verdorbene,spoiled
revue,revue
ablehnte,rejected
amin,amin
clip,clip
spacecenter,spacecenter
wiedervereint,reunited
rina,rina
ferse,heel
huckepack,piggyback
akademischen,academic
weltkriegs,World War
verbiegen,bend
halbnackt,half-naked
beglückwünschen,congratulate
torgeir,torgeir
liebesnest,love nest
ce,ce
ranken,tendrils
zhou,zhou
hocke,squat
tenor,tenor
heidenangst,terrifying fear
geisterstadt,ghost town
aufspießen,skewer
erkundige,inquire
steigerung,increase
mondstein,moonstone
aufgebot,muster
batzen,battens
cleveres,clever
came,came
verarzten,treat
duff,duff
stine,stine
dating,dating
petes,petes
mafiosi,mafiosi
abriegelung,lockdown
saftigen,juicy
barmherziger,merciful
drazi,drazi
gewünschten,desired
scorch,scorch
schutzraum,shelter
markov,Markov
gefängnisdirektor,prison director
mundbewegungen,mouth movements
röcheln,rattling
kontrollfreak,control freak
oda,oda
fluglinie,airline
muppets,Muppets
baskerville,Baskerville
abgabe,submission
geborgenheit,security
gütige,kind
entgegenkommend,accommodating
iljitsch,Ilyich
eingeborene,natives
besteigt,climbs
porthos,porthos
oscars,Oscars
trainingslager,training camp
zurückführen,trace back
holzbein,wooden leg
layla,Layla
warzen,warts
formelle,formal
moves,moves
hokkaido,Hokkaido
umzustimmen,to change your mind
beleidigte,offended
luken,hatches
sim,sim
musketier,musketeer
sandro,Sandro
agiert,acts
zensiert,censored
chavez,chavez
würdenträger,dignitaries
biberkopf,beaver head
molto,molto
wachse,grow
aram,aram
eastern,eastern
flanagan,flanagan
aufopferung,sacrifice
gespann,team
landru,landru
minbar,minbar
hobbits,hobbits
beliefert,supplies
gogo,gogo
crewe,crewe
gehirnzellen,brain cells
thermostat,thermostat
akzeptanz,acceptance
besorgten,concerned
jehovas,Jehovah's
bäuche,bellies
mistelzweig,mistletoe sprig
wahrzunehmen,to perceive
ihretwillen,for her sake
notlandung,emergency landing
felice,felice
grafik,graphic
bajonett,bayonet
schiffbruch,shipwreck
rothäute,redskins
lehnten,declined
ek,ek
muttersprache,mother tongue
kennwort,password
plaudert,chats
altersunterschied,age difference
rationale,rational
delikate,delicate
verabscheuen,abhor
whitfield,Whitfield
lisi,lisi
rudels,pack
redlich,honest
nöten,needs
battosai,battosai
vorweisen,present
zitternd,trembling
allgemeiner,general
sandwichs,sandwiches
lukrativ,lucrative
empfingen,received
bitterman,bitterman
müllabfuhr,garbage collection
northman,Northman
kono,kono
vietnamesisch,Vietnamese
töle,töle
gegebener,given
gibbons,gibbons
visitenkarten,business cards
zurückgehe,go back
zerstückeln,dismember
aufstehst,you get up
beisteuern,contribute
rausgeschickt,sent out
besprüht,sprayed
rüsten,equip
ernannte,appointed
message,message
janni,Janni
sternensystem,star system
beklagte,defendant
einäugige,one-eyed
aufhebens,fuss
vorzug,preference
punch,punch
lebensfreude,joy of life
gitarren,guitars
ehrenmedaille,honorary medal
zwanghaft,compulsive
interaktion,interaction
vorzuweisen,to present
sissy,sissy
befürchtungen,fears
nixie,nixie
rath,council
balls,balls
korridore,corridors
rivalität,rivalry
aurelio,aurelio
squaw,squaw
traumhaus,dream house
anything,anything
stefans,Stefan's
reingeht,goes in
reservierungen,reservations
echtzeit,real-time
sündige,sinful
factory,factory
zilong,zilong
iar,iar
rehe,deer
untersten,lowest
steadman,steadman
zugedeckt,covered
glockenschlag,bell toll
hostess,hostess
feuerwaffen,firearms
fortgeschrittenen,advanced
spaten,spade
monopoly,monopoly
künstlername,artist name
hustensaft,cough syrup
goodson,goodson
mclane,McLane
gänseblümchen,daisy
napoleons,Napoleon's
jackentasche,jacket pocket
yann,yann
unbedeutenden,insignificant
hamish,hamish
makrele,mackerel
kollaps,collapse
helfende,helpful
micht,not
gruseliges,creepy
erzählungen,stories
vaterfigur,father figure
cervantes,Cervantes
erwerb,acquisition
mitzuspielen,to participate
übereifrig,overzealous
auftauen,thaw
nichtstun,do nothing
seals,seals
zerstritten,divided
tatiana,Tatiana
hernehmen,take
stuss,nonsense
aushalte,endure
aspen,aspen
vorstellte,presented
erstickst,suffocate
heiligenschein,halo
durchgeben,pass
lannisters,Lannister's
erfolges,success
seriöse,reputable
pang,pang
mandat,mandate
ungläubiger,unbeliever
zyklen,cycles
abkriegen,get hit
hortense,hortense
visionär,visionary
sprüchen,sayings
wohlgemerkt,mind you
erinnerten,remembered
heidnischen,pagan
bezeichne,designate
shounen,shounen
sachlich,factual
weglief,ran away
dottore,dottore
jordanien,Jordan
fortzuführen,to continue
queenie,queenie
zuziehen,move
arlo,Arlo
tullius,tullius
kendrick,Kendrick
seltsamste,strangest
bohrinsel,oil rig
zurücklässt,leaves behind
züchtet,breeds
gemobbt,bullied
bürgerin,citizen
anzutreffen,to be found
abwägen,weigh up
vorknöpfen,tackle
proust,Proust
kotzbrocken,disgusting
steuerhinterziehung,tax evasion
abzüglich,less
grange,Grange
quatermass,quarter measure
fummel,fumble
talentierten,talented
verschifft,shipped
streckte,stretched
pflug,plow
glänzender,shiny
ansteckende,contagious
rauszubekommen,to find out
naevia,naevia
kajüte,cabin
besinnen,reflect
fist,fist
shun,shun
pint,pint
reih,row
sohle,sole
anvisieren,target
verwurzelt,rooted
germaine,germa
cubs,cubs
bettzeug,bedding
manövrieren,maneuver
zündschnur,fuse
reputation,reputation
blackbox,blackbox
notfallplan,emergency plan
gartenzwerg,garden gnome
wildesten,wildest
konkurrent,competitor
entzückendes,delightful
wharton,Wharton
schlichte,simple
telefonleitung,telephone line
soft,soft
wasserversorgung,water supply
schwertkampf,sword fighting
psychoanalyse,psychoanalysis
ballern,blasting
guinness,Guinness
capricorn,Capricorn
heulend,howling
hohlen,hollow
glover,glover
juana,Juana
briefes,letters
einstehen,stand up
kassen,cash registers
vergreifen,to
hutch,hutch
mindestlohn,minimum wage
thrones,thrones
verständigung,understanding
dichtgemacht,shut down
tribbiani,tribbiani
heimkam,came home
gebührend,due
erstarren,freeze
bog,bow
laila,Laila
herumkommandieren,bossing people around
beckham,beckham
gestörten,disturbed
purem,pure
schütz,protector
wiedersehn,reunion
kunsthändler,art dealer
versprechend,promising
dutzenden,dozens
uri,uri
zersetzt,decomposes
schnuppern,sniff
schadensersatz,damages
spitzt,pointed
knallharte,hardcore
sehnsüchtig,longing
einordnen,classify
mexikanern,Mexicans
ausrottung,extermination
museums,museums
vagabunden,vagabonds
ignaz,ignaz
nimmerland,Neverland
fraktion,fraction
anschleichen,sneaking up
deute,deute
konfetti,confetti
wäschekorb,laundry basket
flamingo,flamingo
kan,can
beschlagnahme,seizure
separat,separately
betts,beds
stromnetz,power grid
gewaltanwendung,Use of force
allee,avenue
frechdachs,cheeky rascal
monterey,Monterey
fiat,Fiat
vorbeigeschaut,I stopped by
buchten,bays
wachsamkeit,alertness
slick,slick
sentox,sentox
beleuchten,illuminate
cartwright,Cartwright
bewölkt,cloudy
tahoe,Tahoe
investments,investments
erhabenen,sublime
geflossen,flowed
abschieben,deport
zugeordnet,assigned
unterzeichnung,signing
brathähnchen,roast chicken
kontrast,contrast
umdrehe,turn around
yuko,yuko
gebrüder,brothers
teilzeit,part-time
fischt,fishes
chrissie,Chrissie
ramm,ram
vorzulesen,to read aloud
sportlehrer,sports teacher
zurücksetzen,reset
schürzenjäger,skirt chasers
papageien,parrots
frye,frye
massenmord,mass murder
ausländerin,foreigner
sippschaft,clan
lös,solution
überschätzen,overestimate
prüfer,examiner
hievt,lifts
telefonrechnung,phone bill
bügeleisen,iron
informantin,informant
wermut,wormwood
fliehst,flee
rausfinde,find out
gegenschlag,counterattack
überträger,transmitter
feindschaft,enmity
einbilden,imagine
galloway,Galloway
organisch,organic
kroko,crocodile
sonnenbrillen,sunglasses
beteten,pray
klarkommst,will cope
maskerade,masquerade
leekie,leekie
entmutigt,discouraged
carlin,Carlin
sentinel,sentinel
filet,filet
groovy,groovy
westlicher,western
aufklärer,spotter
gruppenführer,group leader
aufgekauft,bought up
kaitlin,Kaitlin
wiederbekommen,get it back
zahnärzte,dentists
hurricane,hurricane
fossil,fossil
stundenplan,timetable
riegeln,lock
edwardes,Edwardes
weihnachtskarte,Christmas card
rieke,Rieke
vergießt,sheds
moloch,Moloch
kammerflimmern,ventricular fibrillation
angestoßen,initiated
abgesegnet,approved
vervollständigen,complete
zuzugreifen,access
abgeblieben,stayed away
sentimentalen,sentimental
torsten,Torsten
gator,gator
eigens,specifically
kapitalverbrechen,capital crime
abziehst,pull off
revolverheld,gunslinger
beherrschte,mastered
aleister,aleister
suizid,suicide
schachspiel,chess
auster,oyster
gartenarbeit,gardening
bent,bent
tschüssi,Bye!
lora,Lora
bekenntnis,confession
birk,birch
verheilen,heal
barbados,Barbados
schluckte,swallowed
nerve,nerve
keinster,none
lieblingsbuch,favorite book
referenz,reference
timberlake,timberlake
bieber,Bieber
angereist,arrived
dürftest,You should
leichtgläubig,gullible
hess,Hesse
weihnachtsabend,Christmas Eve
vergleichbares,comparable
sashi,sashi
marietta,Marietta
besserem,better
hodes,testicles
fda,FDA
ayesha,ayesha
unersetzlich,irreplaceable
gefechts,battle
dyke,dyke
sten,sten
mäh,moo
schnüffelst,sniff
geerntet,harvested
erdoberfläche,Earth's surface
lino,Lino
strigoi,strigoi
gefolgschaft,followership
niedrigsten,lowest
andrehen,turn on
hämorrhoiden,hemorrhoids
brennend,burning
weiãÿ,white
tc,tc
anzulocken,to attract
atmosphärische,atmospheric
ablehne,reject
drogenproblem,drug problem
leitartikel,editorial
lerche,lark
schlüpft,hatches
signalisiert,signals
gully,gully
weibsstück,female
indio,Indian
belgische,Belgian
funktionstüchtig,functional
saukomisch,hilarious
schularbeiten,schoolwork
bjorn,bjorn
beschaffe,procure
schandfleck,eyesore
schmitt,Schmitt
halbfinale,semi-final
sabbern,drooling
gehandhabt,handled
christa,Christa
überläufer,defector
mitteilungen,announcements
pfandhaus,pawnshop
gieße,pour
jammerst,you whine
teii,teii
steinreich,filthy rich
anzukündigen,to announce
einhörner,unicorns
lissa,Lissa
junuh,junuh
banknoten,banknotes
tetsu,tetsu
mechanisch,mechanically
achtgeben,be careful
kopfhaut,scalp
unterbringung,accommodation
stoßt,bumps
arger,aggravation
beisein,presence
abservieren,serve
sacks,sacks
random,random
hingucken,look
allgemeinheit,general public
torheit,folly
soja,soy
reagierten,reacted
angelaufen,started
genua,Genoa
bubby,bubby
hirntumor,brain tumor
spam,spam
indiz,indication
cherien,Cherien
rocker,rocker
camaro,camaro
mündel,ward
victors,Victors
heimfahrt,journey home
erfreuliche,pleasing
hops,hops
objekten,objects
schlafwandeln,sleepwalking
unseretwegen,because of us
kleidungsstücke,clothing
einreiben,rub in
umwege,detours
fischstäbchen,fish fingers
wohnhaus,residential building
lösegeldforderung,ransom demand
karim,Karim
komplexes,complex
dalassen,leave
strolche,rascals
widersteht,resists
lexx,lexx
guthaben,credit
haß,hate
horden,hordes
narnia,Narnia
auftischen,serve
nikotin,nicotine
jüdisches,Jewish
schlitze,slits
freundschaftlich,friendly
scheißtag,shitty day
fütterst,feed
indian,Indian
holographische,holographic
totgeschlagen,beaten to death
skills,skills
laien,laypersons
schützengraben,trench
sicherheitspersonal,security personnel
wheaton,wheaton
auda,auda
schmerztabletten,painkillers
sweetie,sweetie
pocht,insists
eiswasser,ice water
schnattern,chatter
gewürdigt,appreciated
einsatzkräfte,emergency services
ausreiten,horseback riding
vize,vice
berufsrisiko,occupational risk
getürmt,fled
aufgeblasener,inflated
handfestes,tangible
boß,boss
seitenstraße,side street
bestrafst,punish
zynismus,cynicism
islands,islands
marlin,marlin
mutiges,courageous
boon,boon
deng,deng
rechtsanwälte,lawyers
wohlhabender,wealthy
koordination,coordination
inez,inez
rehabilitiert,rehabilitated
leuchtend,bright
gehustet,coughed
fame,fame
voldemort,Voldemort
elektrik,electrical
italiens,Italy's
bruchlandung,crash landing
verkohlt,charred
alm,alm
irritierend,irritating
taylors,Taylor's
norbert,Norbert
kunststücke,tricks
überhitzt,overheated
oss,oss
cates,cats
genre,genre
warze,wart
darein,in it
verzeichnis,directory
java,Java
farrah,farrah
weiterentwickeln,further develop
barbarei,barbarism
shimada,shimada
voriges,previous
vorgetragen,presented
hoss,hoss
bäuchlein,tummy
zumutung,imposition
gan,gan
erkenn,recognize
zs,zs
gewalteinwirkung,impact of violence
bibliothekar,librarian
konservatorium,conservatory
mylords,my lords
spezialitäten,specialties
exklusiven,exclusive
rechtsbeistand,legal aid
zerriss,torn
mccartney,McCartney
konservative,conservative
alois,alois
ronan,Ronan
wandten,turned
zelena,zelena
chez,chez
dredd,dredd
heimgekehrt,returned home
schotter,gravel
rührte,stirred
bragg,Bragg
notstand,emergency
fänger,catcher
heldentat,heroic deed
liebenswerte,lovely
elan,elan
britt,Britt
schneekönigin,snow queen
preysing,preysing
ito,ito
ishmael,Ishmael
planke,plank
shrimp,shrimp
vermache,bequeath
ausgefragt,interrogated
fäulnis,rot
schätz,estimate
obdach,shelter
shall,shall
southampton,Southampton
nepal,Nepal
reparierte,repaired
fundort,location
schmusen,cuddling
sailor,sailor
lounds,lounds
maultiere,mules
entfernter,distant
defibrillator,defibrillator
anprobe,fitting
pelham,pelham
vergünstigungen,discounts
jeannette,Jeannette
goin,goin
hackst,hack
monet,money
garn,yarn
hausaufgabe,homework
kaylee,Kaylee
satterfield,Satterfield
ursus,ursus
voyage,voyage
innenhof,courtyard
eingegriffen,intervened
burgen,castles
kennedys,Kennedy's
schutzgeld,protection money
konvertieren,convert
traumjob,dream job
einfluß,influence
erfüllst,fulfill
sturheit,stubbornness
stafford,Stafford
neumann,Neumann
ansagen,announce
hauptziel,main goal
tüchtiger,capable
optimus,optimus
verdankst,you owe
beweggründe,motives
fettig,greasy
dufte,fragrant
latnok,latnok
pinken,pink
kontinente,continents
baufirma,construction company
sechsen,six
sanni,sanni
clovis,clovis
tannen,fir trees
flugfeld,airfield
kerzenlicht,candlelight
luann,luann
umgekehrte,reverse
napa,Napa
angerannt,ran
bussi,kisses
hinwollen,want to go there
gelenke,joints
knallst,bang
idealist,idealist
schwirrt,buzzing
rog,rog
moralisches,moral
abstinenz,abstinence
begräbt,buries
feuergefecht,firefight
lachhaft,laughable
streicher,strings
kreator,creator
abfälle,waste
bereitschaftsraum,standby room
erstgeborene,firstborn
lnuki,lnuki
allemann,everyone
fernsehsendung,television program
wohltat,benefit
winch,winch
hirngespinste,figments of the imagination
caden,caden
urteilt,judges
militärgericht,military court
judo,judo
autobahnen,motorways
karosse,body
fortwährend,continuously
abschlussjahr,graduation year
schönheitswettbewerb,beauty pageant
nenner,denominator
pokerface,poker face
unannehmlichkeit,inconvenience
süßesten,sweetest
deva,deva
rückbank,rear seat
gilroy,gilroy
tanke,gas station
weitergezogen,moved on
daedalus,Daedalus
vorgesungen,sung
gegrüßet,Greetings
zusehe,watch
bleichen,bleaching
prozession,procession
gestrige,yesterday
steuere,tax
wegläufst,run away
signalisieren,signal
personalausweis,identity card
vorherrschaft,supremacy
spazierengehen,go for a stroll
fc,FC
einschüchterung,intimidation
merlot,merlot
verschissenen,fucking
auffallend,striking
sad,sad
überschwemmung,flooding
auswirkt,effects
ansteht,is pending
fouroux,fouroux
hodor,Hodor
beryl,beryl
claypool,claypool
beizutragen,to contribute
etiketten,labels
jump,jump
beehrt,honored
ausübt,exercises
erschreckte,frightened
kaoru,kaoru
süßkartoffeln,sweet potatoes
degubrut,degu brood
glynn,glynn
erlag,succumbed
wg,wg
ludlow,ludlow
einräumen,to accommodate
näheren,closer
tönt,sounds
relikt,relic
umstritten,controversial
eingriffe,interventions
überzeug,convince
verschiedensten,various
getöteten,killed
frankiin,frankiin
besuches,visit
außerirdisch,extraterrestrial
anfänge,beginnings
glühend,glowing
unternahm,undertook
künstlicher,artificial
safes,safes
viertens,fourth
mafioso,mafioso
premierministerin,prime minister
tupfer,swab
weltklasse,world-class
eingeschnappt,sulking
manon,manon
tus,tus
rance,rance
föhn,hairdryer
musikalischen,musical
seligkeit,bliss
bisweilen,sometimes
verschissen,fucked up
damme,Damme
acapulco,Acapulco
produzentin,producer
murat,murat
unterhielt,entertained
pheebs,pheebs
erbauen,build
blanc,blanc
jämmerlicher,miserable
ungarischen,Hungarian
kriegsbeil,hatchet
howe,howe
anzurichten,to prepare
unerklärliche,inexplicable
tariq,tariq
snape,snape
herbrachte,brought here
reproduktion,reproduction
blutfluss,blood flow
kundgebung,rally
cologne,Cologne
ilya,Ilya
tarek,tarek
rotznase,snotty nose
verängstigte,frightened
hammermäßig,awesome
körner,grains
pendragon,pendragon
anhöhe,hill
fabelhafter,fabulous
libido,libido
posieren,posing
eingraviert,engraved
its,its
einfachere,simpler
victory,victory
meyers,meyers
einzugrenzen,to limit
kredithai,loan shark
sympathischer,more likeable
aktuelles,current
schiüssei,shooting
harumi,harumi
nachtklub,nightclub
gesprächspartner,conversation partner
burgess,burgess
fruchtbarkeit,fertility
hinzugezogen,consulted
gesandte,envoy
burgunder,Burgundy
astaire,Astaire
kartoffelsalat,potato salad
transformation,transformation
kampfstern,battle star
erzähltest,you told
vorstandssitzung,board meeting
unüberlegtes,ill-considered
jobangebot,job offer
vereiteln,thwart
kantonesisch,Cantonese
magnetfeld,magnetic field
fühltest,felt
joana,Joana
friedensrichter,Justice of the Peace
brüller,hilarious
faulenzer,lazybones
heilte,healed
spielzimmer,playroom
nutzloses,useless
pickles,pickles
dito,ditto
burchell,Burchell
instrumenten,instruments
dünen,dunes
stichst,stabs
unbeholfen,awkward
gael,Gael
ausgeredet,talked out
hysterische,hysterical
nuck,nuck
entspringt,originates
rosig,rosy
überwältigende,overwhelming
hundehütte,doghouse
filii,filii
phrasen,phrases
frobisher,frobisher
strengstens,strictly
augenklappe,eye patch
türklingeln,doorbell
palais,palace
golem,golem
flugangst,fear of flying
farbiger,colored
vorbestimmt,predetermined
zündete,ignited
chev,chev
ständiges,constant
ausführt,executes
verlagert,relocated
kriegsgefangene,prisoners of war
zugegen,present
livingston,livingston
übertragenen,transferred
leidens,suffering
großtante,great-aunt
weibsbild,female
theologie,theology
brennstoff,fuel
tacker,stapler
gillis,gillis
durchbricht,breaks
hieronymus,Hieronymus
schlüsselkarte,key card
argos,Argos
abgeneigt,averse
zugestellt,delivered
rena,rena
jacksons,Jacksons
diebesgut,stolen goods
erzeugte,generated
dschungels,jungle
einteilen,divide
zwangsarbeit,forced labor
frevel,sacrilege
ultron,ultron
torso,torso
trunkenbold,drunkard
tatorte,crime scenes
würmern,worms
abgrundtief,abysmal
herzleiden,heart disease
explosive,explosive
weekly,weekly
gehörig,properly
projizieren,project
eispickel,ice pick
pforten,gates
olympische,Olympic
schwules,gay
stalken,stalking
glückszahl,lucky number
cream,cream
fünfundzwanzig,twenty-five
leitern,ladders
tanzschule,dance school
reynholm,reynholm
armbruster,crossbow
buddhismus,Buddhism
verschlossene,sealed
spielfilm,feature film
bermudas,Bermudas
voice,voice
zurückzurufen,to recall
hausbesuch,home visit
zukünftiges,future
mörderische,murderous
krieche,crawl
lanie,lanie
bittre,bitter
druide,Druid
flechten,braids
weinerlich,tearful
klubs,clubs
yogi,yogi
stoppuhr,stopwatch
kawasaki,Kawasaki
callum,callum
tutet,toot
zerfall,decay
kühlbox,cooler
knöpfchen,button
schuldgefühlen,feelings of guilt
services,services
radiosprecher,radio announcer
beschlagen,fogged
fragerei,questioning
babyparty,baby shower
improvisation,improvisation
rettungskapsel,rescue capsule
hemmungslos,uninhibited
schnuppert,sniffs
schallend,resounding
frittiert,deep-fried
odi,odi
formulierung,formulation
habib,habib
buddeln,dig
pult,desk
sancti,sancti
chirurgisch,surgical
sturzflug,nosedive
staatlich,state
léon,Léon
hinbiegen,bend
einschlafe,falling asleep
pontiac,Pontiac
gestunken,stank
pinzette,tweezers
bündeln,bundle
radioaktiven,radioactive
hana,Hana
beachtliche,considerable
liquidieren,liquidate
sarek,sarek
saukerl,bastard
durchgeknallter,crazy
kamikaze,kamikaze
kamillentee,chamomile tea
gesetzloser,lawless
japanerin,Japanese
gurte,straps
gehangen,hung
meadows,meadows
iittie,iittie
mirko,Mirko
quäl,torture
meningitis,meningitis
designs,designs
krauts,krauts
früheres,former
nervige,annoying
jud,jud
laroche,laroche
seitwärts,sideways
fegt,sweeps
xifeng,xifeng
indianerin,Indian
bertie,Bertie
zara,Zara
sophies,Sophie's
ucla,ucla
zooey,zooey
caspar,Caspar
glasur,glaze
rumba,rumba
fernes,distant
ronja,Ronja
unterstützten,supported
zweifelsfrei,doubtless
unzen,ounces
fancy,fancy
füllst,fill
mischling,hybrid
sämtlicher,all
schädigen,damage
legitime,legitimate
fetisch,fetish
gehäutet,skinned
artemis,Artemis
vorgeschrieben,prescribed
schriftzeichen,characters
vokabular,vocabulary
caputo,caputo
buchhalterin,accountant
versklaven,enslave
rumgefahren,drove around
rüttelt,shakes
terroristischen,terrorist
rascal,rascal
angesprungen,started
befrei,free
rumgeschnüffelt,snooping around
weggeräumt,put away
bekanntgabe,announcement
kommunikationssystem,communication system
samstagmorgen,Saturday morning
kaltem,cold
misere,misery
simpler,simpler
sur,sur
aufzwingen,imposition
montiert,assembled
einsatzteam,task force
öffentlichkeitsarbeit,public relations
katalysator,catalyst
schoen,nice
radieschen,radish
jayne,Jayne
bratwurst,bratwurst
donahue,donahue
shopping,shopping
durchgelesen,read through
schmerzhafter,painful
mitreißen,sweep away
alleinstehend,single
seeley,Seeley
maxi,maxi
ungarische,Hungarian
anlügt,lies
mcgregor,McGregor
killern,killer
chaussy,Chaussy
gebildeter,educated
übergebt,handed over
vaseline,vaseline
bereist,traveled
marika,Marika
silberner,silver
handgranaten,hand grenades
eindämmen,contain
konsumiert,consumed
dougal,dougal
zurückzuschlagen,to strike back
schlepp,tow
steuereintreiber,tax collector
erhellen,illuminate
beagle,beagle
reflektieren,reflect
svensson,svensson
auswandern,emigrate
liberale,liberal
fata,fata
bastian,Bastian
gegenstück,counterpart
excelsior,excelsior
simulationen,simulations
kille,kill
majors,majors
denkens,thinking
titelblatt,title page
talentshow,talent show
bratpfanne,frying pan
geistesgestört,mentally disturbed
smee,smee
empfindung,sensation
eds,eds
blödmänner,idiots
befragte,interviewed
unfällen,accidents
fleh,plea
verdaut,digested
hinzuweisen,to point out
entsandt,dispatched
opernhaus,opera house
vernebelt,foggy
angemessenes,appropriate
hearst,hearst
fianders,landers
ungezogener,naughty
vikings,Vikings
doppelbett,double bed
odette,Odette
vorurteil,prejudice
übernatürliches,supernatural
strafrechtlich,criminal law
verdreifacht,tripled
tricia,Tricia
studentenwohnheim,student residence
sapiens,sapiens
clumsy,clumsy
übertönt,drowned out
oli,oli
livius,Livy
umliegenden,surrounding
kristoffer,Kristoffer
göttliches,divine
lyman,lyman
absturzstelle,crash site
auseinandersetzungen,disputes
telepathisch,telepathic
meeresboden,seabed
luger,luger
erlaubten,allowed
kunstgeschichte,art history
risotto,risotto
seelenheil,salvation
beeindruckendes,impressive
verwahren,store
logistik,logistics
zeitstempel,timestamp
schenkten,gifts
flachwichser,flat-faced wanker
begrabe,bury
kackt,poops
nymphomanin,nymphomaniac
teelöffel,teaspoon
packungen,packages
gepennt,slept
reibe,rub
tagtäglich,daily
roar,roar
parma,Parma
telefons,telephones
spirit,spirit
vorgedrungen,advanced
hörgeschädigte,hearing impaired
belange,concerns
kontinenten,continents
jennys,Jenny's
weltreise,world trip
reingeplatzt,burst in
zutreffen,apply
westeros,Westeros
grausamkeiten,atrocities
erzwungen,forced
sicherheitskamera,security camera
pedale,pedals
tobe,to be
operiere,operate
früchtchen,little fruit
stürmte,stormed
koalition,coalition
frédéric,Frédéric
erstsemester,first-year students
stuhlgang,bowel movement
engstirnig,narrow-minded
roarke,roarke
fabelhaften,fabulous
mansfield,Mansfield
höhnisch,mocking
eierstöcke,ovaries
com,com
arzttermin,doctor's appointment
müder,tired
investiere,invest
genehmigungen,permits
tendenzen,trends
fatma,fatma
niedlicher,cute
besonnen,prudent
entziehungskur,detoxification
männersache,men's thing
dazwischengekommen,something happened
chien,chien
hochrangige,high-ranking
verwest,decomposed
kunststoff,plastic
ramme,ram
zugewandt,facing
kroger,Kroger
schuldgefühl,guilt
hochzeitsfeier,wedding celebration
hochladen,upload
kimono,kimono
dulles,dulles
beschlag,fitting
hö,hö
mcfly,mcfly
üppig,lush
terrier,terrier
auffrisst,eats
tüchtige,capable
farbenblind,colorblind
whiteside,whiteside
ausrichtung,alignment
stürmten,stormed
bedauerst,regret
niedergelassen,established
röhrchen,tube
gt,gt
hercule,Hercule
charter,charter
herausgeschnitten,cut out
promi,celebrity
index,index
synchro,dubbing
rohen,raw
mongolen,Mongols
words,words
groove,groove
taschenlampen,flashlights
cherokee,Cherokee
geflickt,patched
hauptdarstellerin,lead actress
tui,tui
keusch,chaste
peanut,peanut
revenge,revenge
tyree,tyree
einschusslöcher,bullet holes
donnerstagabend,Thursday evening
zeche,coal mine
schusswaffe,firearm
turkey,Turkey
frontal,frontal
versiehst,provide
uniformierten,uniformed
perfektioniert,perfected
inspirierte,inspired
wr,wr
schützte,protected
erhitzen,heat
schätzungsweise,approximately
angeregt,suggested
respektierte,respected
roche,Roche
weggeschnappt,snatched away
intimen,intimate
prompt,prompt
blinkt,blinking
punchy,punchy
sternbild,constellation
beugte,bent
bernardo,Bernardo
unzufriedenheit,discontent
gettysburg,Gettysburg
revision,revision
umweltverschmutzung,pollution
bestandteile,components
studierten,studied
melman,Melman
laborergebnisse,laboratory results
sorgsam,carefully
bluebell,bluebell
miri,miri
unwahr,untrue
festgemacht,fastened
metaphorisch,metaphorically
pionier,pioneer
schiefläuft,goes wrong
fashion,fashion
mätzchen,antics
eroberte,conquered
exodus,Exodus
totschlags,manslaughter
abzusehen,to be foreseeable
menschenhandel,human trafficking
vegetation,vegetation
langston,Langston
mechs,mechs
pressesprecher,press spokesman
oberstufe,upper secondary level
fiir,fiir
unsympathisch,unpleasant
individuelle,individual
einlädst,invites
indios,Indians
catering,catering
zuckerguss,frosting
hörgerät,hearing aid
bliss,bliss
verhöhnen,mock
unvorstellbare,unimaginable
sentimentalität,sentimentality
auszupacken,to unpack
sorbonne,Sorbonne
sommersprosse,freckle
diesjährige,this year
hakenzahn,hook tooth
traums,dream
loszulegen,to get started
zuverlässigen,reliable
dürr,dry
tada,tada
walde,forest
smaragd,emerald
verunsichern,unsettle
einzulegen,to insert
mösen,pussies
naoki,naoki
clary,clary
poststelle,post office
knistert,crackles
abgesprungen,jumped off
zeichensprache,sign language
jagger,Jagger
abgestiegen,relegated
wütendes,furious
blackbeard,blackbeard
beherrschst,master
stickerei,embroidery
hoer,listener
suicide,suicide
gehilfe,mate
schränken,restrict
deeds,deeds
schwachsinnige,feeble-minded
bauchspeicheldrüse,pancreas
lobenswert,commendable
kontamination,contamination
zyanid,cyanide
rausgefallen,fell out
verzaubern,enchant
vektor,vector
shockley,shockley
iß,eat
ehrenhaften,honorable
bequemlichkeit,comfort
grauenhafte,horrible
kampfsport,martial arts
schmerzensschrei,scream of pain
weilen,while
schlagstock,baton
bridges,bridges
verwegen,daring
erfolgreiches,successful
autismus,autism
stillstehen,stand still
unermesslich,immeasurable
überfluten,flood
bearbeitung,editing
kälber,calves
voreilige,premature
schlüssig,coherent
gemeindezentrum,community center
tragisches,tragic
überdauern,survive
zebras,zebras
uralter,ancient
geisteskranken,mentally ill
gestohlener,stolen
beweislage,Evidence
feet,feet
shooting,shooting
kebab,kebab
wolfsblut,wolf's blood
publikums,audience
geheuer,safe
kapitalisten,capitalists
außenstelle,branch office
filtern,filter
toretto,toretto
desselben,the same
babu,babu
befasse,deal with
unzurechnungsfähig,incapable of understanding
eingebildete,imagined
unorthodox,unorthodox
sauf,drink
volumen,volume
kampfbereit,ready for battle
ciro,ciro
bespreche,discuss
käfigen,cages
abtrünnig,rebel
gestiftet,donated
teufeln,devils
clancy,clancy
spezifische,specific
geflüster,whispered
verblute,bleed to death
tritte,kicks
abnehmer,customer
umkam,died
vertickt,sold
hayward,Hayward
konferenzen,conferences
lohnerhöhung,wage increase
häufigsten,most
hervorragendes,excellent
maulesel,mule
anmerkung,note
intelligence,intelligence
gefährdest,endanger
ride,ride
verrücktesten,craziest
bms,bms
hoffnungslose,hopeless
verträumte,dreamy
dreitausend,three thousand
verdampft,evaporates
zurückkaufen,buy back
ville,ville
antennen,antennas
kristoff,Kristoff
return,return
eingekreist,surrounded
dämons,demon
aston,aston
temps,temps
geklont,cloned
schänden,desecrate
sumida,sumida
unterrichtest,teach
herausziehen,pull out
betrügereien,fraud
ige,ige
transe,trans
tabelle,tabel
jungens,young
probefahrt,test drive
rumkriegen,get around
mub,mub
giorno,giorno
brainpower,brainpower
mehrfache,multiple
warlock,warlock
couscous,couscous
krasser,more extreme
sears,sears
blumenstrauß,bouquet
shaitana,shaitana
unterwürfig,submissive
standby,standby
zusammengetan,joined forces
vereitelt,thwarted
staffelfinale,season finale
mysteriöses,mysterious
dunkelkammer,darkroom
rosemarie,rosemarie
kathrin,Kathrin
laufburschen,errand boys
poison,Poison
charlottes,Charlotte's
velrans,velrans
grünzeug,greens
geografie,geography
produkten,products
arroganten,arrogant
mikrofone,microphones
vorstoß,initiative
leitungswasser,tap water
razzien,raids
crocker,Crocker
barley,barley
schlanker,slimmer
aktualisiert,updated
norad,norad
hereinkommt,comes in
genehmige,approve
goss,pours
fixe,fixed
handflächen,palms
verhaltensmuster,behavioral patterns
unbeschädigt,undamaged
anzuführen,to cite
abstrakt,abstract
bettle,bed
billys,Billy's
kartei,card index
edam,edam
follow,follow
psychotischen,psychotic
schweigens,silence
hirogen,hirogen
pinkelst,pee
ausweiten,expand
nachahmungstäter,copycat offenders
wagenheber,jack
amputation,amputation
hüh,hee-haw
soufflé,souffle
todesfalle,death trap
spielerei,play
alkoholikern,alcoholics
sensiblen,sensitive
anbruch,dawn
empfindlichen,sensitive
kellys,Kelly's
gewagte,daring
ertappen,catch
anspringen,start
gestell,frame
cheri,cheri
mallorca,Mallorca
huber,huber
sänfte,litter
einzupacken,to pack
abschnitte,sections
dänisch,Danish
gleichstand,tie
shiva,Shiva
zeitdruck,time pressure
bleibenden,permanent
brems,brake
äußerungen,statements
sicherheitsrisiko,security risk
padma,padma
überquerte,crossed
gutaussehenden,handsome
einzuleiten,to initiate
liefe,running
sprengsätze,explosives
selbstbeherrschung,self-control
ausgelaufen,leaked
inning,inning
zedd,zedd
bruchstücke,fragments
wassern,water
ronin,ronin
erachtet,considered
siam,Siam
unterging,sank
austen,austen
eta,eta
kühne,bold
demütigungen,humiliations
geflügel,poultry
nationales,national
herbekommen,get here
godwyn,godwyn
unterhaltet,entertains
knöcheln,ankles
hao,hao
waffensystem,weapon system
vida,vida
rucksäcke,backpacks
starrten,stared
shilo,Shilo
staatsfeind,enemy of the state
miraculix,Miraculix
bray,bray
exkursion,excursion
bedrohten,threatened
gesegnete,blessed
herausgeholt,extracted
dienerschaft,servants
cyber,cyber
loves,loves
bauernhaus,farmhouse
stehts,always
abgemeldet,logged out
strawberry,strawberry
suff,drunk
wahnvorstellung,delusion
zusammenbrach,collapsed
mistding,mischief
jara,Jara
waden,calves
verschlüsselten,encrypted
geheimagenten,secret agents
verdächtigungen,suspicions
flüssigen,liquid
export,export
sandoval,sandoval
ungebildet,uneducated
nachrichtensprecher,news anchor
baileys,Baileys
jähzornig,quick-tempered
mil,mil
apparate,apparatus
satzung,statutes
ikarus,Icarus
orlow,orlow
blythe,blythe
bengtzon,Bengtzon
zurückließ,left behind
hair,hair
umgehst,bypass
meera,Meera
tampon,tampon
tadel,reprimand
vorteilhaft,advantageous
deserteure,deserters
triple,triple
gründlicher,thorough
anzukämpfen,to fight
betraten,entered
brauchbare,usable
sanford,Sanford
tallahassee,Tallahassee
derartigen,such
goldgrube,gold mine
herunterkommen,come down
aushältst,can endure
pasteten,pies
schlauberger,smarty-pants
bogenschütze,archer
sprungbrett,springboard
valance,valance
kovak,kovak
nötiger,necessary
flussabwärts,downstream
winn,winn
umhören,listen
ohrstöpsel,earplugs
tränke,drinking water
schmeichler,flatterer
antreiben,drive
footballspieler,football player
rühreier,scrambled eggs
dagmar,Dagmar
augenweide,eye candy
tellerwäscher,dishwasher
portugiese,Portuguese
mile,mile
wlan,Wi-Fi
sandkasten,sandbox
dov,dov
standing,standing
christoffer,christoffer
tuen,do
verzauberten,enchanted
sis,sis
atemlos,breathless
hungert,starving
ute,ute
tiefstes,deepest
bloods,bloods
gebräu,brew
mystischen,mystical
zusammengeflickt,patched together
gulliver,gulliver
shaws,shaws
gesegelt,sailed
download,download
wunschdenken,wishful thinking
schwerwiegende,serious
umwerfende,stunning
panzerung,armor
betraut,entrusted
bildes,image
einstudiert,rehearsed
bully,bully
dressing,dressing
hochzeitstorte,wedding cake
fantasiert,fantasizes
yet,yet
robyn,Robyn
nd,and
macken,quirks
entflammt,ignites
videothek,video library
ähem,ahem
angelique,Angelique
erwärmt,heated
verkehrslärm,traffic noise
begehrte,highly sought-after
geschult,trained
brate,fry
trakt,tract
entzugsklinik,detox clinic
misthaufen,manure heap
wohlhabenden,wealthy
verabschiedung,adoption
abhaben,have
entweiht,desecrated
nielsen,Nielsen
lieberman,lieberman
erwärmen,heat
edge,edge
katharine,Katharine
studienjahr,academic year
finanzieller,financial
shuttlerampe,shuttle ramp
mindern,reduce
vergessenen,forgotten
westside,westside
bankdirektor,bank director
petz,petz
begehrst,do you desire
draco,Draco
symmetrie,symmetry
abzutreten,to cede
fährmann,ferryman
begierden,desires
larsson,Larsson
bück,bend
monatliche,monthly
familiären,family
sigmund,Sigmund
renoir,Renoir
unvergleichlich,incomparable
nationalpark,national park
spiritueller,spiritual
dolph,dolph
rettungsmission,rescue mission
handtaschen,handbags
pfannen,pans
langsames,slow
bosses,bosses
wiederzubekommen,to get back
shari,Shari
hässlichkeit,ugliness
homosexueller,homosexual
verpfändet,pledged
evening,evening
verrichtet,performed
armseliges,pitiful
drangehen,approach
frommer,pious
mandi,mandi
identifiziere,identify
mp,mp
aftershave,aftershave
zuschlag,surcharge
faulenzen,lazing around
verschließ,close
nachbildung,replica
errol,errol
instituts,institutes
meerschweinchen,guinea pigs
tankwart,gas station attendant
meinetwillen,for my sake
koppel,coupling
bremen,Bremen
sanjay,sanjay
sirius,Sirius
gigantischer,gigantic
schneeflocke,snowflake
cailin,cailin
alltäglichen,everyday
riesengroße,gigantic
steuerfrei,tax-free
versand,shipment
technicolor,technicolor
verschaff,provide
schorsch,George
schampus,bubbly
fliegendes,flying
baseballspiel,baseball game
californication,Californication
prozentsatz,percentage
rotterdam,Rotterdam
amc,amc
niedere,lower
phosphor,phosphorus
zui,zui
chandier,changer
lobt,praises
hineingeraten,got caught up in it
manne,man
giants,giants
versteigern,auction
absinth,absinthe
debatten,debates
faszinierenden,fascinating
akron,akron
ackerman,ackerman
kodai,kodai
lichtjahren,light-years
islamabad,Islamabad
abzureisen,to depart
hailey,Hailey
fremont,Fremont
heimisch,home
trampen,hitchhiking
däumchen,thumbs up
immens,immense
deckmantel,cover
laird,Laird
gestreut,scattered
creel,creel
sperrten,blocked
hauptbahnhof,main train station
holle,hell
geilste,coolest
süsser,sweet
herrsche,rule
spenser,Spencer
ausdrückt,expresses
halsabschneider,cutthroats
beeinflussung,influence
ausseht,looks
trommelt,drums
turnen,do gymnastics
eskimos,Eskimos
beizustehen,to assist
anzuzeigen,to display
installation,installation
pennt,sleeps
karras,karras
besoffenen,drunk
munkelt,rumors
pinot,Pinot
sechst,sixth
filzen,felting
dienstwaffe,service weapon
konzipiert,designed
paley,paley
handsome,handsome
schulbehörde,school authority
mauser,molt
deans,deans
ausgesaugt,sucked out
drücker,push button
höllenloch,hellhole
anstreben,aim
beilegen,enclose
verteiler,distributor
wildkatze,wildcat
methan,methane
psychos,psychos
verwunderlich,surprising
defekten,defective
unbegrenzten,unlimited
swanson,swanson
verängstigen,frighten
verneigen,bow
sharma,sharma
michèle,michèle
zenith,zenith
schnürchen,string
beschmiert,smeared
kontroverse,controversy
verliebter,in love
singularität,singularity
vibrieren,vibrate
bran,bran
arbeitskraft,labor
äpfeln,apples
kieran,Kieran
haddie,haddie
brennholz,firewood
riton,Riton
großonkel,great-uncle
mitkriegt,notices
ater,older
goody,goody
psalm,psalm
gierige,greedy
mancini,mancini
enkelsohn,grandson
abrasiert,shaved
bluthochdruck,high blood pressure
instabilität,instability
abba,abba
gegenseite,opposite
carnegie,Carnegie
plastischen,plastic
geladenen,loaded
nervösen,nervous
mitreden,have a say
mas,mas
impfungen,vaccinations
gehässig,spiteful
drillinge,triplets
hohlkopf,hollow head
fertige,finished
moogie,moogie
patientinnen,patients
zek,zek
mumps,mumps
peak,peak
schnorrer,freeloader
colonna,colonna
schoßhündchen,lapdog
regelung,control
peinliches,embarrassing
aufgezwungen,imposed
unterzeichnete,signed
heath,heath
buchführung,accounting
rösten,roast
verwahrt,kept
bard,bard
taktisches,tactical
pheromone,pheromones
feurigen,fiery
milchkaffee,latte
corso,corso
wangenknochen,cheekbones
vorfahre,ancestor
emery,emery
kleb,glue
einlud,invited
juliana,Juliana
zhen,zhen
anfechten,contest
auszuhändigen,to hand over
reaktivieren,reactivate
gescheiterten,failed
lakers,Lakers
borden,border
elternabend,parents' evening
besprachen,discussed
expo,expo
unvergessliche,unforgettable
aufführt,performs
defensiv,defensive
keyser,keyser
vizekönig,viceroy
neck,neck
landurlaub,country holiday
anspannen,tense
blaise,Blaise
ausdiskutieren,discuss
rappen,rap
lähmt,paralyzes
erntedankfest,harvest festival
auszahlung,payout
entlein,duckling
nachtdienst,night shift
jessicas,Jessica's
mengele,Mengele
schadensbegrenzung,damage control
seriennummern,serial numbers
nebeneffekt,side effect
rhetorische,rhetorical
analysten,analysts
draufsteht,It says
mexikanisch,Mexican
restliches,remaining
aktivierte,activated
arav,arav
krakau,Krakow
abschminken,removing makeup
bonnet,bonnet
bader,bader
entwarnung,All clear
schockierende,shocking
außenstehenden,outsiders
yeti,yeti
enzym,enzyme
südpol,South Pole
telepathischen,telepathic
britisches,British
körperliches,physical
fear,fear
verurteilst,condemn
knowles,knowles
hegte,nurtured
westminster,Westminster
streichle,pet
mildernde,mitigating
amyas,Amyas
phileas,phileas
durchschuss,bullet
schranke,barrier
leia,Leia
assistenzärztin,assistant physician
unnötiges,unnecessary
opfergabe,offering
absurden,absurd
shotgun,shotgun
esperanza,esperanza
ranmachen,attach
schaltkreis,circuit
ke,ke
kommts,comes
lovell,lovell
schlüsselanhänger,keychain
pussycat,pussycat
helsinki,Helsinki
connolly,Connolly
este,este
gargamel,gargamel
sät,sows
gebilligt,approved
barrel,barrel
autobots,Autobots
hommage,homage
sunrise,sunrise
crescent,crescent
dosenöffner,tin opener
riskante,risky
anhänglich,clingy
urknall,Big Bang
verzerrung,distortion
zersplittert,splintered
junggesellenparty,bachelor party
stubenarrest,house arrest
gerti,Gerti
schaltung,circuit
runterkommt,comes down
verschwörungen,conspiracies
gregg,Gregg
athos,Athos
umarmte,embraced
aufgemischt,mixed up
blanca,blanca
montmartre,Montmartre
vorbilder,role models
blauem,blue
gesinnung,attitude
trina,trina
limited,limited
ausbauen,expand
fuhre,drive
bereitstehen,be ready
übergib,hand over
raider,raider
erfrischungen,refreshments
eintrat,entered
schüttelte,shook
miesepeter,grouch
krankhaft,pathological
statusbericht,status report
besserungsanstalt,reformatory
heilende,healing
wusst,knew
angemalt,painted
auskosten,savor
nachjagen,chasing
markos,markos
lhasa,Lhasa
telegrafiert,telegraphed
sommertag,summer day
klette,burdock
führender,leading
schändliche,shameful
gitarrist,guitarist
gräuel,abomination
victorias,Victoria's
rmã,rmã
durchhält,endures
betroffene,affected
dinieren,dine
brook,brook
arbeitsstelle,job
anrührst,touch
cochrane,Cochrane
erfolgs,success
gesundheitszustand,health
klargekommen,coped
departments,departments
malkovich,Malkovich
chrysler,Chrysler
pearce,pearce
musikern,musicians
schmierig,greasy
funkverbindung,wireless connection
puppenhaus,dollhouse
derzui,derzui
whittaker,Whittaker
zugeschickt,sent
ausgespannt,relaxed
abzuschießen,to shoot down
angebaut,cultivated
wesson,Wesson
verleumdet,slandered
ausgedruckt,printed
astronomen,astronomers
erdatmosphäre,Earth's atmosphere
pizzas,pizzas
hinsetzt,sits
archive,archive
spinnweben,cobwebs
vollstes,fullest
dreiviertel,three-quarters
ashby,Ashby
tulse,tulse
abgemurkst,murdered
exeter,exeter
junko,junko
bedienstete,servants
behaart,hairy
regeneration,regeneration
bligh,bligh
wataru,wataru
kardinals,cardinals
hauptfigur,main character
beethovens,Beethoven's
vermassle,mess it up
einflussreich,influential
sonnensystems,solar system
treuhandfonds,trust funds
rausholt,extracts
lebenslangen,lifelong
pepi,Pepi
toppen,topping
nachfüllen,refill
schönem,beautiful
nitroglyzerin,nitroglycerin
aufwiedersehen,Goodbye
vaterschaftstest,paternity test
behielten,retained
dienstnummer,service number
anguckt,looks
manila,Manila
notbremse,emergency brake
integration,integration
aphrodisiakum,aphrodisiac
hornblower,hornblower
ishikawa,ishikawa
uhrmacher,watchmaker
übergriffe,assaults
faible,weakness
erschütterung,vibration
schliefst,slept
julies,Julie's
fender,fender
angsthasen,cowards
teamarbeit,teamwork
erfülltes,fulfilled
mordor,Mordor
reddle,reddle
barn,barn
aufkaufen,buy up
bezirzen,charm
segler,sailors
häufen,accumulate
thornhill,thornhill
herausschneiden,cut out
ruhmreichen,glorious
anselmo,Anselmo
obliegt,is responsible
moneypenny,moneypenny
lauda,lauda
unmittelbarer,immediate
vogler,vogler
dienstes,service
krassen,extreme
ausschütten,pour out
kurzform,short form
momento,momento
eskortiert,escorted
mtv,mtv
berate,advise
yea,yeah
schwimmbecken,swimming pool
luftballons,balloons
vorbeugen,prevent
befunde,findings
reykjavik,Reykjavik
solides,solid
ausgingen,went out
strahlst,radiant
beharrlichkeit,persistence
bußgeld,fine
sportplatz,sports field
gadget,gadget
chevrolet,Chevrolet
vorfreude,anticipation
naniten,nanites
verwendest,use
spritzte,sprayed
nuys,nuys
weigerten,refused
sitzenlassen,sit
elly,elly
schlittschuhe,ice skates
gelangten,reached
rauszulassen,to release
gutachter,expert
ie,ie
tobbe,tobbe
ermüdet,tired
geburten,births
julián,Julián
herrschenden,ruling
ungleichgewicht,imbalance
patenkind,godchild
snart,snart
wake,wake
midway,midway
pod,pod
deer,deer
computersystem,computer system
froher,happier
bällen,balls
widersacher,adversary
abrams,Abrams
rechtschreibung,spelling
feldes,field
gesellig,sociable
bibliothekarin,librarian
raquel,Raquel
ablegt,deposits
beschneiden,prune
gustaf,Gustaf
terrorakte,terrorist acts
wettest,bet
gehirnen,brains
delenn,delenn
nichtmehr,no longer
maiden,maiden
kraken,kraken
hitzig,heated
fahrgestell,chassis
conrads,Conrad's
bösartiger,malignant
vector,vector
stans,stans
fünftes,fifth
preist,price
zögerte,hesitated
darlegen,explain
geschlechter,genders
entpuppt,turns out
schwesternschaft,sisterhood
päpstlichen,papal
arschbacken,buttocks
einschränkung,restriction
verunreinigt,contaminated
demon,demon
hyatt,hyatt
registrierte,registered
sammelten,collected
kosovo,Kosovo
verfasser,writer
versus,versus
grog,grog
massenweise,masses
rae,rae
plural,plural
rotzlöffel,snotty
maßstäbe,scales
feststeht,is certain
davie,davie
kimball,Kimball
wonderful,wonderful
pulverfass,powder keg
gescheut,avoided
abzuknallen,to shoot
ladegerät,charger
telefonanrufe,phone calls
augenzeugin,eyewitness
kalzium,calcium
leiblicher,physical
hosenträger,suspenders
navigationssystem,navigation system
dazustehen,to stand there
überhören,ignore
prentice,Prentice
gustl,gustl
siegerin,winner
xin,xin
deflektor,deflector
flügelmann,wingman
rohren,pipes
grölen,bawl
schönster,most beautiful
verklag,sue
hisst,hoists
aufspielen,play
schniefen,sniffing
herangehensweise,approach
abkürzungen,abbreviations
zurückzunehmen,to withdraw
nebensächlich,minor
ausgetreten,resigned
hellste,brightest
tsukiko,tsukiko
undankbaren,ungrateful
zecke,tick
sarajevo,Sarajevo
relevanten,relevant
beschleuniger,accelerator
bewusstseins,consciousness
hester,hester
tiefsinnig,profound
rassistische,racist
betreffenden,The relevant
arlen,arlen
panzerwagen,armored car
gordy,Gordy
wachmänner,guards
repräsentant,representative
eiin,a
kabeljau,cod
morten,Morten
einsatzbesprechung,mission briefing
gerieben,grated
dogen,dogs
turners,turners
beilage,side dish
ausguck,lookout
ausgrabungen,excavations
strohmann,straw man
türöffner,door opener
hetze,hate speech
ahornsirup,maple syrup
warpgeschwindigkeit,warp speed
muffy,muffy
claudette,Claudette
reinzuziehen,to in
deux,deux
gelüste,cravings
kikeriki,cock-a-doodle-doo
achmed,achmed
päpstliche,papal
ethische,ethical
dezent,subtle
herausreißen,tear out
liebesgeschichten,love stories
geschäftsmänner,businessmen
hanover,Hanover
essbar,edible
wirbelsturm,hurricane
drogenmissbrauch,drug abuse
track,track
nickie,nickie
hilfssheriffs,deputy sheriffs
verrenkt,dislocated
kannibale,cannibal
fantasy,fantasy
wilsons,Wilsons
wiederkam,came back
anhabe,wear
schleimige,slimy
brabbelt,babbles
hochbringen,lift
shooter,shooter
zerreiße,tear apart
awesome,awesome
dominiert,dominates
gedichten,poems
hawes,hawes
bischöfe,bishops
durham,Durham
tink,tink
dobson,Dobson
silo,silo
called,called
schnepfe,snipe
fatale,fatal
command,command
dürftig,meager
kreises,circle
kinsey,Kinsey
kunstform,art form
ibm,IBM
fiele,fell
duckt,ducks
vive,live
superkraft,superpower
lehrgang,course
autowerkstatt,car repair shop
angesammelt,accumulated
elbe,Elbe
sozialdienst,social service
schriller,shrill
berührten,touched
stierkämpfer,bullfighter
hauptgrund,main reason
sandsack,sandbag
joch,yoke
chilton,chilton
unpässlich,indisposed
drummond,drummond
jasons,Jason's
zupacken,grab
doherty,doherty
zwecks,for the purpose of
itaker,itaker
ramiro,ramiro
corvax,corvax
givens,givens
tommaso,tommaso
klebe,glue
ausgeweidet,gutted
schüren,stoke
preises,price
winkelmann,Winkelmann
schadenersatz,compensation
rehabilitieren,rehabilitate
verschlucken,swallow
schiesserei,shoot-out
hinzugeben,add
zusatzartikel,additional items
versauern,sour
merde,merde
materielle,material
saints,saints
desinfektionsmittel,disinfectant
mutmaßliche,presumably
militärbasis,military base
bulls,bulls
bergleute,miners
absehen,forego
jährige,year-old
gegönnt,indulged
sticker,sticker
versicherungspolice,insurance policy
staatsstreich,coup d'état
altmodischer,old-fashioned
knallte,bang
impfung,vaccination
niedliches,cute
hinterlegen,deposit
geldverschwendung,waste of money
hande,hands
hiernach,after this
geohrfeigt,slapped
ungiaubiich,ungiaubiich
wanken,wavering
ständchen,serenade
schibetta,schibetta
liessen,let
verräters,traitor
ravi,ravi
drastische,drastic
solis,solis
rancher,rancher
reingehst,go in
aschenbrödel,Cinderella
rescue,rescue
bewachst,guarded
spezifikationen,specifications
iranische,Iranian
crank,crank
trübt,clouded
tablet,tablet
roark,roark
abstrich,smear
ersatzmann,substitute
wichtigem,important
rémy,Rémy
vorzufinden,to be found
anämie,anemia
ehrenhafter,honorable
gesetzliche,statutory
mordverdacht,suspicion of murder
talkshow,talk show
atomaren,atomic
halluzinieren,hallucinate
maester,maester
nachfolgerin,successor
fön,hairdryer
übergewicht,overweight
einschließt,includes
strolchi,Strolchi
teenagern,teenagers
theben,Thebes
vorhalten,hold
kovacs,Kovacs
raban,raban
atemnot,shortness of breath
caseys,caseys
geruht,deigns
kaye,Kaye
fantasieren,fantasize
shado,shado
gestützt,supported
begünstigt,favored
drüsen,glands
schoner,beautiful
braithwaite,braithwaite
abgefahrene,crazy
targaryen,Targaryen
himmelherrgott,Good heavens!
quickie,quickie
mutterleib,womb
vergast,gassed
diktat,dictation
dienstzeit,service time
allergrößte,greatest
teleportieren,teleport
verdrahtet,wired
condor,condor
verschwindens,disappearing
luthors,Luthers
klitzekleinen,tiny
klans,clan
fündig,found
pap,paper
schüchterne,shy
dynamite,dynamite
abzufeuern,to fire
merrill,Merrill
gegnerischen,opposing
deluxe,deluxe
dunja,Dunja
lokaler,local
kreuzigung,crucifixion
planetarium,planetarium
mitarbeiten,collaborate
shang,shang
anrufs,call
begehst,commit
veranlasse,cause
voigt,Voigt
pädophilen,pedophiles
überlebenskünstler,survivalist
gr,gr
verdeutlichen,illustrate
kriegsgefangener,prisoner of war
galeere,galley
abgetrennten,separated
huss,huss
aufrichtigen,sincere
eiskalten,ice-cold
körperkontakt,physical contact
einvernehmlich,by mutual agreement
unschöne,unpleasant
durchlesen,read through
interagieren,interact
beglücken,delight
wedeln,wave
illia,illia
reichten,sufficient
zurã,to
verständlicherweise,understandably
burr,burr
kohlenhydrate,carbohydrates
qaida,al-Qaida
spektakuläre,spectacular
umlegt,moves
rausschicken,send out
häßlich,ugly
laure,laure
niederschlagen,suppress
mmmh,mmmh
prager,Prague
verdrehten,twisted
missionar,missionary
lefebvre,lefebvre
verdroschen,beaten
erzieht,educates
holländischen,Dutch
wee,wee
ihrerseits,in turn
herold,herald
sequenzen,sequences
anka,Anka
verdachts,suspicion
generaloberst,Colonel general
bluffst,bluff
mittlerer,medium
maps,maps
commissaire,commissaire
besatzungsmitglieder,crew members
australischen,Australian
pippin,Pippin
außenstehende,outsiders
weggeschafft,removed
herzelinde,Herzelinde
weiserthomas,weiserthomas
lebensweg,life path
schlepptau,tow rope
beam,beam
vespa,vespa
schnellzug,express train
beschreib,describe
geographie,geography
einfälle,ideas
kieker,kieker
sok,sok
schummelst,You cheat
verbal,verbal
unvoreingenommen,unbiased
sockel,base
göring,Göring
fress,eat
guinevere,guinevere
zucchini,zucchini
frisuren,hairstyles
verwette,bet
wracks,wrecks
ziert,adorns
nachzukommen,to comply
dramatik,drama
warlow,Warlow
telefongespräch,telephone conversation
reservoir,reservoir
malheur,mishap
rasierst,shave
himalaya,Himalayas
os,os
schulfreund,school friend
testete,tested
nachempfinden,empathize
glamour,glamour
hoho,hoho
tet,tet
trois,trois
versaute,ruined
ehrerbietung,respect
handfeste,tangible
verwandelten,transformed
krista,Krista
esta,esta
vorsätzlichen,intentional
mamiya,mamiya
gaalan,gaalan
mittelalterlichen,medieval
olympus,Olympus
gefriertruhe,freezer
hofstadter,Hofstadter
anfängerin,beginner
rammte,rammed
enigma,Enigma
hochgejagt,high-pressure system
eisbär,polar bear
ländlichen,rural
vorzuführen,to demonstrate
wachtel,quail
gallonen,gallons
heizt,heats
buchs,boxwood
lynchen,lynch
aug,aug
uhrzeigersinn,clockwise
lausche,listen
decima,decima
vorwiegend,predominantly
wahrnimmt,perceives
shark,shark
trommelfell,eardrum
maschinerie,machinery
treffend,apt
explorer,explorer
qualvollen,agonizing
berufs,professional
ines,ines
durchzuhalten,to persevere
ldioten,idiots
unethisch,unethical
disa,disa
kasinos,casinos
brezel,pretzel
zwecken,purposes
zieren,adorn
weisheiten,wisdom
positionieren,positioning
zeigs,show
autors,author
stadtgrenze,city ​​limits
kolleginnen,female colleagues
kinderchen,little child
importieren,import
gefriert,freezes
kleinholz,small wood
though,though
bedrängnis,distress
einreißen,tear down
annonce,advertisement
ausmaßes,extent
geseh,seen
brustwarze,nipple
armreif,bracelet
arrangements,arrangements
massiver,massive
schrot,shot
friedhöfe,cemeteries
anmalen,paint
nachgestellt,recreated
revolverhelden,gunfighters
arch,arch
rezian,rezian
einzelteile,individual parts
belly,belly
mesdames,ladies
auszuhandeln,to negotiate
zweitbesetzung,second cast
triumphiert,triumphs
jumper,jumper
abdullah,Abdullah
fatbrat,fatbrat
wackel,wobble
porträts,portraits
stresst,stress
überdacht,covered
fürchterliches,terrible
gäben,would give
seefahrer,seafarers
verfliegt,evaporates
levine,Levine
visuell,visually
bösem,evil
holding,holding
rechtschaffen,righteous
matsumoto,matsumoto
plappern,chatter
schnattert,chatters
kompromittieren,compromise
thriller,thriller
aufgewärmt,warmed up
skype,Skype
anstößig,offensive
kribbelt,tingling
befreiten,freed
liras,liras
anlehnen,lean
abmachungen,agreements
kyi,kyi
heiterkeit,cheerfulness
faszinieren,fascinate
hessington,hessington
blob,blob
bostoner,Boston
helge,Helge
tuten,horn
liebesaffäre,love affair
wakefield,wakefield
mitzugehen,to go with
balla,balla
weiterkomm,move on
nyssa,nyssa
enough,enough
vergriffen,out of stock
tirol,Tyrol
versaue,mess up
wirwerden,we will
lichtstrahl,light beam
georgette,georgette
gothams,Gotham's
stryker,stryker
simsen,text
joakim,joakim
bebe,baby
odins,Odin's
sprenge,blow up
redford,redford
indochina,Indochina
sätzen,sentences
bräutigams,grooms
gesprächsthema,topic of conversation
entflohenen,escaped
äußerte,expressed
repertoire,repertoire
einzahlung,deposit
permanente,permanent
liedes,song
studentenverbindung,student fraternity
phantastische,fantastic
dickson,dickson
shine,shine
medlock,medlock
vorschlug,suggested
geneviève,geneviève
weggepustet,blown away
griggs,griggs
spast,spasm
vampirblut,vampire blood
bereisen,travel
extravagant,extravagant
fo,fo
gedealt,dealt
niro,niro
oie,oie
rüberbringen,convey
kents,Kents
üblicher,usual
bauers,farmer
manie,mania
potenziell,potentially
producer,producer
porgy,porgy
abhaue,get out
bogenschießen,archery
desperate,desperate
richterliche,judicial
annulliert,canceled
brechstange,crowbar
legionäre,legionnaires
keck,cheeky
einpflanzen,plant
schmuggelware,contraband
kleinkram,small items
südlicher,southern
tanzende,dancing
geir,geir
mikrochip,microchip
beschneidung,clipping
begebenheit,event
fernsehshow,TV show
gesinnt,minded
programmierte,programmed
gerast,raced
nelke,clove
nabel,navel
schlanke,slim
manno,man
erblich,hereditary
trichter,funnel
dominanz,dominance
koennte,could
äthiopien,Ethiopia
reptil,reptile
milchmann,milkman
miley,Miley
dido,dido
scheissegal,don't give a fuck
dolls,dolls
matsuko,matsuko
mechanisches,mechanical
schnickschnack,bells and whistles
praktiken,practices
fallschirmjäger,paratroopers
erschrecke,frighten
atemzüge,breaths
eskalieren,escalate
prachtexemplar,magnificent specimen
originelle,original
hales,hales
opferst,sacrifice
ryker,ryker
spätere,later
ablecken,lick
einschleusen,infiltrate
nagasaki,Nagasaki
externen,external
speist,dines
glitzern,glitter
jabbar,jabbar
sisters,sisters
radfahren,ride a bike
thraker,Thracian
sparte,division
tolliver,tolliver
geizkragen,miser
fortpflanzen,reproduce
mahmoud,Mahmoud
vorväter,ancestors
eichmann,Eichmann
mclintock,mclintock
molekül,molecule
soto,soto
inhaftierung,imprisonment
dchen,girls
estes,estes
erdrutsch,landslide
untertassen,saucers
dekret,decree
eton,Eton
pep,pep
soze,soze
kahlen,bald
covington,Covington
catch,catch
höllenfeuer,hellfire
zeta,zeta
maitland,Maitland
neuestes,newest
haarspray,hairspray
henk,Henk
sandsturm,sandstorm
fahrzeugpapiere,vehicle documents
atul,atul
gleichschritt,marching in step
charisma,charisma
deponieren,deposit
gespeist,fed
verschiebung,shift
scheißjob,shitty job
stürmischen,stormy
nierenversagen,kidney failure
dazugelernt,I learned something new
einzahlen,deposit
hoffa,Hoffa
erotischen,erotic
ungestüm,impetuous
schnitzeljagd,scavenger hunt
hurt,hurt
indianapolis,Indianapolis
huntley,huntley
asbest,asbestos
entspannte,relaxed
sterbeurkunde,death certificate
bone,bone
roxie,roxie
skepsis,skepticism
charakters,characters
faselst,babble
computerstimme,computer voice
abrücken,move away
bedingungslose,unconditional
tars,tars
begruben,buried
bossen,bossen
faszinierender,fascinating
rumzulaufen,to walk around
shakaar,Shakaar
anbaggern,to flirt
ähnlichem,similar
feuerbereit,ready to fire
baylor,baylor
abzudecken,to cover
mcleod,McLeod
helens,Helen's
eintreiben,collect
präfektur,prefecture
remo,remo
eingegraben,buried
abbezahlen,pay it off
groucho,Groucho
mittelstufe,intermediate level
verkneifen,refrain
booty,booty
rotation,rotation
tears,tears
sinnvolle,meaningful
verstreuen,scatter
undine,undine
einzigartiger,unique
leibesvisitation,body search
madden,madden
weltgeschichte,world history
tian,tian
epi,epi
hurtig,quickly
bauchmuskeln,abdominal muscles
klavierklänge,piano sounds
wahnhaft,delusional
roys,royals
einschüchternd,intimidating
reliquie,relic
kor,kor
hearts,hearts
synapse,synapse
vollständiger,complete
bücherregal,bookshelf
knallharter,hardcore
ikea,IKEA
warwick,Warwick
sepp,Sepp
ehrenhafte,honorable
dome,dome
regenzeit,rainy season
preisverleihung,award ceremony
age,age
egos,egos
mietet,rents
specht,woodpecker
murmel,marble
lucía,lucía
itchy,itchy
kringle,kringle
mähne,mane
achseln,armpits
wegfuhr,drove away
yuen,yuen
doomsday,doomsday
hürden,hurdles
jefe,boss
bestiehlt,robbed
breites,wide
begebe,go
verkuppelt,matched
umbauen,rebuild
alcide,alcide
sakrileg,sacrilege
caramba,caramba
patronenhülse,cartridge case
runterladen,download
hormonen,hormones
jacuzzi,jacuzzi
bic,bic
spit,spit
talon,talon
oceanic,oceanic
einloggen,log in
pilgrim,pilgrim
teufelskreis,vicious circle
bora,Bora
geschimpft,scolded
duluth,duluth
oberinspektor,Chief Inspector
brennender,burning
schwerelosigkeit,weightlessness
euern,your
unhörbar,inaudible
tropische,tropical
widerlegt,refuted
aljoscha,alyosha
mitzvah,mitzvah
hoppy,hoppy
imponiert,impresses
schulleiter,headmaster
regelmäßigen,regular
vermiesen,spoil
gave,gave
rohypnol,rohypnol
coopers,Coopers
enterbt,disinherited
ostseite,east side
brüll,roar
dayton,Dayton
poliere,polish
goetz,goetz
karibu,caribou
handgreiflich,physical
minderwertig,inferior
nachlesen,read more
lar,lar
deputies,deputies
weggelassen,omitted
hinfallen,fall
hinfährst,you go there
ausquetschen,squeeze out
einflüsse,influences
kenobi,kenobi
entsichern,unlock
kommunikator,communicator
pressemitteilung,press release
kurzschließen,short circuit
weir,we
zufriedener,satisfied
darts,darts
verständige,understand
sümpfen,swamps
schwammen,swam
linguchon,linguchon
fruchtbaren,fertile
gerrard,Gerrard
primären,primary
beachtlich,remarkable
funkt,works
zugeworfen,thrown
katjuscha,Katyusha
brennst,burn
eröffneten,opened
neugeboren,newborn
gemälden,paintings
shizuku,shizuku
struensee,struensee
unbekümmert,carefree
pharaos,pharaohs
pharaonen,pharaohs
kobe,kobe
weitgehend,largely
streift,brushes
weglocken,lure away
saber,saber
übersehe,overlook
absprachen,agreements
smithy,smithy
abtrünnige,renegade
ströme,streams
fertigkeiten,skills
projiziert,projected
wundbrand,gangrene
walküre,Valkyrie
spencers,Spencers
bastarden,bastards
entzückenden,delightful
senke,sink
sabata,sabata
abgelassen,drained
croupier,croupier
pädophiler,pedophile
zögerlich,hesitantly
italienern,Italians
excuse,excuse
knechtschaft,bondage
klausur,exam
überbringt,delivers
isi,isi
einsatzleitung,command center
lymphknoten,lymph nodes
unterbrach,interrupted
bellefleur,bellefleur
giovanna,Giovanni
blocken,block
ehrbaren,honorable
verkleidete,disguised
gesicherten,secured
eiserner,iron
rausgestellt,turned out
gemeinste,meanest
zurückweisen,reject
urinprobe,urine sample
raubüberfälle,robberies
sauron,Sauron
armani,Armani
anfühlte,felt
spuckte,spat
ausradieren,erase
eisbergs,iceberg
getilgt,erased
würg,ugh
nachlässigkeit,carelessness
zauberkräfte,magical powers
footballteam,football team
cersei,Cersei
pubs,pubs
erstem,first
finalen,final
annehmbar,acceptable
boxey,boxey
popel,booger
stef,stef
cartier,Cartier
halbiert,halved
abzocken,rip people off
hertz,hertz
auswählt,selects
widersprich,contradict
panco,panco
prozessor,processor
wortlaut,text
aussen,outside
runtergegangen,went down
penne,penne
herumgeführt,led around
bizarren,bizarre
brit,British
tierärztin,veterinarian
bundesgericht,federal court
hohepriester,high priest
motiven,motives
pathetisch,pathetic
disc,disc
muchachos,muchachos
bootsfahrt,boat trip
rotzbakke,snot
sita,sita
asuka,asuka
boje,buoy
schützengräben,trenches
törichte,foolish
juliane,Juliane
gebackene,baked
geburtstagskuchen,birthday cake
alarmsystem,alarm system
gewährte,granted
umwandlung,conversion
filippo,Filippo
dramen,dramas
fernrohr,telescope
veganer,vegan
straft,punishes
waffengeschäft,arms shop
totti,totti
gehorsamst,most obedient
metzgerei,butcher shop
sprengstoffe,explosives
dreidel,dreidel
kita,daycare
barrikade,barricade
beschimpfungen,insults
sprengladung,explosive charge
nasses,wet
auszog,moved out
toots,toots
augenarzt,ophthalmologist
schamane,shaman
körperflüssigkeiten,bodily fluids
karol,karol
gesamtbild,overall picture
schmorbraten,pot roast
küchen,kitchens
thee,the
simulator,simulator
rosenkohl,Brussels sprouts
hühnersuppe,chicken soup
steves,steves
mokka,mocha
widerstandskämpfer,resistance fighters
anklagepunkten,charges
menschenhand,human hand
brava,Brava
eindringlich,intense
generalstab,general staff
nomaden,nomads
partridge,Partridge
indisches,Indian
niederreißen,tear down
kegel,cone
rausschleichen,sneak out
räumlichkeiten,premises
reisetasche,travel bag
rammt,rams
krüge,jugs
mahal,Mahal
mikrofilm,microfilm
deinesgleichen,like yourself
geldtransporter,armored car
sonnenklar,crystal clear
ginn,ginn
gurren,coo
exzellenten,excellent
goldfische,goldfish
ungenießbar,inedible
leblos,lifeless
verdorbenen,spoiled
nascar,NASCAR
verschlechtern,worsen
idiotischer,idiotic
redmond,Redmond
shishio,shishio
jamison,jamison
vorbeigeht,passes by
hauptgang,main course
artikels,articles
abweichen,differ
madgett,madgett
garvin,garvin
flippst,flips
diem,diem
urmel,Urmel
booker,booker
consolidated,consolidated
pearly,pearly
steed,steed
paraguay,Paraguay
landleben,country life
mandrake,mandrake
entwickelst,develop
sportliche,sporting
wertloser,worthless
sehnst,longing
unternehmungen,companies
schwül,sultry
heere,armies
verblüffen,amaze
dümmsten,dumbest
piepser,beeper
morpheus,Morpheus
ruderboot,rowboat
beaufsichtigt,supervised
antichrist,antichrist
tae,tae
wortschatz,vocabulary
geschwüre,ulcers
rekonstruiert,reconstructed
verabschiedete,passed
härtere,harder
bauwerk,building
beschaffenheit,condition
misstraut,mistrust
quittieren,resign
lobotomie,lobotomy
osterhase,Easter bunny
ärztlichen,medical
earle,earle
heranwachsen,grow up
größenordnung,order of magnitude
elster,magpie
teekessel,kettle
radiologie,radiology
mahir,Mahir
svartman,svartman
klauten,stole
chameleon,chameleon
krister,Krister
tarik,tarik
dominieren,dominate
umeinander,around each other
brezeln,pretzels
lästern,gossip
roz,roz
schwangerschaftstest,pregnancy test
lim,lim
cy,cy
quasimodo,quasimodo
women,women
baja,baja
rotieren,rotate
goodnight,Goodnight
diagnostizieren,diagnose
fad,boring
stammzellen,stem cells
benützen,use
begrüß,welcome
soldatin,soldier
befällt,infects
seltsamsten,strangest
liebeserklärung,declaration of love
seligen,blessed
stromrechnung,electricity bill
sadako,sadako
chewie,Chewie
vizepräsidentin,vice president
ansprechbar,approachable
riggins,riggins
regionale,regional
juckreiz,itching
billardtisch,billiard table
cottle,cuttle
fluffy,fluffy
queequeg,queequeg
paletti,paletti
barris,barris
kernschmelze,meltdown
toga,toga
drehtag,filming day
rumzusitzen,to sit around
philips,Philips
aussucht,selects
entehren,dishonor
schimpfwort,swear word
verleumden,slander
jase,jase
höhlenmenschen,cavemen
lucifer,Lucifer
prämien,bonuses
einzudämmen,to contain
granada,Granada
shamoto,shamoto
silverado,silverado
doppelagent,double agent
chisum,chisum
kehlkopf,larynx
hauptsitz,headquarters
traumata,traumas
kelsey,Kelsey
logis,lodging
friedensvertrag,peace treaty
allahu,Allah
ferrara,Ferrara
romanen,novels
einmaligen,unique
kree,Kree
grauzone,grey area
sonderkommando,special forces
genehm,approved
kosh,kosh
schnitzer,carver
perfektionieren,perfect
luo,luo
pfeifton,whistling sound
gefegt,swept
kiel,Kiel
barca,barca
demokrat,democrat
erlös,proceeds
korrumpiert,corrupted
arabella,Arabella
mem,mem
düsterer,darker
feinfühlig,sensitive
herausgeputzt,all dolled up
gewahrt,preserved
scheißloch,shithole
eingesackt,bagged
tiefster,deepest
spräche,spoke
belastende,stressful
penisse,penises
formaldehyd,formaldehyde
angebrannt,burnt
gasleitung,gas pipeline
zwielichtigen,shady
vorstrafe,prior conviction
erkundung,exploration
waschküche,washroom
krätze,scabies
radikaler,radical
molekulare,molecular
eisige,icy
aufseherin,supervisor
hausdurchsuchung,house search
takte,beats
westentasche,vest pocket
kindliche,childlike
freiheitsstrafe,imprisonment
strömungen,currents
verpfeift,ratted out
michi,michi
ermüden,fatigue
huo,huo
blanke,blank
nobler,noble
cissy,cissy
investierte,invested
muppet,Muppet
halbblut,half-blood
bücherwurm,bookworm
formeln,formulas
herumhängen,hanging around
profitabel,profitable
saum,hem
gleason,gleason
hierzulande,in this country
anson,anson
unterbrichst,interrupt
yong,yong
oona,oona
abgeräumt,cleared
geschichtenerzähler,storyteller
elektroschocker,stun gun
häuslicher,domestic
ökonomie,economy
groot,groot
durchchecken,check
quasseln,chatter
mea,mea
bison,bison
kreuzweise,crosswise
felsbrocken,boulders
verkleinern,reduce
beziehe,refer
chronik,chronicle
javadi,Javadi
beständigkeit,resistance
shoes,shoes
runterschlucken,swallow
oldtimer,classic cars
glitschig,slippery
nester,nests
kleide,dress
nostalgisch,nostalgic
funksprüche,radio messages
spiegelei,fried egg
realitäten,realities
esstisch,dining table
imogene,imogene
schluckst,swallow
alley,alley
mcpherson,McPherson
schikane,chicane
neuronen,neurons
nervenbündel,bundles of nerves
annapolis,Annapolis
fed,fed
haarigen,hairy
tora,Torah
bisherige,previous
stierkampf,bullfight
abschreckung,deterrence
milf,MILF
pavian,baboon
sentimentaler,sentimental
daseins,existence
hinzusehen,to look
kanonenrohr,cannon barrel
körnchen,grains
sorata,sorata
familienbesitz,family-owned
pathologe,pathologist
nachgelaufen,followed
marshmallow,marshmallow
theoretische,theoretical
täufer,baptist
werdende,expectant
nichtjetzt,not now
subaru,subaru
unbewacht,unguarded
mayor,mayor
piak,piak
bumse,bumse
chanson,chanson
sprechender,speaking
annullierung,cancellation
vulkane,volcanoes
strebe,strut
wiederzuerkennen,to recognize
donaldson,Donaldson
bestmögliche,best possible
engagiere,engage
woraufhin,whereupon
wechselten,changed
angegossen,poured
ostflügel,east wing
briefumschlag,envelope
zermalmt,crushed
traveler,traveler
pädiatrie,pediatrics
auffassen,perceive
sonnenstrahlen,sunbeams
gehemmt,inhibited
hürmüz,hürmüz
neulinge,newcomers
drogengeschäft,drug trade
zuschuss,grant
sicherheitsprotokolle,security protocols
geschäftsleitung,management
bräune,tan
sicherheitshalber,just to be on the safe side
glamourös,glamorous
lips,lips
dime,dime
klee,clover
nuttig,slutty
ulkig,funny
renjie,renjie
larrys,Larry's
geschicklichkeit,skill
heldenhaften,heroic
anspruchsvolle,demanding
reflexion,reflection
metropole,metropolis
endloser,endless
rayborn,Rayborn
portugiesen,Portuguese
pim,pim
stethoskop,stethoscope
tropischen,tropical
hydraulik,hydraulics
cammy,cammy
angebrochen,opened
barstow,Barstow
zusammenzuhalten,to stay together
zurückgenommen,withdrawn
frankfurter,Frankfurt
izumi,izumi
wm,World Cup
antiquitätenhändler,antique dealer
gescheiterte,failed
larrabee,larrabee
schmeichelei,flattery
laverne,laverne
nächtelang,nights on end
zerbreche,break
boshaftigkeit,malice
abgeschüttelt,shook off
zugeständnisse,concessions
electric,electric
hay,hay
beabsichtigte,intended
portsmouth,Portsmouth
nini,nini
ungelöste,unsolved
bestritten,disputed
schlauchboot,dinghy
umfassend,comprehensive
vogt,Vogt
trampeln,trample
trotzt,despite
avanti,avanti
aufhänger,hanger
fido,fido
nachdruck,reprint
tide,tide
minderwertige,inferior
artikeln,articles
prozente,percentages
babou,babou
prügle,beat
ragout,ragout
krankenakten,medical records
ezri,ezri
anarchist,anarchist
monarchen,monarchs
herzschrittmacher,pacemaker
erneute,renewed
greifer,gripper
schulball,school ball
doughnuts,doughnuts
widerstandes,resistance
stimulation,stimulation
abilene,abilene
überreagieren,overreact
faisal,faisal
lustigste,funniest
unentschuldbar,inexcusable
hays,hays
stabilen,stable
flagranti,flagrante
greenleaf,greenleaf
balzac,balzac
festem,solid
sintflut,deluge
nachspioniert,spied on
humanitäre,humanitarian
silben,syllables
benz,benz
überschrift,headline
damalige,then
merdle,Merdle
verwunden,wound
pulle,pull
achtest,pay attention
selbstkontrolle,self-control
fleischklops,meatball
enttäusch,disappointed
grossartige,great
kneif,pinch
knows,knows
beaver,beaver
schlappohr,floppy ear
spaniern,Spain
alto,alto
antwerpen,Antwerp
drogenabhängige,drug addicts
katapult,catapult
beruhigte,calmed
rankommt,comes
drauflos,just go
sammelklage,class action
lexus,Lexus
entfaltet,unfolds
besänftigt,soothed
stamper,stamper
ausmaße,dimensions
höchstes,highest
hannas,Hanna's
einzelheit,detail
südsee,South Seas
ruhestätte,resting place
mittelfeld,midfield
verhinderte,prevented
schillinge,shillings
touristin,tourist
unterkühlung,hypothermia
aussätzige,lepers
ansel,ansel
sportart,sport
credit,credit
paragon,paragon
klagte,complained
vita,vita
korrekten,correct
francoise,francoise
riga,Riga
umbrachten,killed
blutflecken,bloodstains
dreirad,tricycle
niedergestreckt,struck down
chruschtschow,Khrushchev
bazooka,bazooka
großartigsten,greatest
hitzewelle,heat wave
anregen,stimulate
bradford,Bradford
essay,essay
diskutierten,discussed
anfängerglück,Beginner's luck
greifbar,tangible
wagon,wagon
verletzter,injured
miko,miko
blechen,pay up
rußland,Russia
stiefsohn,stepson
marderhunde,raccoon dogs
sprießen,sprout
ungewisse,uncertain
silvana,Silvana
smiths,Smiths
rausgefahren,drove out
piranhas,piranhas
ökosystem,ecosystem
kräutertee,herbal tea
ethisch,ethically
überhört,ignored
hari,hari
ausbezahlt,paid out
sputnik,sputnik
überweisungen,transfers
rodgers,Rodgers
eastside,eastside
verlusten,losses
respekts,respect
minos,minos
ausplaudern,spill the beans
killerin,killer
kracher,Awesome!
zusammengelegt,combined
mietkerl,rent guy
einfallsreichtum,ingenuity
brandneues,brand new
saukalt,freezing cold
kanton,Canton
dillinger,dillinger
standet,stood
miserabler,miserable
verheddert,tangled
altersschwäche,frailty of old age
preisschild,price tag
teilung,division
aussteigt,gets out
leos,Leos
kanälen,channels
veranlagung,predisposition
supermodel,supermodel
werkzeugkasten,toolbox
tabellen,tables
akne,acne
lateinischen,Latin
gierigen,greedy
springbrunnen,fountain
abtasten,scan
geburtsrecht,birthright
presst,presses
beschreiten,embark
conroy,conroy
unverzichtbar,indispensable
geschwitzt,sweating
grabsteine,gravestones
absätzen,paragraphs
awards,awards
äbtissin,abbess
mitsu,mitsu
weggeschlossen,locked away
näherten,approaching
kontaktaufnahme,contact
zitadelle,citadel
pj,pj
stornieren,cancel
comte,comte
majestic,majestic
sokka,sokka
waschmittel,detergent
fantasiewelt,fantasy world
solid,solid
geschrubbt,scrubbed
ekelhaften,disgusting
lebensqualität,quality of life
erteilte,granted
elektronen,electrons
familienmensch,family person
darmody,intestinal issues
ausgeschöpft,exhausted
stimmungsschwankungen,mood swings
übelsten,worst
eisbecher,ice cream sundae
pain,Pain
verzehr,consumption
beichtstuhl,confessional
rastlos,restless
flugs,quickly
dany,dany
years,years
schimpanse,chimpanzee
glaubwürdige,credible
gebeine,bones
sm,sm
füßchen,little feet
unerledigte,unfinished business
chemischer,chemical
verlogenen,deceitful
riccardo,Riccardo
modernste,state-of-the-art
gucci,Gucci
hado,hado
geschehene,happened
midland,Midland
muharrem,Muharram
durchdenken,think through
mittelklasse,middle class
vorbeizuschauen,to stop by
klamm,clamm
myron,myron
noahs,Noah's
dankst,thank you
dienlich,useful
lohengrin,Lohengrin
sekten,sects
verkündete,announced
om,om
mj,mj
treadstone,treadstone
chicagoer,Chicago
wielange,how long
trampolin,trampoline
danton,Danton
gebührenden,due
mutterzelle,mother cell
schachfigur,chess piece
palastes,palace
kims,Kim's
brustbein,sternum
freizeitpark,amusement park
parkwächter,parking attendant
mittelgroß,medium-sized
grissom,Grissom
konsumenten,consumers
kriechst,crawl
vorsätzlicher,intentional
geleugnet,denied
mus,mus
heia,heia
unüberlegt,ill-considered
fühler,sensor
uniformierte,uniformed
phrase,phrase
ansehnlich,attractive
umwerfen,upset
jahrhundertelang,for centuries
hochinteressant,very interesting
hirnschaden,brain damage
blacky,blacky
ritterlichkeit,chivalry
kratzte,scratched
ölung,oiling
blamiere,embarrassment
hergerufen,summoned
hinausgeworfen,thrown out
sexualstraftäter,sex offenders
szenarien,scenarios
erbauer,builder
leichenbestatter,undertaker
fesselnd,captivating
indianische,Native American
fadenkreuz,crosshairs
variationen,variations
salutiert,salutes
classic,classic
verkehrskameras,traffic cameras
gemischten,mixed
besprechungen,meetings
verglich,compared
kraftfelder,force fields
très,très
ausgefallene,unusual
rockstars,rockstars
ajax,ajax
tobruk,Tobruk
festliche,festive
gadreel,gadreel
dreyfus,Dreyfus
kürzesten,shortest
erstach,stabbed
leberfleck,mole
hundebellen,dog barking
anzubringen,to attach
hallam,hallam
suvarov,suvarov
abschlag,discount
lund,Lund
strupp,Strupp
follower,follower
glorreicher,glorious
juristen,lawyers
säcken,bags
kinderbett,crib
scheinheilig,hypocritical
rettungsdienst,ambulance service
enzyme,enzyme
saroyan,saroyan
schuhkarton,shoebox
ausführungen,explanations
zeugte,witnessed
dumont,dumont
tum,tum
bachmann,Bachmann
weintrauben,grapes
heiko,Heiko
railly,railly
parkers,parkers
freundeskreis,circle of friends
silence,silence
stattlich,handsome
beame,beam
manni,manni
öfteren,more often
callgirl,call girl
maiskolben,corn cob
geradestehen,stand upright
übertrug,transferred
lakritze,liquorice
rasierwasser,aftershave
bimbo,bimbo
sechser,six
haag,The Hague
vorzimmer,anteroom
hintenrum,Going the roundabout
herausgegeben,published
fertigstellung,completion
gefährdete,endangered
unbeschwert,carefree
unternehmt,undertakes
schlachtschiff,battleship
gefundenes,found
möpsen,pugs
gekifft,smoked weed
kränker,sicker
pantomime,mime
zeitsprung,time jump
veruntreuung,embezzlement
studiums,studies
eifersüchtigen,jealous
tadeln,reprimand
hervorruft,causes
matts,matts
problemo,problem
farrow,farrow
nachzählen,count
staatsgrenze,state border
sehet,look
mohn,poppy
büste,bust
elinor,elinor
walton,Walton
bereichert,enriches
notwendigerweise,necessarily
zimmergenosse,roommate
aufgelauert,ambushed
dutton,dutton
dwalin,dwalin
vorliest,reads aloud
abgaben,taxes
rike,rike
stündchen,hour
unersättlich,insatiable
verkörperung,embodiment
erforderlichen,required
abgerutscht,slipped
vornehmer,more refined
umgefahren,run over
alphabetisch,alphabetical
geburtstags,birthday
restlos,completely
beinhaltete,included
chrom,chrome
jiddisch,Yiddish
loses,Loose
aufrollen,roll up
gemeißelt,carved
josette,Josette
duu,duu
gestehst,confess
berichtigen,correct
unmissverständlich,unambiguous
staats,state
straßenräuber,highway robbers
nahaufnahmen,close-ups
subtile,subtle
geräuschen,noises
margit,Margit
brauchbar,useful
aufgetan,discovered
voltaire,Voltaire
begrabt,buried
ooch,oh
wegwerfhandy,disposable phone
rickie,Rickie
jeffersonian,Jeffersonian
user,user
verführer,seducer
kollateralschäden,collateral damage
anführers,leader
uraltes,ancient
verwirkt,forfeited
plädiert,pleads
ungehindert,unhindered
zusammenzustellen,to assemble
näh,sew
lrgendwie,somehow
bewältigt,coped
siebenmal,seven times
autohaus,car dealership
eheberatung,marriage counseling
führungskraft,executive
hochsicherheitsgefängnis,high-security prison
erkrankungen,diseases
schwärme,swarms
luftdruck,air pressure
nachdachte,thought
bereiteten,prepared
susans,Susan's
aragorn,aragorn
sauren,acidic
gebietet,commands
kiyomaru,kiyomaru
skippy,skippy
denkzettel,reminder
hinsieht,looks
klaustrophobie,claustrophobia
verteil,distributed
sartre,Sartre
mangels,lack
allerschönste,most beautiful
schottische,Scottish
abfällt,falls
schaukelstuhl,rocking chair
verfahrens,procedure
einigten,agreed
bedeutendste,most important
sportarten,sports
elli,Elli
nachtleben,nightlife
rausgehe,go out
befahlen,commanded
saruman,saruman
stände,stands
zurückzieht,withdraws
zuwerfen,throw
rausspringen,jump out
morgenstunden,morning hours
missionare,missionaries
prius,Prius
ansprüchen,claims
zaubertricks,magic tricks
ausgebe,spend
aufbrausend,hot-tempered
hauptgebäude,main building
aufreißer,eye-catcher
übernatürlich,supernatural
konstellation,constellation
beowulf,Beowulf
eiskalter,ice-cold
buhrufe,boos
hielte,held
gefolgsleute,followers
tussen,between
übersteigen,exceed
kühnen,bold
ausschaltet,switches off
gerichtsmedizinerin,forensic pathologist
gewalttätigkeit,violence
seuchen,epidemics
zoos,zoos
kitzel,tickle
prozeß,process
reissen,tear
galiläa,Galilee
enthaupten,behead
zerrte,pulled
naresuan,naresuan
mitgerissen,swept away
sendezeit,broadcast time
abfüllen,bottling
geradeheraus,straight up
shrevie,shrevie
sumner,summer
verkehrte,wrong
familienessen,family meal
steroiden,steroids
rumtreibt,wandering around
stränge,strands
ranghöchste,highest-ranking
dobby,dobby
zugegriffen,accessed
vertrittst,represent
giganten,giants
eber,boar
taubstumm,deaf-mute
bereitgestellt,provided
verpetzt,tattled
zielgebiet,target area
shasta,shasta
schlachtplan,battle plan
mangas,manga
hereinlassen,let in
blechmann,tin man
wühlt,rummages
eidechsen,lizards
yoshi,yoshi
größenwahn,megalomania
gesundheitsbehörde,health authority
schreiende,screaming
abrufen,retrieve
kiesel,pebble
längerer,longer
interessenkonflikt,conflict of interest
blutgeld,blood money
cosgrove,cosgrove
cruella,cruella
trennungen,separations
verehrtes,revered
bewusste,conscious
bluttransfusion,blood transfusion
delores,delores
mart,mart
ungewissen,uncertain
schoker,shocker
merlotte,merlotte
ut,ut
femme,woman
erwischst,caught
bewilligen,grant
vorschlaghammer,sledgehammer
lieblingsplatz,favorite place
kubanischen,Cuban
hurst,Hurst
verbindungsmann,liaison officer
dolmetscherin,interpreter
pda,PDA
autorisierung,authorization
bluterguss,bruise
blende,aperture
eunuch,eunuch
boyer,boyer
leckst,lick
ruhms,fame
geschäftsessen,business lunch
argumentation,argumentation
corky,corky
hinterrücks,behind your back
albatros,albatros
runner,runner
pausenraum,break room
territorien,territories
bewegungsmelder,motion detector
drängst,urge
lorne,Lorne
zing,zing
sackgesicht,sackface
auges,eye
lackiert,painted
goya,Goya
ablehnst,you reject
ferry,ferry
müllsack,garbage bag
selige,blessed
nervigen,annoying
flughafens,airport
vollzug,execution
strohhalme,straws
ablage,filing
playstation,PlayStation
erwarb,acquired
newlin,newlin
verschreibe,prescribe
filmes,films
soliden,solid
mirakuru,mirakuru
beschiss,scam
bekanntesten,most well-known
übelste,worst
wassja,Wassja
abhörst,eavesdropping
minne,love
wissentlich,knowingly
wandlung,transformation
reißzähne,canines
raumanzug,spacesuit
großaufnahme,close-up
schergen,henchmen
blickst,look
starrköpfig,stubborn
kreuzte,crossed
fehlerfrei,error-free
peppi,peppi
sexualleben,sex life
betört,bewitched
chaim,chaim
beträge,amounts
siebzig,seventy
toskana,Tuscany
beherrsch,master
geplauder,chat
scheidungsanwalt,divorce lawyer
herumgelaufen,walked around
mütterlicherseits,maternal side
goscinny,Goscinny
funny,funny
kirchturm,church tower
entleeren,empty
leuchter,chandelier
champagne,champagne
vikram,vikram
sterilisiert,sterilized
airline,airline
verkaufszahlen,sales figures
zurückweisung,rejection
mittäter,accomplices
verdufte,vanished
langfristige,long-term
kaya,Kaya
primaten,primates
flüchteten,fled
erkundet,explores
mizushima,Mizushima
morgenröte,dawn
jiminy,Jiminy
zerdrücken,crush
renaud,Renaud
bahnhöfe,train stations
elementary,elementary
fotografierte,photographed
ezekiel,Ezekiel
avengers,Avengers
höchstem,highest
ähnelst,resembles
erstellte,created
suarez,suarez
bowers,Bowers
putt,putt
coy,coy
kenzi,Kenzi
darfur,that
mcq,mcq
dielen,floorboards
schlitzt,slits
wiederhol,repeat
umsehe,look around
checkliste,checklist
hässlichste,ugliest
hinzukommen,in addition
albträumen,nightmares
manuskripte,manuscripts
aymes,aymes
empfangt,receives
pucci,Pucci
ekelst,disgust
durchschnittlicher,average
knack,crack
eight,eight
lachende,laughing
drogengeld,drug money
näherkommen,get closer
volks,people
bettelst,begging
fünfziger,fifties
nichtsnutziger,good-for-nothing
auftritten,appear
suppenküche,soup kitchen
tran,tran
flüssige,liquid
hinderte,hindered
momentane,current
videoüberwachung,video surveillance
margeir,Margeir
traumwelt,dream world
majestätisch,majestic
häute,hides
ani,ani
milord,milord
steckbrief,profile
baguette,baguette
madsen,madsen
beaufort,beaufort
gedämpftes,subdued
reinholen,bring in
offenbarte,revealed
masaki,Masaki
zoran,Zoran
desorientiert,disoriented
vorangehen,proceed
hirsche,deer
maury,maury
hongsawadi,hongsawadi
abfalleimer,waste bin
tillman,tillman
stingray,stingray
psychotische,psychotic
chloes,chloe's
abkommandiert,seconded
schrittweise,step by step
köhler,Köhler
einkaufsliste,shopping list
checkpoint,checkpoint
schätzungen,estimates
interest,interest
motorradfahrer,motorcyclist
kirchenglocke,church bell
urgroßmutter,great-grandmother
kleidungsstück,garment
intubieren,intuba
verberge,hide
gieriger,greedy
kaugummis,chewing gum
bet,bet
necken,tease
until,until
mutprobe,test of courage
verhindere,prevent
eskapaden,escapades
hämatom,hematoma
rituelle,ritual
zeitgleich,at the same time
überlegenen,superior
erscheinungsbild,appearance
ekliges,disgusting
jar,jar
vermarkten,market
fragwürdige,questionable
erhören,hear
draufdrücken,press
unschätzbarem,invaluable
erschaffe,create
ergänzung,addition
flugkontrolle,flight control
brüderschaft,brotherhood
wöchentliche,weekly
fritzi,Fritzi
nettesten,nicest
willem,willem
bradshaw,Bradshaw
rostigen,rusty
jjü,jjü
hauptgericht,main course
gotho,Gotho
booster,booster
vorhängen,curtains
hd,HD
königsfamilie,royal family
zähneputzen,brushing teeth
wiedergegeben,reproduced
lacroix,lacroix
nachthimmel,night sky
firefly,firefly
nachwirkungen,aftermath
mikaelson,Mikaelson
dh,dh
stadien,stages
hauptrechner,main computer
vollpfosten,complete idiot
videoband,videotape
hügels,hill
opera,opera
nachspeise,dessert
erfinderisch,inventive
vorhaut,foreskin
ringrichter,referee
vermögend,wealthy
schlauste,smartest
guitar,guitar
beschädigung,damage
eingehandelt,traded
analysierte,analyzed
dena,dena
horten,hoard
geklauten,stolen
musashi,musashi
finnischen,Finnish
rottmann,Rottmann
jiji,jiji
viertelmillion,quarter of a million
plato,plato
mordechai,mordechai
ungesetzlich,unlawful
organisches,organic
history,history
reling,railing
betreibst,operate
intravenös,intravenous
rust,rust
vinz,Vinz
reisst,tears
roffe,roffe
rechtskräftig,legally binding
klangen,sounded
pergament,parchment
carstairs,carstairs
zerreiß,tear
anlasser,starter
gedeck,place setting
längerem,longer
horizon,horizon
geknüpft,tied
selby,selby
bedenklich,dubious
kindischen,childish
babygeschrei,baby crying
ausrufezeichen,exclamation mark
keitel,Keitel
paranoider,paranoid
basislager,base camp
mentalität,mentality
guckte,looked
kreuzten,crossed
übereinstimmungen,matches
nagut,Okay
unbeständig,unstable
topeka,topeka
verlieb,in love
schleift,grinds
mäßig,moderate
unabhängigkeitstag,Independence Day
nebenjob,part-time job
arbeitenden,working
übereilt,hasty
kristallkugel,crystal ball
patna,Patna
washingtons,Washington's
erholte,recovered
brass,brass
manipulativ,manipulative
diagnosen,diagnoses
selbsthass,self-hatred
paddington,Paddington
busy,busy
hpd,hpd
salazars,Salazar's
frosty,frosty
abstürzt,crashes
mordprozess,murder trial
schuftet,toils
trugst,wore
eingebettet,embedded
events,events
mayas,Maya
unterseite,bottom
lauscht,listens
gefangengenommen,captured
kal,kal
unnahbar,unapproachable
verschwörungstheorien,conspiracy theories
schlund,maw
social,social
kwai,kwai
krypta,crypt
zheng,zheng
inwieweit,to what extent
elfie,elfie
luftschiff,airship
hasi,bunny
schlüsselbund,key ring
rachsüchtig,vindictive
senders,sender
aberdeen,aberdeen
rapport,rapport
reardon,reardon
beziehst,refer to
eingegrenzt,limited
flüstere,whisper
tschechische,Czech
prätor,praetor
brest,brest
kühner,bolder
silly,silly
vizekanzler,vice chancellor
zurechnungsfähig,competent
klatschnass,soaking wet
victoire,victory
totalschaden,total loss
skeeter,skeeter
versagerin,failure
badlands,badlands
striche,lines
luftschacht,air shaft
sleepy,sleepy
sota,sota
kampfstil,fighting style
hubble,Hubble
nördlicher,northern
durchmachte,went through
erhole,recover
cthulhu,Cthulhu
verblüffende,astonishing
mohinder,mohinder
emerald,emerald
hur,whore
vermisster,missing
siedlungen,settlements
zertrampelt,trampled
telefongespräche,telephone conversations
repräsentiere,represent
fatalen,fatal
pflegefamilien,foster families
sima,sima
erwird,he will
platzangst,claustrophobia
herausbringen,release
argentinier,Argentinian
schwachsinnigen,feeble-minded
ängstlicher,anxious
kicker,kicker
continental,continental
verheißt,promises
remus,remus
schließfächer,lockers
anstandsdame,chaperone
scharfsinn,acumen
mate,mate
tschechisch,Czech
homepage,homepage
ärmster,poorest
scheideweg,crossroads
runterzukommen,to calm down
juanito,Juanito
teilchenbeschleuniger,particle accelerator
yung,yung
athene,Athena
bekloppter,crazy
digby,digby
versicherungsgesellschaft,insurance company
heineken,heineken
hehe,hehe
schrecklichsten,most terrible
each,each
eugenia,Eugenia
sheldons,Sheldon's
dumpf,dull
abspritzen,spray
abgestattet,paid
hinterhältigen,treacherous
fehle,missing
barrieren,barriers
randvoll,Packed to the brim
fleischfresser,carnivores
volldampf,full steam ahead
einkünfte,income
brainiac,brainiac
cade,cade
doku,documentary
nous,nous
wertes,valuable
kaneda,kaneda
venna,Venna
verwirrter,confused
liegende,lying down
meschugge,meschugge
blutend,bleeding
hartnäckigkeit,tenacity
misa,misa
wärm,warm
eheversprechen,wedding vows
ramone,ramone
schmatzen,smacking
duroc,duroc
dirigieren,conduct
genauere,more precisely
semper,semper
everdeen,everdeen
tic,tic
operations,operations
leckereien,treats
glasscherben,broken glass
meistgesuchten,most searched
durchschnittlichen,average
advokat,lawyer
kel,kel
erzittern,tremble
fortzugehen,to leave
ekeln,disgust
lenkte,directed
minutes,minutes
gutgeht,goes well
lichtblick,A glimmer of hope
bibeln,Bibles
mariko,Mariko
kitano,Kitano
scheißteil,Shitty thing
michels,Michels
gefechtsstation,battle station
deauville,deauville
privatisierung,privatization
drauflegen,put on it
ungebunden,unbound
finnen,fins
trunken,drunk
untaten,misdeeds
gockel,rooster
schwindeln,to cheat
sitka,sitka
sehnsüchte,longings
beklage,complain
mcginty,McGinty
gehstock,walking stick
vitalzeichen,vital signs
rausgeschlichen,sneaked out
laborbericht,lab report
tap,tap
drogensüchtig,drug addict
blazer,blazer
enthüllungen,revelations
dascha,dasha
medikation,medication
angekrochen,crawled
eingebildeter,imagined
konventionen,conventions
säfte,juices
staatssicherheit,State security
gutenachtkuss,good night kiss
spore,spore
harmloses,harmless
holzweg,dead end
luck,luck
teddys,teddies
sigi,Sigi
isle,isle
pxxx,pxxx
spuken,haunt
wohnort,place of residence
diskreditieren,discredit
versagten,failed
hergeflogen,flew here
durchzieht,permeates
vertrages,contract
unzureichend,insufficient
sitzplatz,seat
lebenserhaltungssystem,life support system
makes,makes
willkommene,welcome
harmonisch,harmonious
tollpatschig,clumsy
achille,Achille
bugsy,bugsy
bitcoin,Bitcoin
scheut,shies away
lokführer,train driver
noelle,Noelle
catelyn,Catelyn
interessantesten,most interesting
surrey,Surrey
bedeuteten,meant
dyad,dyad
verzicht,renunciation
laos,Laos
abschließt,concludes
wöchentlichen,weekly
telefonen,phone
chiharu,chiharu
rassistischen,racist
wildlinge,wildlings
feindseligkeiten,hostilities
neucaprica,Neucaprica
datas,data
alexanders,Alexander
klapp,fold
raustragen,carry out
wichse,masturbation
gesponsert,sponsored
fortschrittlich,progressive
handzeichen,hand signals
erbstück,heirloom
faulpelze,lazybones
pelant,pelant
pussys,pussy
bekanntschaften,acquaintances
österreichischen,Austrian
jindrich,Jindrich
romantischste,most romantic
goofy,goofy
angeberei,boasting
thanks,thanks
unerheblich,irrelevant
gunner,gunner
appetitlich,appetizing
aufnimmst,you record
belgischen,Belgian
concha,concha
priesters,priests
mitspracherecht,right to have a say
banku,banku
unhöflichkeit,rudeness
gesänge,songs
unbefugte,unauthorized
kristine,Kristine
abhebt,takes off
erfolgreichsten,most successful
bleichgesicht,paleface
hinkriegst,You can do it!
spreng,explosive
reb,reb
dünnem,thin
dickdarm,large intestine
dummy,dummy
lindberg,Lindberg
djaq,djaq
entwerfe,design
reguliert,regulated
otter,otter
stammten,originated
duplikat,duplicate
traube,grape
lettland,Latvia
unnachgiebig,unyielding
symbiont,symbiont
koreanische,Korean
weiterhilft,further helps
verarbeitung,processing
drückeberger,shirker
veranstalte,organize
eichel,acorn
tonya,tonya
öre,öre
durchkreuzt,thwarted
lithium,lithium
freigenommen,taken off
handgepäck,hand luggage
kämpfern,fighters
plötzliches,sudden
bunde,bundle
zusammengehören,belong together
hindu,Hindu
tonbandgerät,tape recorder
beiläufig,casual
vorahnungen,premonitions
cranston,Cranston
angeschmiert,smeared
verfrachten,transport
küsser,kisser
escalade,escalade
sogenannter,so-called
entfremdet,alienated
observiert,observed
motorroller,motor scooter
smoothie,smoothie
autowaschanlage,car wash
spielautomaten,slot machines
prellung,bruise
neurologen,neurologists
ortung,location
schwerlich,hardly
grundwasser,groundwater
erdrückend,oppressive
madagaskar,Madagascar
schmückt,decorates
rudd,rudd
laborratte,laboratory rat
support,support
zeltlager,tent camp
salamander,salamander
ehemaliges,former
fring,fring
geringfügig,slightly
bedeutendsten,most important
kardiologie,cardiology
autohändler,car dealer
tector,tector
brunt,brown
existierten,existed
yvon,yvon
crenshaw,crenshaw
tzu,tzu
gallery,gallery
winkte,waved
bazillen,bacteria
schlichen,crept
bräuten,brides
titanen,titans
egan,egan
howl,howl
vorratskammer,pantry
julianne,Julianne
jurek,jurek
wiii,wiii
nonstop,nonstop
pools,pools
zusammenbauen,assemble
mongolei,Mongolia
bodentruppen,ground troops
spontanen,spontaneous
gebilde,formation
hofrat,Court Councillor
geschlossener,closed
tuvia,Tuvia
quadratkilometer,square kilometers
verworren,confused
größtem,largest
manipulierte,manipulated
ethischen,ethical
knechte,servants
glänzendes,shiny
pax,pax
herzblatt,heartthrob
vermisstes,missing
mordanschlag,assassination attempt
astoria,Astoria
teilnimmt,participates
umhüllt,enveloped
paganini,Paganini
penrose,penrose
videomaterial,video material
todesfällen,deaths
rodrick,Rodrick
sexistisch,sexist
sole,sole
überweise,transfer
zurückkriegen,get it back
unachtsam,carelessly
abzulassen,to release
wehtust,hurt
gutierrez,gutierrez
delacroix,delacroix
denton,Denton
bandbreite,bandwidth
headset,headset
laufwerk,drive
akuter,acute
leberwurst,liverwurst
erbrochen,vomited
neuzugang,new arrival
dugan,dugan
billigste,cheapest
pont,pont
erfrischt,refreshes
brasilianischen,Brazilian
abschaffung,abolition
bitterlich,bitterly
eunuchen,eunuchs
todesstern,Death Star
tacoma,Tacoma
jungle,jungle
schnittwunde,cut
beliefern,supply
schnellere,faster
zobel,sable
karina,Karina
corvette,Corvette
rohstoffe,raw materials
azumi,azumi
gemenon,gemenon
pflichtgefühl,sense of duty
rührende,touching
versenden,send
deflektoren,deflectors
raushelfen,help out
sohlen,soles
profikiller,professional killer
trügen,deceive
pisa,PISA
begebt,go
tomie,tomie
tanne,fir
yoshie,yoshie
rutledge,rutledge
krautsalat,coleslaw
buggy,buggy
achter,eighth
cosa,cosa
abwechseln,alternate
celal,celal
besonderheit,special feature
pritchett,Pritchett
beutlin,baglin
aufhielt,stayed
viggo,viggo
sonstige,other
alfalfa,alfalfa
audi,Audi
verkrafte,cope
sizilianer,Sicilian
wehrdienst,military service
sekretariat,secretariat
fertigstellen,complete
trennst,separate
faxgerät,fax machine
agathe,Agatha
warmherzig,warmhearted
individuellen,individual
kriegsministerium,War Ministry
heilerin,healer
verlogenes,deceitful
geräumig,spacious
späßchen,joke
brillenschlange,spectacled snake
siamesische,Siamese
vermuteten,suspected
piraterie,piracy
barrymore,Barrymore
veröffentliche,publish
revolutionen,revolutions
silhouette,silhouette
haarausfall,hair loss
einzelfall,individual case
barmherzigen,merciful
schonend,gentle
erarbeiten,develop
bekir,bekir
friendly,friendly
display,display
jemma,jemma
schã,beautiful
bikinis,bikinis
requiem,requiem
konstanz,Constance
pfötchen,paws
gable,gabel
hinterfragt,questioned
entzücken,delight
fandst,found
wolfman,wolfman
sparbuch,savings account
mogeln,cheating
kurzum,in short
ausgiebig,extensive
preisgegeben,revealed
schwüre,oaths
weyland,weyland
zuviele,too many
stuck,piece
hors,hors
unterdrücker,oppressor
jobsuche,job search
michele,Michele
zusammengezogen,contracted
malerin,painter
besonderheiten,special features
dorne,thorns
kurtisane,courtesan
chiko,chiko
mhn,mahn
anzugucken,to look at
draufhast,You've got it
spieglein,mirror
privatangelegenheit,private matter
solveig,Soleig
jenson,Jenson
seaworld,seaworld
optimale,optimal
habseligkeiten,belongings
muff,muff
lowen,lions
wurmlochs,wormhole
ausgrabung,excavation
religiöses,religious
sameen,seeds
hausarbeiten,homework
gekapert,hijacked
blickkontakt,eye contact
haffner,Haffner
gesetzlichen,statutory
observatorium,observatory
bisexuell,bisexual
ask,ask
kommend,coming
punktestand,score
zusammengefasst,summarized
pinke,pink
werbekampagne,advertising campaign
gartens,garden
sao,sao
raschelt,rustles
etat,budget
unternehmung,company
ravioli,ravioli
rauszuschmeißen,to throw out
tornados,tornadoes
herta,Herta
einlasse,admit
zielgruppe,target group
ralston,ralston
fristlos,without notice
machtlosen,powerless
vietnamkrieg,Vietnam War
bürogebäude,office building
drogenbehörde,drug enforcement agency
asuna,asuna
baines,baines
schmalz,lard
aktivisten,activists
vernichtete,destroyed
beschränkungen,restrictions
kiemen,gills
sakura,sakura
lechero,lechero
arrakis,arrakis
historisches,historical
kleinkinder,toddlers
verstörende,disturbing
mather,mathematician
ebnen,level
lecke,lick
mondlandung,moon landing
rücklicht,rear light
einmarschiert,invaded
fremdgegangen,cheated
robbe,seal
jesuxxx,jesuxxx
gebogen,bent
android,Android
talby,talby
planes,planes
arkady,Arkady
orgien,orgies
zentral,central
midtown,midtown
voranzutreiben,to advance
ehrenvolle,honorable
psychotisch,psychotic
cheerios,cheerios
weltbevölkerung,world population
eingehende,incoming
handelskammer,chamber of commerce
bowle,punch
arischen,Aryan
herzenswunsch,heartfelt wish
sat,sat
befragten,interviewed
schakale,jackals
cancan,cancan
lähmen,paralyze
auswerten,evaluate
briefpapier,stationery
mopp,mop
eigenständig,standalone
fesselte,captivated
kalbfleisch,veal
beschwichtigen,appease
angele,angel
session,session
bottom,bottom
epische,epic
making,making
nantes,Nantes
korty,korty
prim,primary
rausgehalten,kept out
dorfler,villager
zulassungsstelle,registration office
zuschicken,to send
augusta,Augusta
lichte,bright
riesenproblem,huge problem
weggespült,washed away
verwesen,decay
harlow,Harlow
breitengrad,latitude
teo,teo
soong,soong
lunar,lunar
traci,traci
wicket,Wicket
verbring,spend
tita,tita
tollwütiger,rabid
öhm,umm
ru,ru
bestattet,buried
blackwood,blackwood
ekliger,disgusting
tokugawa,tokugawa
sammelpunkt,Meeting point
jekyll,Jekyll
mutierte,mutated
behaglich,comfortable
postleitzahl,postal code
elspeth,Elspeth
oğuz,oğuz
harke,rake
mitsingen,sing along
zugebracht,spent
majid,Majid
meeresrauschen,sound of the sea
vertrocknet,dried up
notfällen,emergencies
tte,tte
cushing,Cushing's
calamity,calamity
atreides,atreides
ortungsgerät,tracking device
unbedeutender,insignificant
vandalen,vandals
sternschnuppen,shooting stars
teuflisches,diabolical
normen,standards
lehrerzimmer,teachers' room
gets,gets
drückten,pressed
abfällig,derogatory
gegnerische,opposing
getto,ghetto
watty,watty
jugendknast,juvenile detention
rockband,rock band
raumschiffen,spaceships
ria,ria
wedding,wedding
stadtmauern,city ​​walls
messdiener,altar servers
forscht,researches
simse,text
hochkommt,comes up
mehrzahl,plural
bistja,You are
amazon,amazon
geschriebene,written
sicherheitsgurte,seat belts
tragbare,portable
berührungen,touches
scrubs,scrubs
befolgst,follow
duchemin,Duchemin
mündliche,oral
selbsterhaltung,self-preservation
schmollst,pout
messerstecherei,stabbing
freudenhaus,brothel
schont,protects
reeve,reeve
tropez,Tropez
herumlungern,loitering
nacktes,naked
aggressivität,aggressiveness
entlocken,elicit
ernähre,feed
rückzahlung,repayment
chalmers,chalmers
halloran,halloran
auszuhelfen,to help out
mildern,mitigate
ansprechpartner,contact person
segle,sail
ausgefahren,extended
taijun,taijun
defiance,defiance
getrocknete,dried
magnetisch,magnetic
höherem,higher
einweihung,inauguration
schnuckelchen,sweetie
kritischer,critical
armdrücken,arm wrestling
mojito,mojito
fimpen,fimping
humpeln,limp
episoden,episodes
annes,Annes
deinetwillen,for your sake
sitzordnung,seating arrangement
muli,mule
melli,Melli
mont,mont
misshandlungen,abuse
instanz,instance
jørgen,Jørgen
seamus,seamus
schubkarre,wheelbarrow
mutterschaft,maternity
magere,meager
hierin,herein
luli,luli
müllers,Müller's
laufender,ongoing
dreckschweine,filthy pigs
arnaud,arnaud
einfacheren,simpler
überfällen,ambush
süchtiger,addict
bucephalus,bucephalus
chiropraktiker,chiropractor
ap,ap
tobte,raged
aramis,aramis
pcp,PCP
geringeren,lower
iet,iet
raf,raf
mighty,mighty
pestizide,pesticides
comandante,comandante
fallend,falling
mally,mally
belog,belog
tunten,drag queens
ender,ender
geschlechtsumwandlung,gender reassignment
heiteres,cheerful
ranjit,ranjit
gemächern,chambers
kirmes,fair
stalins,Stalin's
huldigen,pay homage
mauritz,mauritz
abtreibungen,abortions
tanger,Tangier
gesuchter,sought after
beichtvater,confessor
bissell,bissell
ehepaare,married couples
vitalfunktionen,vital functions
unis,universities
hakan,Hakan
zurückgehst,go back
anprobiert,tried on
abschussliste,Hit list
suchmeldung,search report
queue,queue
ausräuchern,fumigate
kolumbianische,Colombian
tilda,Tilda
sébastien,Sébastien
prahlt,boasts
neblig,foggy
schlafstörungen,sleep disorders
deko,decoration
prego,prego
spalding,Spalding
luftfeuchtigkeit,humidity
gefällts,likes
ferngesteuert,remote controlled
verkabeln,wire
eggsy,eggsy
minh,minh
komik,comic
objektivität,objectivity
layton,layton
argumentiert,argued
hornissen,hornets
griffe,handles
harz,resin
prügeleien,fights
raccoon,raccoon
vermögenswerte,assets
davonläuft,runs away
aufbewahrung,storage
zusammenzuleben,living together
niedrigste,lowest
mlle,mlle
verhüllt,concealed
hauptcomputer,main computer
weathers,weathers
mango,mango
gcpd,gcpd
azteken,Aztecs
ak,ak
mcclure,McClure
ronaldo,Ronaldo
vitus,Vitus
kolosseum,Colosseum
wächtern,guards
lygia,lygia
rumhängst,hanging around
lübeck,Lübeck
pussies,pussies
häuptlinge,chieftains
freikommen,get free
namenloser,nameless
cali,Cali
probt,rehearsals
codiert,coded
netterweise,kindly
mischte,mixed
tapfersten,bravest
kriecher,creeper
eigenartigen,peculiar
deniz,deniz
outen,out
camps,camps
tudor,Tudor
pyle,pyle
vernichtend,devastating
werbeagentur,advertising agency
entsprungen,escaped
enttäuschte,disappointed
hellsten,brightest
aldous,aldous
felgen,rims
shue,shue
australische,Australian
halse,neck
hinkriege,I can do it
sadisten,sadists
gilmore,Gilmore
geschneit,snowed
allerhöchste,supreme
sportunterricht,physical education
financial,financial
predige,preach
connection,connection
rannveig,Rannveig
satoshi,satoshi
fandet,found
freilässt,releases
avigdor,avigdor
nordmänner,Norsemen
aussaugen,suck out
äm,um
disk,disk
drehkörper,bodies of revolution
fortschrittliche,advanced
beamtin,civil servant
leth,leth
gemütliches,cozy
geschützten,protected
sichtung,sighting
farnese,Farnese
guapo,guapo
michal,Michael
hentai,hentai
scheußliches,hideous
erträglicher,more bearable
fraßen,ate
damn,damn
liddy,liddy
trotter,trotter
schmauchspuren,soot marks
bemannt,manned
hirntot,brain dead
anyone,Anyone who wanted to know more than once can find a new member of the public domain in the future.
verdun,Verdun
eingeengt,confined
sorgfältiger,careful
schafott,scaffold
ijon,iyon
wolverine,Wolverine
durchleuchtet,X-rayed
amphetamine,amphetamine
akzeptier,accept
vasen,vases
hundefänger,dogcatcher
einkaufswagen,shopping cart
überrede,persuade
ehrwürdigen,venerable
schwatzen,chatter
hines,hines
nichtsein,nothingness
mäßigen,moderate
canal,canal
baustellen,construction sites
erschütternd,shocking
kommentator,commentator
jakarta,Jakarta
rajesh,Rajesh
arier,Aryans
zwinger,kennel
mikkel,mikkel
fähigen,capable
implantieren,implant
kyles,Kyles
unterarm,forearm
knattern,rattling
übersinnlichen,psychic
kippte,tipped over
notizblock,notepad
bakshi,bakshi
sprunghaft,erratic
testaments,wills
zubringen,bring to
individuell,individually
tendieren,tend
nuri,nuri
raumkapsel,space capsule
begebenheiten,events
gare,gare
energieversorgung,energy supply
abgewickelt,handled
muchas,muchas
zweigen,branches
zuteilen,allocate
dünkt,seems
abklären,clarify
kriegsverbrechen,war crimes
amtierende,incumbent
ringsum,all around
erlangte,obtained
drinsteht,It says
letty,letty
teach,teach
jour,day
ausgeplaudert,spilled the beans
betreffende,concerning
pfft,pfft
strahlendes,radiant
überdreht,over-the-top
vlies,fleece
zuschaut,watches
eragon,Eragon
bonn,Bonn
lol,lol
gleichem,same
servierst,serve
erwiderte,replied
myriam,Myriam
leto,leto
götterspeise,jelly
jc,jc
berichts,report
autoreifen,car tires
sakamoto,Sakamoto
republikanischen,Republican
nihal,Nihal
ticktack,tick tock
pieper,beeper
lächerliches,ridiculous
soap,soap
vernissage,opening
fletch,fletch
widerworte,rebuttals
halter,holder
gabt,gave
hähne,roosters
reliquien,relics
hamel,Hamel
ruhelos,restless
dingfest,apprehended
karloff,Karloff
aufgetaut,thawed
feminin,feminine
mare,mare
witt,witt
traumes,dream
provence,Provence
sauftour,drinking tour
mosca,mosca
bekriegen,fight
biblischen,biblical
gefã,gefã
epstein,Epstein
gilson,gilson
villefort,villefort
hummus,hummus
intuitiv,intuitive
final,final
zurückgeschlagen,repulsed
mühlen,mills
aufwartung,service
hegst,hegst
kaputtgegangen,gone broken
gepachtet,leased
hinterlistig,treacherous
driver,driver
nahrhaft,nutritious
genehmigte,approved
sozialversicherung,social security
herausragende,outstanding
führern,leaders
kowloon,kowloon
momentchen,Just a moment
himmelswillen,For heaven's sake!
provisorische,provisional
nischt,nothing
folgsam,obedient
résistance,resistance
erziehe,educate
jau,yes
alphas,alphas
ansahen,looked
gewichst,masturbated
eismann,ice cream man
vereinbarte,agreed
stuten,mares
rausreden,talking your way out of it
entfesseln,unleash
smoke,Smoke
auffiel,noticed
nüchternheit,sobriety
penizillin,penicillin
vanilla,vanilla
vielversprechende,promising
gebrauchtwagen,used cars
bewerbe,apply
feierlichen,festive
außenpolitik,foreign policy
vollgekotzt,covered in vomit
karli,Karli
hockst,squat
schrammen,scratches
nexus,nexus
lektor,editor
kohldampf,ravenous hunger
hungernden,starving
allerwenigsten,very few
abernathy,abernathy
hexenzirkel,witches' coven
schwieg,remained silent
santino,santino
onion,onion
cantor,cantor
aufsätze,essays
personals,personals
dienstagabend,Tuesday evening
telepathen,telepaths
verdreifachen,triple
griselda,Griselda
erwirkt,achieved
stutzen,support
pazifist,pacifist
räumung,eviction
niggern,niggers
klingonenschiff,Klingon ship
uliamos,uliamos
ritters,knights
sündhaft,sinful
vatikans,Vatican
webcam,webcam
bergarbeiter,miners
margarethe,Margarethe
pendel,pendulum
meinhard,Meinhard
familienangelegenheiten,family matters
burning,burning
marienkäfer,ladybug
ausschluss,exclusion
auskundschaften,scouting
porto,postage
grimmig,grim
irisch,Irish
kurtz,Kurtz
häuslichen,domestic
flugzeuges,aircraft
mittelfinger,middle finger
egoistisches,selfish
unerfreuliche,unpleasant
knallkopf,hothead
wallung,surge
anette,Anette
pjotr,pjotr
yui,yui
kommunistin,Communist
weitergekommen,progressed
weidet,grazing
schliess,close
barmherzige,merciful
polizeilichen,police
zugangscodes,access codes
beteilige,participate
forget,forget
pflanzte,planted
registrierung,registration
paragraf,paragraph
bissig,biting
paintball,paintball
woodstock,woodstock
zugesprochen,awarded
nüchternen,sober
abgekartetes,rigged
umgehe,bypass
push,push
salto,salto
asiatin,Asian
unhold,fiend
herzschmerz,heartbreak
aufrechte,upright
vollendete,completed
bemerkenswertes,remarkable
carry,carry
sturkopf,stubborn
umfassen,include
biste,are
vorfahrt,right of way
übergezogen,over
farr,farr
verbissen,doggedly
hochgradig,highly
vororten,suburbs
herzzerreißend,heartbreaking
darla,darla
maike,maike
einhalb,half
freizugeben,to release
torrio,torrio
außenseite,outside
lieferservice,delivery service
hinauswollen,want to go out
cemal,ceramic
zusagt,promises
nahem,nearby
sony,sony
lichtes,light
dry,dry
beschränkte,limited
landezone,landing zone
selbstmordgefährdet,suicidal
aurore,aurore
wirbelwind,whirlwind
anschneiden,cut
grimassen,grimaces
rumzukriegen,to get around
grimms,Grimms
smartphone,smartphone
andauernden,ongoing
nuklearwaffen,nuclear weapons
enthauptung,decapitation
gemütlichkeit,coziness
motorengeräusche,engine noises
schornsteinfeger,chimney sweep
rigby,Rigby
rasputin,Rasputin
knopfdruck,push of a button
ontario,Ontario
physikalische,physical
flair,flair
mußtest,had to
rangemacht,made
boynton,boynton
klatsche,clap
konzerten,concerts
feurig,fiery
meade,meade
anerkennt,acknowledges
flik,flip
beschuldigung,accusation
einlagen,deposits
vaterlandes,fatherland
rebeccas,Rebecca's
soziopathen,sociopaths
taktischer,tactical
bezirke,districts
tyrol,tyrol
prudence,prudence
suchtrupps,search parties
leichtem,light
stütz,support
aufzuzeichnen,to record
wiedergewählt,re-elected
vordersitz,front seat
tschaikowski,Tchaikovsky
backstage,backstage
warriors,warriors
messing,brass
addams,Addams
ri,ri
limousinen,limousines
erpresste,extorted
stattliche,stately
drogensüchtige,drug addicts
himbeeren,raspberries
morbide,morbid
ledige,single
briefkästen,mailboxes
staatsgewalt,state power
swallow,swallow
hälse,necks
kniete,knelt
bekehrt,converted
milchgesicht,milk face
anekdoten,anecdotes
seco,seco
durchführte,carried out
hepburn,Hepburn
nicklas,nicklas
ausgestopft,stuffed
tyra,Tyra
tennisplatz,tennis court
louisville,Louisville
hindus,Hindus
sporttasche,sports bag
maharadscha,Maharaja
beschenkt,gifted
unerklärlich,inexplicable
keuschheit,chastity
liebenswerter,lovable
floty,floty
minigolf,mini golf
lynda,Lynda
heilbar,curable
untersuchungsausschuss,committee of inquiry
mertens,Mertens
fehlzündung,misfire
genähert,approximate
abständen,intervals
bikes,bikes
aufnahmegerät,recording device
wilton,Wilton
zoomen,zoom
unkontrollierbar,uncontrollable
föderationsschiff,Federation ship
halluziniere,hallucinate
indisch,Indian
foot,foot
hbo,hbo
contessa,countess
fellow,fellow
abgeschieden,secluded
gamser,gamser
waj,waj
frontlinie,front line
überstellt,transferred
acosta,acosta
einlaufen,enter
freeze,freeze
lui,lui
detoniert,detonates
danko,Danko
unabhängigkeitserklärung,declaration of independence
bezahlter,paid
stinklangweilig,incredibly boring
erhaschen,catch
tapetenwechsel,change of scenery
moralpredigt,moral sermon
grenouille,Grenouille
türsummer,door buzzer
above,above
tatorts,crime scenes
blunt,blunt
köstliches,delicious
älteres,older
kusch,shush
giulietta,Giulietta
krabbelt,crawls
rud,rud
barrows,barrows
lügender,lying
vertrags,contract
nervenheilanstalt,mental hospital
zurückzuschicken,return
festungen,fortresses
philosophische,philosophical
hinkt,limps
archiven,archives
tout,tout
kearney,Kearney
ausgeprägt,pronounced
lyne,lyne
breitete,spread
donnerschlag,thunderclap
anlässe,occasions
tomás,tomas
leugnest,deny it
frigide,frigid
florentine,florentine
hauie,hauie
kanzel,pulpit
mirjetzt,me now
bekunden,declare
zusammenlegen,combine
beflügelt,inspired
beträchtlichen,considerable
entertainer,entertainer
demos,demos
elektroden,electrodes
miserable,miserable
schrapnell,shrapnel
wehrlose,defenseless
einher,accompanied
feurige,fiery
simeon,simeon
sprechchor,speaking choir
zwängen,to force
diesseits,on this side
vertauschen,exchange
joosep,joosep
mondoberfläche,lunar surface
morduntersuchung,murder investigation
verbeuge,bow
antue,antu
sachverhalt,facts
mays,mays
zylonische,Cylon
wegzufahren,to leave
hufen,hooves
löwenzahn,dandelion
issa,issa
minder,less
maryann,Maryann
dominant,dominant
obszöne,obscene
hinwegsehen,overlook
pemberton,Pemberton
folgend,following
startest,start
geklemmt,clamped
parlaments,parliament
biochemie,biochemistry
pflegemutter,foster mother
ausweiden,eviscerate
handgelenken,wrists
weggeholt,taken away
sklavenhändler,slave traders
kroatien,Croatia
konditorei,confectionery
fleißige,diligent
innovation,innovation
burner,burner
todesstoß,death blow
spaltung,cleavage
unsagbar,unspeakable
musikanten,musicians
angehoben,raised
stimulierend,stimulating
schlechthin,simply
bemühst,try
updates,updates
verstümmelte,mutilated
konföderierten,confederate
smithsonian,Smithsonian
sehvermögen,eyesight
maki,maki
kindische,childish
posen,poses
desdemona,desdemona
yuria,yuria
putnam,putnam
hochgekommen,came up
brasilianer,Brazilian
maigret,Maigret
trojanisches,Trojan
besitzern,owners
familienerbstück,family heirloom
lundgren,Lundgren
trash,trash
arbeitsstunden,working hours
umweltschützer,environmentalist
mitbrachte,brought with her
stowaway,stowaway
herzensbrecher,heartbreaker
wetters,weather
zusammenhalt,cohesion
zugänge,access
abdeckung,cover
trist,dreary
schie,shoot
prozac,prozac
wegs,way
reinspazieren,Walk in
großmutters,grandmother's
leut,people
muller,muller
hochwasser,flood
eingeschlichen,crept in
niño,niño
geschirrspüler,dishwasher
knock,knock
arzneimittel,drug
beijing,Beijing
gutsherr,landowner
siesta,siesta
glückskeks,fortune cookie
erhängte,hanged
ehrenvollen,honorable
händlern,traders
jiri,jiri
besenstiel,broomstick
projektil,projectile
parbat,parbat
laboratorium,laboratory
bellows,bellows
petzen,snitch
sparschwein,piggy bank
devise,motto
achtel,eighth
gefürchtete,dreaded
squash,squash
tosca,Tosca
abgibst,hand in
rätst,do you advise
sonnenstich,sunstroke
rizvan,rizvan
walkman,walkman
giftstoffe,toxins
formiert,formed
freibeuter,privateer
rumgekriegt,got it sorted out
festgefahren,stuck
sinnliche,sensual
scheibenwischer,windscreen wipers
zacken,pink
christliches,Christian
hide,hide
plakette,plaque
piggott,piggott
verderbe,spoil
beschleunigte,accelerated
missbrauchte,abused
austoben,let loose
erbracht,provided
kübel,bucket
zurückzuerobern,to recapture
zeitlos,timeless
läute,ring
adrienne,Adrienne
gedatet,dated
rollenspiele,role-playing games
ivar,ivar
ämter,offices
claremont,Claremont
kitzlig,ticklish
amato,amato
leichtesten,lightest
might,might
debattieren,debate
abseilen,abseiling
jimmie,Jimmy
leidenschaftlichen,passionate
herrschers,ruler
pidge,pigge
messala,Messala
ölwechsel,oil change
erhöhter,increased
saturday,Saturday
kompetenzen,skills
ehebrecher,adulterer
schändlichen,shameful
reaktiviert,reactivated
neuester,newest
fredericks,Frederick
bieter,bidder
heathcliff,Heathcliff
ritalin,Ritalin
konsumieren,consume
wittert,smells
telegraph,telegraph
gunn,gunn
floor,floor
pendeln,commute
regulieren,regulate
latimer,latimer
zocker,gambler
auszuflippen,to freak out
goldjunge,golden boy
geringeres,lesser
nachgeschlagen,looked it up
odd,odd
qualmt,smokes
liebkosen,caress
freigestellt,exempted
reiflicher,mature
morley,morley
leisteten,provided
yao,yao
rodolfo,Rodolfo
totenbett,deathbed
chauncey,chauncey
bleibende,permanent
ausblasen,blow out
fahrstil,driving style
marzipan,marzipan
buckner,buckner
verdamme,damn
aufhörten,stopped
wasserturm,water tower
gerichtsmediziners,forensic pathologist
argwöhnisch,suspiciously
privateigentum,private property
filialleiter,branch manager
alltägliche,everyday
muskelprotz,muscleman
minsk,Minsk
wickle,wrap
dorbeck,Dorbeck
brant,brant
bellini,bellini
multipliziert,multiplied
suat,suat
besetzte,occupied
denning,denning
ausgebaut,expanded
scarface,scarface
verleugnung,denial
geschäftsführung,management
cleveren,clever
sprengkörper,explosive device
kund,customer
eindämmung,containment
neutron,neutron
points,points
schoko,chocolate
schulkinder,schoolchildren
zyste,cyst
teufelin,devil
ritus,rite
fixer,fixer
huxley,Huxley
umarmst,hugs
eastman,eastman
treadwell,treadwell
abschiede,farewells
herkamst,you came from here
warterei,waiting
skeptiker,skeptics
planchet,planchet
essbares,edible
flutwelle,tidal wave
spocks,Spock's
enthülle,reveal
lucys,Lucy's
erneutes,renewed
waiting,waiting
fragment,fragment
litauen,Lithuania
steins,steins
ehrgeiziger,ambitious
bluto,Bluto
kaust,kaust
ziegenbock,billy goat
pragmatisch,pragmatic
schriebst,you wrote
geschichtslehrer,history teacher
rauchmelder,smoke detector
teehaus,teahouse
verwöhntes,spoiled
runs,runs
buddhist,Buddhist
jona,Jonah
huan,huan
menschenkenntnis,knowledge of people
mannequin,mannequin
astrologie,astrology
cheech,cheech
möget,may
kartoffelchips,potato chips
lab,lab
fiept,beeps
englischlehrer,English teacher
meisterhaft,masterful
türgeräusch,door noise
wiederholten,repeated
erhaltet,receive
vertreibe,drive away
gallenblase,gallbladder
wyler,wyler
waffenbesitz,gun ownership
ethnische,ethnic
aufgehetzt,incited
weltbesten,world's best
anhörst,listen
majestätische,majestic
liliane,Liliane
iin,iin
dal,dal
schlichter,simpler
geek,geek
bilanzen,balance sheets
verleih,rental
abgleichen,match
ausgehoben,excavated
nuschelt,mumbles
meise,titmouse
brillanz,brilliance
kotori,kotori
freikarte,free ticket
zurückstellen,postpone
eroberungen,conquests
uganda,Uganda
alarmsignal,alarm signal
premierministers,prime ministers
cyrano,Cyrano
nicke,nod
flitzen,scamper
takata,takata
aufgetankt,refueled
einzubringen,to contribute
catrina,catrina
sohnemann,son
arnett,arnett
salander,Salander
beisetzung,burial
kralik,Kralik
geißel,scourge
rufnummer,phone number
viech,creature
fließband,assembly line
kotelett,cutlet
alvy,alvy
abgewaschen,washed
beitritt,accession
schekel,shackle
buckaroo,buckaroo
möchtegern,wannabe
loverboy,loverboy
ashe,ashe
abholst,pick up
ingvar,ingvar
geschliffen,polished
musikerin,musician
zusammengelebt,lived together
schwesterlein,little sister
syracuse,Syracuse
gebrauchten,used
inoffizielle,unofficial
besitzergreifend,possessive
starteten,started
sonderpreis,special price
smaragde,emeralds
einleuchtend,obvious
bahnt,paves
wenngleich,although
rats,rats
giftmüll,toxic waste
baumeister,builder
regeneriert,regenerated
levinson,Levinson
corrigan,corrigan
interferenz,interference
superb,superb
geknebelt,gagged
translation,translation
unglaublichste,most incredible
latin,Latin
satteln,saddle
luper,magper
commandant,commandant
reserviere,reserve
wahrzeichen,landmark
überflüssige,superfluous
rolltreppe,escalator
waldi,waldi
cordell,cordell
embryo,embryo
verhörs,interrogation
menschenopfer,human sacrifice
vorta,vorta
nikos,Nikos
rausgegeben,released
lyn,lyn
rowdys,rowdies
austritt,exit
schluchten,gorges
krankgeschrieben,signed off sick
tagesablauf,daily routine
pet,pet
jacobi,Jacobi
spendier,spend
verbleibt,remains
verschmäht,spurned
übermüdet,overtired
walnuss,walnut
fried,fried
aitan,aitan
natalja,Natalja
pauly,Pauly
slash,slash
transportierte,transported
sigurd,Sigurd
piñata,piñata
versohl,slapped
nippeln,nipples
antwon,antwon
aya,aya
abgetreten,assigned
zählten,counted
ungeahnte,unexpected
coionei,coionei
beanspruche,claim
misslingt,fails
lehman,Lehman
regalen,shelves
namenlosen,nameless
geheule,howling
preiswert,inexpensive
verrostet,rusted
jamaica,Jamaica
evolet,evolet
unangekündigt,unannounced
andauert,continues
schrägstrich,slash
pennern,bums
eros,Eros
verbandskasten,first aid kit
auffinden,find
fleißiger,diligent
kanaan,Canaan
kneifst,pinch
bardame,barmaid
neuankömmlinge,newcomers
iona,Iona
racheakt,act of revenge
geschwungen,curved
quid,quid
sammys,Sammy's
guineas,Guineas
messwerte,measured values
überraschungsmoment,element of surprise
gaunern,crooks
dynamics,dynamics
rechtsstreit,legal dispute
abtrünniger,renegade
fotoshooting,photoshoot
reinzulassen,to let in
weitermache,continue
lachgas,nitrous oxide
lns,lns
transvestiten,transvestites
mose,cunt
polka,polka
nullpunkt,zero point
verwundeter,wounded
schädels,skull
plastiksprengstoff,plastic explosive
stipendien,scholarships
uhu,owl
baek,bake
unanständige,indecent
zion,Zion
händeschütteln,handshake
edmunds,Edmunds
daves,Daves
josefa,Josefa
arrogantes,arrogant
zugbrücke,drawbridge
durchbringen,to pull through
packten,packed
verhüten,prevent
synchronisieren,synchronize
pächter,tenant
aufzieht,pulls up
executive,executive
nr,no
verkleinert,reduced in size
methadon,methadone
elway,Elway
dastan,dastan
instagram,Instagram
dizzy,dizzy
hetz,hate
ermittlerin,investigator
schuldirektor,school principal
larven,larvae
rains,rains
festsetzen,determine
gunilla,gunilla
dez,Dec
lebensaufgabe,life's work
blitzblank,spotless
türklinke,door handle
piers,piers
transparent,transparent
jauchzen,rejoice
törichten,foolish
petri,petri
gruyter,Gruyter
ouvertüre,overture
hieran,this
übliches,usual
aufmerksamer,attentive
farell,farell
hadschi,Haji
birmanisch,Burmese
aufführst,perform
pezuela,pezuela
geschichtsbüchern,history books
titelseiten,front pages
seefahrt,seafaring
verkabelung,cabling
abgekratzt,scraped off
paella,paella
sanktionen,sanctions
grünem,green
sammel,collect
güterzug,freight train
abgebe,to hand over
grell,bright
einkaufszentren,shopping centers
erfasse,capture
amüsante,amusing
godric,godric
professionalität,professionalism
äusserst,extremely
geheimniskrämerei,secrecy
gepredigt,preached
trachten,traditional costumes
oktopus,octopus
gershwin,Gershwin
verführte,seduced
strikes,strikes
teuflischer,diabolical
abkühlung,cooling
legales,legal
reinzubringen,to bring in
alkoholismus,alcoholism
besitzers,owner
jennas,Jenna's
stürmische,stormy
corona,corona
rübergekommen,came over
absahnen,skim off the cash
loyalen,loyal
bisse,bites
griffel,stylus
herumschleichen,sneaking around
fäkalien,feces
kenai,Kenai
phelan,phelan
produktivität,productivity
boudoir,boudoir
stocksauer,furious
ausgekommen,got by
hanswurst,Hanswurst
kurator,curator
flugblatt,leaflet
bauernmädchen,peasant girl
gags,gags
anbrüllen,yelling
schlössern,locks
kimmie,Kimmie
wasserloch,waterhole
heringe,herrings
christlicher,Christian
kochkünste,culinary skills
umfahren,avoid it
sani,sani
bundy,bundy
fürchterlicher,terrible
professionelles,professional
pygmäen,pygmies
unumgänglich,unavoidable
insolvenz,insolvency
pauken,cramming
zyniker,cynic
adlers,eagles
steinchen,pebbles
polin,Polin
amtierenden,incumbent
zerschossen,shot up
arbeitsweise,working method
vormundschaft,guardianship
year,year
penetration,penetration
gepfiffen,whistled
visor,visor
crale,crale
bekanntgeben,announce
nachgemacht,imitation
trump,trump
sosa,sosa
qualifizierte,qualified
salome,Salome
dung,dung
weinende,crying
clu,clu
aufzuteilen,to divide
erinnerungsvermögen,memory
lesters,Lesters
tauber,deaf
gleichberechtigt,equal
hochmütig,haughty
klingende,sounding
smirre,smirre
yippie,yippee
entging,escaped
altert,aging
gesäß,buttocks
sia,sia
kolumbianischen,Colombian
einzuspringen,to step in
pig,pig
grégoire,Gregory
kell,kell
wilda,wilda
fehlender,missing
dolche,daggers
later,later
ausgestochen,cut out
frühmorgens,early morning
milder,milder
schlaflosen,sleepless
krankhafte,pathological
abzuschleppen,tow
plausch,chat
lanka,Lanka
quartieren,quarters
nettigkeit,kindness
maude,Maude
impala,impala
pilgerfahrt,pilgrimage
router,router
meeresspiegel,sea ​​level
weiterzugehen,to continue
bewunderst,admire
bummeln,stroll
hutchinson,Hutchinson
zweitschlüssel,spare key
simples,simple
dessler,dessler
verbraucher,consumer
sinfonie,symphony
savonarola,savonarola
sheryl,Sheryl
raaiiyaa,raaiiyaa
atropin,atropine
hingenommen,accepted
mercier,mercier
navarra,Navarre
dolce,dolce
boudreau,boudreau
glatten,smooth
lieutenants,lieutenants
volke,people
eheleben,married life
jux,joke
vernascht,devoured
gannon,gannon
leichteste,lightest
schüttete,poured
heiratsurkunde,marriage certificate
heiligt,sanctifies
alsbald,soon
ungeklärten,unexplained
abzustellen,to stop
raiko,raiko
feile,file
funkelt,sparkles
glitzert,glitters
rowdy,rowdy
chlamydien,chlamydia
geistiges,spiritual
blutbank,blood bank
ausgeburt,birth
gomorra,Gomorrah
tatsu,tatsu
phantome,phantoms
kreatives,creative
andiamo,andiamo
eintrafen,arrive
morgendlichen,morning
rausgesucht,picked out
belangt,concerned
chiffre,cipher
überlebenschancen,chances of survival
gequetscht,squashed
aufhalte,stay
ränge,ranks
ibn,ibn
tb,tb
stewardessen,flight attendants
symbolen,symbols
amélie,Amélie
ashford,ashford
petschek,petschek
anhaltende,persistent
footballspiel,football game
ausschlaggebend,decisive
erkrankte,ill
bussen,buses
verna,Verna
drollig,funny
zurückgeworfen,thrown back
durchgreifen,take action
erfundenen,invented
vollstrecken,to enforce
langweilte,bored
gesundheitsministerium,Ministry of Health
nervtötend,annoying
birma,Burma
abwasser,wastewater
gehänselt,teased
havre,havre
maulkorb,muzzle
ästhetik,aesthetics
disketten,floppy disks
ausgab,spent
angstlaute,sounds of fear
spy,spy
islamische,Islamic
blackie,blackie
klinke,pawl
ersetzte,replaced
lird,lird
yangs,yangs
bestatten,bury
hinausgeht,goes beyond
cobain,Cobain
skalpiert,scalped
ehegelübde,wedding vows
reichstag,Reichstag
einzuweihen,to inaugurate
rannehmen,take it upon yourself
chlor,chlorine
vorderster,front
brandenburg,Brandenburg
laib,loaf
fanpost,fan mail
monatlichen,monthly
verfehlte,missed
fruit,fruit
vroni,Vroni
promotion,promotion
maserati,Maserati
literarische,literary
abstürzte,crashed
überraschungsangriff,surprise attack
mordfällen,murder cases
schlaukopf,smarty-pants
vergnügungen,amusements
whites,whites
schärfsten,sharpest
cabe,cabe
yoshimura,yoshimura
erschreckende,terrifying
bewirbt,applies
raufbold,bully
unterzugehen,to perish
gefüllten,filled
adliger,nobleman
bag,bag
stiefschwester,stepsister
geschäftswelt,business world
einholt,catches up
rüde,rude
vertrautes,familiar
lecks,leaks
realist,realist
weichling,softie
rotkehlchen,robin
jachthafen,marina
klöße,dumplings
transparenz,transparency
befehlsverweigerung,refusal to obey orders
symphony,symphony
goines,goines
hinbringt,brings
children,children
stapleton,stapleton
eventuelle,possible
autokino,drive-in cinema
verheerende,devastating
safran,saffron
bnd,bnd
räumte,cleared
verschnaufen,catch
überfragt,overwhelmed
macoco,macoco
gotti,godmother
metamorphose,metamorphosis
verwerfen,discard
unwichtige,unimportant
interessanterweise,interestingly
festlich,festive
vans,vans
mörderischer,murderous
smoak,smoak
pessimist,pessimist
tris,tris
einschläfst,fall asleep
jota,jota
manga,manga
alliierte,allied
anführt,leads
mcdonalds,McDonald's
wasserfälle,waterfalls
stempeln,stamp
kisha,kisha
sous,sous
farsi,Farsi
verlaß,leave
vermutest,suspects
reibst,rub
supervisor,supervisor
emp,recommended
wildman,wildman
leung,leung
sonstwo,elsewhere
angelockt,attracted
gerste,barley
cn,cn
grass,grass
kasim,Kasim
crimson,crimson
untauglich,unsuitable
stabiles,stable
tischtennis,table tennis
dwyer,dwyer
twan,twan
euter,udder
zimmergenossin,roommate
medea,Medea
nachweisbar,verifiable
naivität,greenness
torrey,torrey
galway,Galway
micke,Micke
angetroffen,encountered
überlegten,considered
jerrys,Jerry's
crab,crab
marchand,marchand
karp,carp
gran,gran
phuong,phuong
verschollenen,missing
elbisch,Elvish
erstanden,acquired
packard,Packard
kash,cash
jian,jian
hoeren,hear
vertrautheit,familiarity
liebenswürdigkeit,amiability
aufreißt,tears open
gebratenen,fried
tätern,perpetrators
staut,traffic jam
polypen,polyps
io,io
glühst,glow
annies,Annie's
flächen,areas
verschönern,beautify
gorgo,gorgo
arabern,Arabs
gilde,guild
vorspulen,fast forward
gepanzerten,armored
mitgeholfen,helped
maiwald,Maiwald
krabs,Krabs
carhaix,carhaix
pee,pee
impliziert,implies
stecher,stinger
faschistischen,fascist
starthilfe,jump-start
wiederzuerlangen,to recover
leichtere,lighter
parkuhr,parking meter
verbeugung,bow
kader,squad
aussichtspunkt,viewpoint
bezwingt,conquers
satin,satin
reichtums,wealth
verfechter,advocates
scannt,scans
erweckte,awoke
schleudert,hurls
nachfahre,descendant
vail,vail
alberts,Alberts
verschmutzung,pollution
stoner,stoner
skorpione,scorpions
quinlan,quinlan
doyles,doyles
bockhorn,Bockhorn
verzeichnen,record
trödel,junk
nordwestlich,northwest
verbrechensrate,crime rate
nolcorp,nolcorp
erhabenheit,sublimity
tränken,soak
vereinzelte,isolated
schröter,Schröter
katalogisiert,cataloged
aufnehme,record
transcript,transcript
rausprügeln,beat them out
präfekten,prefects
nationalisten,nationalists
süchtigen,addicts
umdrehte,turned around
polizeibehörde,police authority
camilo,Camilo
franklyn,Franklyn
radau,noise
vortäuscht,pretends
burritos,burritos
beendeten,finished
schwingst,swing
affentheater,monkey business
tati,tati
waffengewalt,gun violence
mästen,fattening
fella,fella
rochen,sting
untergräbt,undermines
schubste,pushed
treasure,treasure
aufder,on the
elm,elm
größenwahnsinnig,megalomaniac
kletterst,climb
mägerlein,Mägerlein
deponie,landfill
bucklige,hunchbacked
sprecherin,speaker
kosmetikerin,beautician
rubine,rubies
koloss,colossus
feuchter,humid
villette,villette
klängen,sounds
reingehe,go in
kittredge,kittredge
morgenrock,dressing gown
rumgekommen,got around
klingonisch,Klingon
klingonischer,Klingon
strapazen,strains
vergrault,scared away
sallys,Sally's
übergeht,transitions
autofahrt,car ride
spelunke,dive
berücksichtigung,consideration
skandinavien,Scandinavia
raffinesse,refinement
klügere,smarter
zhu,zhu
mitschreiben,take notes
überraschenden,surprising
exponentiell,exponentially
association,association
nickt,nods
quartiermeister,quartermaster
chalky,chalky
hochging,went up
realistischer,realistic
vorgebracht,presented
bros,bros
vorgefahren,drove up
unglückliches,unfortunate
mentorin,mentor
tilly,tilly
bonney,Bonney
bekämpfte,fought
bonzen,bigwigs
foxtrott,foxtrot
flaggschiff,flagship
plattenvertrag,record deal
gegenmaßnahmen,countermeasures
explodierten,exploded
anjou,Anjou
potenz,power
subjektiv,subjective
koen,can
bedürfen,require
sparkonto,savings account
anspringt,starts
kreuzritter,crusaders
kurzfristige,short-term
mieseste,worst
bestünde,would exist
admirals,admirals
montez,Montez
rinnt,trickles
verdrehst,twist
beschwört,conjures
impulskraft,impulse force
beatrix,Beatrix
aisha,Aisha
bekämpfung,combat
rj,rj
guns,guns
eigenartiger,peculiar
lüftung,ventilation
hühnerfarm,chicken farm
stubenrein,house-trained
zumeist,mostly
maiglöckchen,lily of the valley
blindlings,blindly
konvent,convention
freisprechen,swear off
südostasien,Southeast Asia
shinji,Shinji
brasilianische,Brazilian
heiland,Saviour
kürzere,shorter
auflaufen,run up
aufzuladen,to charge
tagesstätte,day care center
taik,taik
überschwemmungen,floods
rosmarie,Rosmarie
merete,Merete
fluchtwagen,getaway car
ode,ode
eheprobleme,marital problems
corinna,Corinna
ehemännern,husbands
räudigen,mangy
ye,ye
along,along
markierten,marked
pulitzer,Pulitzer
neurologischen,neurological
grußfrequenzen,greeting frequencies
schnalzt,snaps
vipern,vipers
offenlegung,disclosure
kipling,Kipling
rückhand,backhand
mayson,mayson
darrow,darrow
meerwasser,seawater
sheng,sheng
hightower,hightower
durcharbeiten,work through
ungewollte,unwanted
kuriert,cured
tatum,tatum
schuester,shoemaker
rinaldo,Rinaldo
alive,alive
tandy,tandy
erübrigen,unnecessary
kraftlos,powerless
bemalen,paint
briarcliff,briarcliff
neurologie,neurology
verschwören,conspire
abgeraten,advised against
hütchen,hats
pechvogel,unlucky
nathans,Nathan
beliebig,any
bevölkert,populated
wohlhabende,wealthy
überfüllten,overcrowded
schleimig,slimy
prall,plump
egoistischen,selfish
gedeutet,interpreted
zyklopen,Cyclops
strippe,strip
abzusichern,to secure
warrick,warrick
wirtschaftskrise,economic crisis
beretta,Beretta
angehabt,worn
koteletts,cutlets
danforth,danforth
claim,claim
ledoux,ledoux
sektionen,sections
eck,corner
rosy,rosy
anzumelden,to register
gefechtsstationen,battle stations
geplapper,babble
ungetüm,monster
hipster,hipster
regierte,ruled
generalleutnant,lieutenant general
milizen,militias
verräterische,telltale
bertoux,bertoux
guinan,guinan
falco,falco
schlägertypen,racket types
bewohnbar,habitable
pastis,pastis
improvisiere,improvise
pappy,pappy
friseursalon,hair salon
heard,heard
netflix,Netflix
spitzenklasse,top class
kamp,camp
geblickt,looked
deutschem,German
rums,rums
belagern,besiege
spitzer,pointed
sünderin,sinner
thursby,Thursby
walnüsse,walnuts
tschernobyl,Chernobyl
milchprodukte,dairy products
übernachtest,overnight
registrierten,registered
pinkle,pee
autorisierte,authorized
gestraft,punished
poughkeepsie,poughkeepsie
mündlich,orally
kühltruhe,freezer
schmutzfink,slob
zerbrochenes,broken
abzustimmen,to vote
léna,Léna
mint,mint
gedankenstimme,thought-voice
farragut,farragut
übertrumpft,surpasses
loras,loras
westseite,west side
ponce,Ponce
überfährt,runs over
zeng,zeng
plains,plains
antibiotikum,antibiotic
herhalten,serve
feuille,feuille
sharif,Sharif
absolvieren,complete
verkleidungen,cladding
hinreißende,delightful
wehrlosen,defenseless
kampfkünste,martial arts
zimmerschlüssel,room key
sina,Sina
ambrosia,ambrosia
indiens,India
popularität,popularity
macarthur,macarthur
veritas,veritas
hamdi,hamdi
wichtigster,most important
veranlasste,caused
unanständiges,indecent
lohse,Lohse
gitarrenklänge,guitar sounds
renly,renly
wutanfälle,tantrums
beaucoup,beaucoup
nudelsuppe,noodle soup
regiere,govern
matschig,mushy
icarus,Icarus
flötenspiel,flute playing
menschenkind,human child
arbeitsloser,unemployed
vielseitig,versatile
rechtens,lawful
hawkeye,hawkeye
gerungen,wrestled
wissenschaftsoffizier,science officer
jaeger,hunter
darmspiegelung,colonoscopy
ergattern,grab
clarisse,Clarisse
mexikanerin,Mexican
augenscheinlich,apparently
gelenk,joint
bombendrohung,bomb threat
gemütliche,cozy
preußischen,Prussian
squire,squire
huste,cough
grüezi,Hello
craven,Craven
adelheid,Adelheid
nebenraum,adjoining room
hickey,hickey
einstiche,punctures
zugesteckt,slipped
georgiana,Georgiana
parr,parr
abzuladen,to unload
valiant,valiant
wassermelonen,watermelons
vittoria,Vittoria
ilan,ilan
fehlers,error
hinzustellen,to put
kellers,Kellers
ghislaine,Ghislaine
invasoren,invaders
kaleu,kaleu
zarter,delicate
ambition,ambition
scouts,scouts
flüchte,escape
löwenherz,lionheart
spoiler,spoiler
unzurechnungsfähigkeit,insanity
heißhunger,cravings
auslöschung,extinction
chou,chou
dooley,dooley
leibhaftig,in the flesh
leda,leda
schussverletzung,gunshot wound
sec,sec
quetsch,squeeze
aushängeschild,flagship
kale,kale
unerwünschte,unwanted
verhökern,sell off
wettbewerbs,competition
beans,beans
heidelberg,Heidelberg
rumzumachen,to make out
tschechen,Czechs
kilos,kilos
unterholz,undergrowth
anbetung,worship
bereute,regretted
herumgeschnüffelt,snooping around
hinfährt,goes there
wahrheitsserum,truth serum
gouverneurin,governor
omicron,omicron
weitererzählen,tell others
ziels,goal
zo,zo
funktionierenden,functioning
volksrepublik,People's Republic
maries,maries
mägen,stomachs
minderjähriger,minor
eingehend,in detail
verstoße,violate
loxi,loxi
zahlmeister,paymaster
egozentrisch,egocentric
wassa,wassa
kuroda,kuroda
salinas,salinas
lebensdauer,life
meehan,meehan
simonis,Simonis
richtigkeit,accuracy
vesuv,Vesuvius
schimpf,scold
aufmache,open
schadenfreude,schadenfreude
giftgas,poison gas
rankin,rankin
nachtruhe,night's rest
spielereien,games
konserviert,preserved
kursänderung,course change
verteilst,distribute
morddrohungen,death threats
zurückkehrten,returned
regens,regens
hasegawa,hasegawa
milena,Milena
toshi,toshi
halsschmerzen,sore throat
wirtschaftlich,economically
murder,murder
carrera,Carrera
gewürz,spice
bloßzustellen,to expose
hutton,hutton
einzubeziehen,to include
genügte,was sufficient
cheney,Cheney
bellevue,Bellevue
vereidigt,sworn in
spirituosen,spirits
harkonnen,harkonnen
verzauberte,enchanted
ausliefert,delivers
expeditionen,expeditions
auschecken,check out
unbezahlte,unpaid
persönlichkeitsstörung,personality disorder
galindo,galindo
zugespielt,played
zerstör,destroy
weins,wine
schilf,reed
irakischen,Iraqi
renaldo,Renaldo
deadlysins,deadlysins
boit,boit
stammgäste,regular customers
durchgefahren,drove through
veräppelst,you're making fun of
urca,urca
arcchancellor,archchancellor
stubbs,stubbs
streitwagen,chariot
addie,addie
geheimnistuerei,secrecy
festzunageln,to nail down
ödland,wasteland
grossman,grossman
nagelt,nails
symposium,symposium
ehrensache,It's a matter of honor
austrocknen,dry out
tanzes,dance
einberufung,summons
allegra,allegra
verdunkeln,darken
darken,darken
dankbarer,grateful
maricruz,maricruz
kortex,cortex
frumfondel,frumfondel
weltraums,space
hernando,Hernando
ausschnitte,excerpts
barkeeperin,bartender
fahrlässig,negligent
wettervorhersage,weather forecast
erstaunlicherweise,surprisingly
rajiv,Rajiv
überstimmt,overruled
testpersonen,test subjects
allgegenwärtig,omnipresent
rettungsring,lifebuoy
halfter,holster
abbau,dismantling
pringle,Pringle
bonnies,bonnies
hallandsen,Hallandsen
kommander,commander
einflößend,intimidating
gottlose,godless
schliff,cut
gefängniswärter,prison guard
henkel,handle
shéhérazade,sheherazade
geldsorgen,money worries
vivienne,Vivienne
thorsten,Thorsten
pfeifer,piper
gewürzt,seasoned
tommi,tommi
kontinuierlich,continuously
schuldiger,guilty
beglückwünsche,congratulations
wirbt,advertises
prospekt,brochure
seetang,seaweed
unsicheren,uncertain
transit,transit
zugsignal,train signal
oxy,oxy
selbstgerecht,self-righteous
restauriert,restored
durchleuchten,X-ray
bescheinigung,certification
mau,mau
seufzend,sighing
kniescheiben,kneecaps
hervorbringt,produces
verfiel,fell into disrepair
narcos,narcos
gestattest,do you allow
rosten,roast
euphorisch,euphoric
verharren,remain
neugieriger,curious
eigenmächtig,unilaterally
gastwirt,innkeeper
kümmre,care
erstrahlen,shine
rasierte,shaved
streifte,grazed
forney,forney
wiederschauen,see you again
einladend,inviting
earls,Earls
laborwerte,lab results
ringkampf,wrestling
vorspann,opening credits
jakobowsky,Jakobowsky
staatsanwaltes,public prosecutor
gebell,barking
tischdecke,tablecloth
beschwörung,incantation
cecilie,Cecilie
menschenfresser,man-eater
ly,ly
frog,frog
aufblasen,inflation
sardellen,anchovies
schüchternheit,shyness
geschnüffelt,sniffed
ilithyia,ilithyia
anwesens,presence
deodorant,deodorant
styles,styles
ereignisses,event
koo,koo
engste,closest
feldman,Feldman
tashi,tashi
leonid,leonid
barr,barr
zwickt,pinches
schweinebraten,roast pork
stranguliert,strangled
streichelte,stroked
tals,tals
loeb,loeb
schmeiss,throw
unterstand,shelter
maromi,maromi
nnte,nnte
bewacher,guard
finder,finder
fängen,catch
wochentag,weekday
seans,seans
weibe,female
ungewollt,unintentionally
gemisch,mixture
ecuador,Ecuador
fragebogen,questionnaire
wire,wire
muskulös,muscular
ernennt,appoints
pancks,pancks
dostojewski,Dostoevsky
drehbuchautor,screenwriter
bemühte,endeavor
misshandeln,abuse
säugetiere,mammals
spaltet,divides
funde,fund
einsteins,Einstein's
entlassungspapiere,dismissal documents
gottesanbeterin,mantis
südstaaten,southern states
befummelt,groped
verwöhnst,pamper
theokoles,theocles
tütchen,small bag
fahrersitz,driver's seat
gültige,valid
jovan,Jovan
fixen,fix
tarif,tariff
assistant,assistant
geduldiger,patient
antreffen,encounter
kollidieren,collide
mitgearbeitet,collaborated
schuhmacher,shoemaker
draufgeht,dies
prominenter,prominent
bos,bos
mitstreiter,fellow campaigners
schwedischer,Swedish
offiziersmesse,officers' fair
magna,magna
redefreiheit,freedom of speech
subway,subway
famos,fabulous
geheul,howling
ausheben,excavate
peder,peder
unbedacht,thoughtless
gef,gef
muzzy,muzzy
gackert,cackles
pepito,pepito
kronprinzen,crown prince
zuckerschlecken,a piece of cake
yumi,Yumi
seiji,seiji
ziyal,ziyal
snap,snap
generalmajor,major general
nacktfotos,nude photos
angefressen,annoyed
verwirklicht,realized
wolga,Volga
gäule,horses
apu,apu
sixpack,sixpack
bastards,bastards
finanzierte,financed
trenn,separate
kollabierte,collapsed
marktwert,market value
verräterischen,telltale
rückgang,decline
entweichen,escape
therapien,therapies
camembert,Camembert
è,è
xev,xev
erdgas,natural gas
priest,priest
vermerk,note
schlagartig,suddenly
jobe,jobe
stadthalle,city ​​hall
fluchtauto,getaway car
begehrenswert,desirable
heutiger,today's
kolossal,colossal
behelligen,bother
hatcher,hatcher
geschwärmt,raved
angsteinflößend,frightening
abnehme,lose weight
retro,retro
schwalli,schwalli
abgeführt,removed
raufklettern,climb up
turing,Turing
zerknittert,crumpled
flugzeit,flight time
getränken,drinks
vips,VIPs
zipfel,tip
kajai,kajai
airbags,airbags
yamada,yamada
ungehalten,impatient
zeitrahmen,timeframe
übertriebene,exaggerated
anden,to the
borgias,Borgias
wiedererlangt,recovered
garnett,garnet
abscheulicher,abominable
auftakt,opening
zylonischen,Cylon
middle,middle
adeligen,noble
gnom,gnome
nanda,nanda
allererstes,first of all
logischer,logical
suffolk,Suffolk
selbstmordattentäter,suicide bomber
siebter,seventh
rem,rem
gaviria,gaviria
schutzpatron,patron saint
kolibri,humming-bird
stigge,Stigge
waco,waco
erkki,erkki
kanaken,Kanaks
separatisten,separatists
roper,roper
leibgericht,favorite dish
kronzeuge,key witness
nordwind,north wind
tibbs,tibbs
sussex,Sussex
ausgeschrieben,advertised
saying,saying
veränderst,change
peyrac,peyrac
baujahr,year of manufacture
aquarius,aquarius
getrost,confidently
lyons,Lyons
verfehlungen,misconduct
rausgeschafft,got out
beweglichkeit,agility
aufweisen,exhibit
rugal,rugal
etta,etta
sonderbericht,special report
jahresende,end of year
ahnten,suspected
rivalin,rival
tuer,door
icheb,icheb
diskreter,discreet
brotkrumen,breadcrumbs
entwirft,designs
blasser,paler
milliliter,milliliter
praline,praline
sture,stubborn
brause,shower
überfalle,ambushes
geschwätzig,talkative
weiterlebt,lives on
schnallst,do you understand
beweisaufnahme,Taking of evidence
requisite,prop
analogie,analogy
vertretern,representatives
hornhaut,cornea
maggies,Maggie's
dasteht,there it says
empfindsam,sensitive
windows,windows
controller,controller
mccormick,McCormick
tnt,tnt
friedvoll,peaceful
särgen,coffins
brieföffner,letter opener
hinauswerfen,throw out
tybalt,tybalt
joo,joo
gewährleistet,guaranteed
wichtel,elf
lefèvre,lefèvre
trips,trips
forschungsabteilung,research department
kurdisch,Kurdish
dachau,Dachau
gündüz,gündüz
tankwagen,tank truck
konzepte,concepts
überhand,overpower
eckhert,Eckhert
höchststrafe,maximum penalty
umfangreich,extensive
gebellt,barked
hansel,Hansel
herzlichst,most sincerely
ends,ends
antworteten,answered
gurgeln,gargle
gelehnt,leaning
sinnloser,pointless
erschreck,fright
laughlin,laughlin
garaus,to hell.
edda,Edda
umgangen,bypassed
plattenladen,record store
einflussreichen,influential
mcmartin,mcmartin
normalem,normal
bezirksgefängnis,district prison
zielstrebig,purposeful
heimkommst,you come home
nachhaltig,sustainable
durchdrungen,permeated
scheitel,parting
kosmetik,cosmetics
gantry,gantry
rimspoke,rimspoke
schwedin,Swedish woman
littleton,littleton
synthetisch,synthetic
gabs,there was
aufzuwärmen,to warm up
werdegang,career
zusammenschließen,join
maisie,maisie
bademeister,lifeguard
connery,Connery
befürchtung,apprehension
benutzer,user
flüssiger,liquid
fischers,Fischer's
gedankenkontrolle,mind control
sichtungen,sightings
kepler,Kepler
kateb,kateb
toilettenspülung,toilet flush
erschlägt,kills
wohnblock,apartment block
fundbüro,Lost and Found Office
techno,techno
combo,combo
entledigt,disposed of
hechelt,panting
maschinengewehren,machine guns
barbarischen,barbaric
highland,highland
knackigen,crisp
paz,peace
piotr,Piotr
ziemt,befits
vereine,clubs
gegenspieler,opponent
aufschwung,upswing
schlaffen,limp
aufdem,on the
ollen,ollen
panikattacken,panic attacks
weben,weave
starts,starts
speichert,saves
perfektionist,perfectionist
judentum,Judaism
rhetorik,rhetoric
nomen,noun
genetisches,genetic
rücke,back
droschke,cab
hahahahahahahahahahahaha,hahahahahahahahahahahaha
anaïs,anais
breeze,breeze
fähnchen,flag
tödlichste,deadliest
beunruhigendes,disturbing
bethesda,Bethesda
bowden,Bowden
beschäftigst,employ
spatzenhirn,birdbrain
vick,Vick
blutvergiftung,blood poisoning
affront,affront
ocho,ocho
banion,banion
zustellen,deliver
libre,libre
evangeline,Evangeline
birdee,birdee
kaue,chew
nebenprodukt,by-product
gasmasken,gas masks
besenkammer,broom closet
kanonenboot,gunboat
ehrengäste,honored guests
regentschaft,regency
botox,Botox
rye,rye
bajonette,bayonets
vole,vole
nachahmen,imitate
plazenta,placenta
schwächere,weaker
kränkt,offends
dafuer,for that
schoßhund,lapdog
rumtreiben,wandering around
überspielen,overwrite
isch,isch
namenlose,nameless
mofa,moped
pfandleiher,pawnbroker
constanze,Constanze
verbreiteten,widespread
turbolift,turbolift
temporalen,temporal
durchsetzt,permeated
herausfordert,challenges
beduinen,Bedouins
vergab,awarded
hausschlüssel,house key
spendenaktion,fundraising campaign
interstellaren,interstellar
picture,picture
erneuten,renewed
streibig,streibig
geschnarcht,snored
ritze,crack
dardo,dardo
tanzenden,dancing
hochtouren,high revs
hinzunehmen,to accept
ungelöst,unsolved
erforderte,required
negativer,negative
ausweinen,cry
mica,mica
außerordentlichen,extraordinary
oralsex,oral sex
gefall,like
abzuschütteln,to shake off
pentagramm,pentagram
microsoft,Microsoft
sendete,sent
intoleranz,intolerance
dynamic,dynamic
knew,knew
neuland,new territory
böhmen,Bohemia
legend,legend
katholikin,Catholic
charge,charge
hume,hume
bingiey,bingiey
kirrin,Kirrin
terroranschläge,terrorist attacks
schlichtweg,simply
aristokraten,aristocrats
zerspringt,shatters
blabla,blabla
eheliche,marital
taschenrechner,calculator
spector,spector
guevara,Guevara
dennert,Dennert
quakt,croaks
befürworte,advocate
rückerstattung,refund
gerader,straight
wenigste,least
wilshire,Wilshire
protzig,pretentious
verlobungsfeier,engagement party
beigelegt,enclosed
wiederkehren,return
zurückbringe,bring back
personalakten,personnel files
sensibles,sensitive
knicken,fold
dämonischen,demonic
susy,Susy
fallakten,case files
corbett,corbett
nebenstraßen,side streets
guadalupe,Guadalupe
rettungsboote,lifeboats
zauberers,magician
einzahlungen,deposits
cheddar,Cheddar
begreiflich,understandable
passabel,passable
diamonds,diamonds
lesli,lesli
zentralkommando,central command
betone,emphasize
großmütter,grandmothers
mishima,mishima
sensationelle,sensational
drohenden,impending
montoya,Montoya
entgegenzunehmen,to receive
bedrohst,threaten
frier,Freezer
flugobjekt,flying object
vermiete,rent
plunkett,plunkett
blitzsauber,spotless
halbieren,halve
oberschicht,upper class
ansprach,addressed
gi,gi
unterste,lowest
balsam,balm
ronson,Ronson
janina,Janina
nui,nui
blowjobs,blowjobs
flaute,calm
mantera,mantera
corned,corned
hinzusetzen,add
mustangs,Mustangs
eigentumswohnungen,condominiums
verneinen,deny
daan,daan
kenshiro,kenshiro
rabbiner,rabbi
freuten,rejoiced
beibringe,teach
hektische,hectic
geselle,journeyman
regentropfen,raindrops
levon,levon
siegte,won
attentäterin,female assassin
bevorstehen,upcoming
einmaliger,unique
metalldetektor,metal detector
flure,corridors
sinciair,sinciair
abhörung,wiretapping
begibst,you go
ausgewählte,selected
miyuki,miyuki
guam,Guam
vorbeigelaufen,walked by
sgc,sgc
kiefern,pines
monden,moons
erwäge,consider
matata,matata
düfte,fragrances
vielversprechenden,promising
kinderlachen,children's laughter
deaktiviere,deactivate
erhol,recover
brustschmerzen,chest pain
consuela,Consuela
auseinandergenommen,taken apart
bringer,bringer
indianischer,Indian
robocop,robocop
roben,robes
erdenklichen,conceivable
trott,trot
erforderliche,required
maxie,maxie
abendnachrichten,evening news
stratege,strategist
kayo,kayo
read,read
spurensuche,tracking
funktioniere,work
table,table
quahog,quahog
antares,antares
orly,orly
kean,kean
riskanter,riskier
scheiterten,failed
foxtrot,foxtrot
boise,boise
brät,frying
gepflastert,paved
stehlt,steals
paper,paper
lebowski,Lebowski
amoklauf,rampage
katastrophale,catastrophic
höflichkeiten,courtesies
leckerer,delicious
abschneidet,cuts off
verdächtigst,suspicious
dreistigkeit,audacity
seliger,blessed
gerichten,courts
landessprache,national language
gluten,gluten
erstausgabe,first edition
pensionierter,retired
erweichen,soften
rager,rage
brunel,Brunel
stanfield,stanfield
elling,elling
zerquetschte,crushed
diele,hallway
leviten,Levites
aufzufangen,to catch
vereist,frozen
tischdecken,set the table
sicherheitsalarm,security alarm
kabeln,cable
umgangsformen,manners
aufgebläht,swollen
paola,Paola
landers,landers
nussknacker,nutcracker
strapazieren,strain
nordwärts,northwards
südwest,southwest
elkins,elkins
commonwealth,commonwealth
sauge,suck
jenige,those
karls,Karl's
demetri,demetri
schweifen,wander
verlässliche,reliable
ehrung,honor
dulcinea,dulcinea
säubert,cleans
ramen,ramen
belastend,stressful
ereilt,befall
gedächtnisschwund,memory loss
hinterbliebenen,bereaved
santi,santi
heimlichtuerei,secrecy
südwestlich,southwest
läsionen,lesions
fünkchen,spark
airforce,Air Force
klimawandel,climate change
nugent,nugent
greenhorn,greenhorn
alberta,Alberta
tweet,tweet
wicked,wicked
rutland,Rutland
anrichte,sideboard
vorverlegt,brought forward
spanne,span
kicken,kick
loren,loren
wenguang,wenguang
gómez,gómez
dortigen,there
aufschluss,disclosure
verteidigungsministeriums,Ministry of Defense
ebola,Ebola
gewalttaten,acts of violence
heuer,this year
holländische,Dutch
herziehen,move here
colfax,Colfax
eiszapfen,icicle
streifschuss,glancing blow
charts,charts
trainierten,trained
zustimmst,do you agree
due,the
unwürdigen,unworthy
bubbles,bubbles
heroische,heroic
runder,round
schlingen,loops
verhütung,prevention
mimsy,mimsy
unabhängiges,independent
gönnst,treat yourself
lieblingsstelle,favorite place
lauwarm,lukewarm
mörtel,mortar
alfa,alfa
regte,stimulated
mcgarrett,McGarrett
reinwerfen,throw it in
weiterfliegen,continue flying
zurückhält,holds back
motome,motome
zusammengebaut,assembled
stratton,stratton
urkunden,certificates
cluster,cluster
keyboard,keyboard
schussbereit,ready to fire
kontoauszüge,bank statements
bewertungen,reviews
wettbewerbe,competitions
porte,port
siggy,Siggy
hartmut,Hartmut
pornographie,pornography
langjährigen,long-term
mandschurei,Manchuria
zurückschauen,looking back
entladung,discharge
liebschaften,love affairs
lipgloss,lip gloss
weiterschlafen,sleep on
frauenarzt,gynecologist
merton,Merton
gallone,gallon
hinhören,listen
huntingdon,huntingdon
souveränität,sovereignty
brüllst,you yell
autorisation,authorization
bernburg,Bernburg
ludus,ludus
kritisiere,criticize
hakuna,hakuna
entziehe,withdraw
lwaxana,lwaxana
protestantischen,Protestant
verbrechensbekämpfung,crime fighting
erschießungskommando,firing squad
koga,koga
usher,usher
abenteuers,adventures
hinausläuft,results in
witzigen,funny
flugkörper,missile
centurio,centurion
rostet,rusts
däne,Dane
phoebes,Phoebes
pon,pon
hochgehoben,lifted
geographic,geographic
roe,roe
rhythm,rhythm
sardinien,Sardinia
macintosh,macintosh
cristo,Christ
lovely,lovely
weeks,weeks
finsterer,sinister
effektivität,effectiveness
expandiert,expands
auftrat,appeared
fleischwolf,meat grinder
öffnungen,openings
maiooo,maiooo
greenpeace,Greenpeace
teamleiter,team leader
unbefleckte,immaculate
guatrau,guatrau
werwölfen,werewolves
hermetisch,hermetically
zweifach,two
runterfällt,falls
barack,barack
spürhund,tracking dog
abgehangen,hung up
schmerzensgeld,compensation for pain and suffering
menschheitsgeschichte,human history
kehrseite,downside
runtergefahren,shut down
seelenverwandten,soulmates
polente,police
tellern,plates
angewandte,applied
meridian,meridian
astro,astro
landwirt,farmer
ruskin,ruskin
bundesstaaten,federal states
begabten,gifted
timon,Timon
anlaufstelle,contact point
beschreibst,describe
leichentuch,shroud
rather,rather
entsagen,renounce
tierische,animal
unas,unas
shiner,shiner
lovisa,lovisa
tschechischen,Czech
herumtreiben,loitering around
sikozu,sikozu
empathie,empathy
getreuen,faithful
dämonische,demonic
spezialeinheiten,special forces
jeeps,jeeps
dubaku,Dubaku
atkins,atkins
phi,phi
negerin,black woman
ellington,ellington
platsch,splash
paläste,palaces
zwerchfell,diaphragm
vernetzt,network
stressen,stress
zusammenschluss,merger
gebratenes,fried
vorschlage,suggestions
dealern,dealers
halo,halo
shih,shih
resolution,resolution
mißverständnis,misunderstanding
lackieren,paint
krumitz,Krumitz
cleary,cleary
ruhr,Ruhr
ausgängen,exits
eisenhut,monkshood
beruft,appeals
verfallsdatum,expiry date
windstoß,gust of wind
ramsch,junk
surfbrett,surfboard
nachträglich,retrospectively
streets,streets
begrapscht,groped
dooku,dooku
tilney,tilney
flussbett,riverbed
kommandantin,commander
pedantisch,pedantic
milner,Milner
beliebtheit,popularity
sechseinhalb,six and a half
bewarb,applied
kackwurst,turd
fork,fork
trickfilm,animated film
jugendstrafanstalt,juvenile detention center
versenkung,sinking
sklavinnen,slave girls
toshio,toshio
fotoalbum,photo album
patente,patents
hutmacher,hatter
julianna,Julianna
lasky,lasky
pedrosa,Pedrosa
fahrzeugs,vehicle
harbour,harbour
spielplan,schedule
basen,bases
märchenprinz,fairytale prince
backofen,oven
eindrucksvolle,impressive
gelenkig,flexible
aufgetischt,served
generälen,generals
brettern,board
battlestar,battlestar
haarnadel,hairpin
aussetzer,dropouts
landetrupp,land troop
ambar,ambar
kandinsky,Kandinsky
rumkommandieren,bossing people around
krankenkasse,health insurance
altmodisches,old-fashioned
verträgen,contracts
jagdsaison,hunting season
merrin,merrin
vollkommenen,perfect
herodes,Herod
rauer,rougher
eingraben,bury
moto,moto
unhygienisch,unhygienic
abschließend,in conclusion
amamiya,amamiya
lucretia,Lucretia
gyaos,gyaos
durchschaubar,transparent
paranoiden,paranoid
barbarossa,Barbarossa
koteletten,sideburns
fünfeinhalb,five and a half
goldrichtig,absolutely right
feindin,enemy
sdl,sdl
godfather,godfather
zeynep,zeynep
rasmussen,Rasmussen
mammy,mammy
folke,folke
staffeln,seasons
fingernagel,fingernail
frans,frans
kurbel,crank
zertifikat,certificate
orgazmo,orgazmo
ukrainer,Ukrainians
irritieren,irritate
bestimmungsort,destination
blitzt,flashes
thompsons,Thompsons
stunk,stink
montpellier,Montpellier
trümpfe,trumps
rückte,moved
shaughnessy,shaughnessy
startkapital,starting capital
schuljunge,schoolboy
seelischen,mental
naturgewalt,natural disaster
liberaler,liberal
psychologischer,psychological
ölen,oil
geldern,Geldern
einzusehen,to view
platonisch,Platonic
römisches,Roman
scpd,scpd
tiefschlaf,deep sleep
hoods,hoods
befürworter,proponents
mystery,mystery
gitarristen,guitarists
erstelle,create
cavor,cavor
bedeutungen,meanings
ausgeholfen,helped out
hosenstall,fly
shreveport,Shreveport
stabiler,stable
vertikale,vertical
luftzug,draft
alonso,alonso
unbeobachtet,unobserved
dienstleistungen,services
kaminsims,mantelpiece
gummiband,rubber band
furioso,furioso
kanalisieren,channel
konditor,confectioner
beerdigungsinstitut,funeral home
zana,Zana
überschuss,excess
gatter,gate
gefahrlos,safe
bildhübsch,gorgeous
triftigen,valid
eheschließung,marriage
unmenge,a huge amount
enthusiastisch,enthusiastic
hauptenergie,main energy
besitzurkunde,deed
braden,bran
ekelhafter,disgusting
überwachungssystem,monitoring system
marei,marei
coyote,coyote
rausgeputzt,spruced up
niagara,Niagara
tückisch,treacherous
diskus,discus
säugetier,mammal
rothschild,Rothschild
crewson,crewson
enkels,grandson
cag,cag
mhh,mh
kindergeschrei,children's cries
speltzer,speltzer
perimeter,perimeter
félix,Felix
katapultiert,catapulted
dominante,dominant
büstenhalter,bra
spektakulären,spectacular
heiligsten,holiest
latex,latex
weiterzuführen,to continue
schüttelfrost,chills
befahren,drive
ausdehnung,expansion
falafel,falafel
verflixter,darned
eroberten,conquered
brutales,brutal
amina,amin
jett,jett
dion,dion
astrein,perfect
aufgeblasenen,inflated
moskito,mosquito
slum,slum
erweckung,revival
braverman,Braverman
impotenz,impotence
blinzelt,blinks
herumrennen,running around
markiere,mark
kappt,cuts
bri,bri
doctors,doctors
umbrella,umbrella
gehabe,behavior
gefahndet,wanted
clays,clays
spürbar,noticeably
raushaben,get out
drogenfahnder,drug enforcement
athletisch,athletic
blaulicht,blue light
marylin,Marilyn
prognosen,forecasts
jehova,Jehovah
milliken,milliken
secretary,secretary
gegrillte,grilled
geländes,terrain
totzuschlagen,to kill
kostbarer,precious
corcoran,corcoran
sandten,sent
traumas,traumas
schnüre,cords
nicolai,Nicolai
umkleidekabine,changing room
gefasel,drivel
mole,mole
kriegsgefangenen,prisoners of war
lausebengel,rascal
schaukelt,rocks
unmöglichkeit,impossibility
fortgeschickt,sent away
lebenslanger,lifelong
eigentums,property
wachteln,quail
krassner,Krassner
sauger,mammal
innings,innings
entließ,dismissed
lille,Lille
glockenturm,bell tower
rosso,Rosso
hinzuhalten,stalling
inserat,advertisement
häufigste,most frequent
zurückgefahren,reduced
miyamoto,miyamoto
spülmaschine,dishwasher
savoy,Savoy
melrose,melrose
schleuderte,hurled
augusto,Augusto
ashur,Ashur
akio,akio
finnick,finnick
angelas,Angelas
pk,pk
centre,center
gelegenen,located
eiskaltes,ice-cold
luxuriös,luxurious
auerbach,Auerbach
clou,clou
anbricht,dawns
franke,Franke
versorger,supplier
anschlags,attack
robbi,Robbi
taschenbier,pocket beer
freikarten,free tickets
satellitenbilder,satellite images
ischl,Ischl
vincents,Vincent's
lebenserfahrung,life experience
mikrophon,microphone
abgeschiedenheit,seclusion
vino,wine
aufspringen,jump up
pippa,Pippa
denham,denham
tacho,speedometer
verstecktes,hidden
snobs,snobs
landsitz,country estate
himmlisches,heavenly
ehrbarer,honorable
entfernst,remove
einschlug,impact
angestiegen,increased
anerkannte,recognized
dromard,dromar
regionalen,regional
mathematisch,mathematically
wixer,wanker
gerümpel,junk
aaa,aaa
blumenkohl,cauliflower
akrobaten,acrobats
konfitüre,jam
vorurteilen,prejudices
rastplatz,rest area
ausversehen,accidentally
fairfax,fairfax
jette,jette
tennyson,Tennyson
tendiere,tend to
atrianer,atrians
sozialisten,socialists
gesetzgebung,legislation
bordkarte,boarding pass
zurückreisen,return
ang,ang
ausrechnen,calculate
espn,ESPN
draufsetzen,sit on it
dienstmann,servant
hecheln,panting
erwisch,caught
verhaltensweisen,behaviors
kommerzielle,commercial
dade,dade
lucienne,Lucienne
weinstein,Tartaric acid
fen,fen
grausige,gruesome
einzulösen,to redeem
beschriftet,labeled
körperbau,anatomy
stories,stories
weltberühmt,world famous
pantoffel,slipper
sägemehl,sawdust
gian,gian
cannoli,cannoli
fremdenlegion,foreign legion
vigilance,vigilance
einsitzen,to be imprisoned
apfelmus,applesauce
ansporn,incentive
vordereingang,front entrance
anleger,investors
sundown,sundown
wundervollste,most wonderful
toddy,toddy
farah,farah
homers,homers
befummeln,grope
emanuel,Emanuel
fischmarkt,fish market
fresh,fresh
gaza,Gaza
neuville,Neuville
finito,finito
hobart,Hobart
brat,fry
xerxes,Xerxes
blutgefäße,blood vessels
konkreter,more specifically
schneeflocken,snowflakes
weltwunder,wonders of the world
kooperiere,cooperate
schränkt,restricts
guardia,guardia
reinhard,Reinhard
vermindern,reduce
admirai,admirai
vegetarisch,vegetarian
weites,further
pollack,pollack
birkhoff,Birkhoff
sichten,view
itto,itto
zehennägel,toenails
warteraum,waiting room
arbeitskleidung,work clothes
rüstungen,armor
strahlte,beamed
lebenswichtigen,vital
teilabdruck,partial print
ausstatten,equip
übergaben,handed over
vendetta,vendetta
rocha,Rocha
königshaus,royal family
klassenbeste,best in class
rausfand,found out
vorgesorgt,provisions made
löwin,lioness
griechenlands,Greece
auszurotten,to eradicate
koji,koji
toppy,toppy
geringere,lower
stromschnellen,rapids
numero,number
leavenworth,Leavenworth
trüb,murky
clarkes,Clarkes
stundenkilometer,kilometers per hour
telegrafieren,telegraph
bedienst,service
papiertüte,paper bag
ausbeute,yield
abscheuliches,abhorrent
erfasste,recorded
alarmglocken,alarm bells
cocktailparty,cocktail party
todesanzeigen,obituaries
einparken,parking
väterlichen,paternal
obacht,watch out
dartmouth,Dartmouth
atemgeräusche,breathing sounds
vorzieht,prefers
hölzerne,wooden
gitti,Gitti
vampirjäger,vampire hunter
horik,horik
eierlikör,eggnog
wievielte,which number
plappermaul,chatterbox
durchläuft,goes through
paralleluniversum,parallel universe
which,which
rea,rea
mahmud,Mahmud
leutnants,lieutenants
denekro,denekro
ränder,edges
iwo,iwo
linde,linden
elsbeth,Elsbeth
kyosuke,kyosuke
steile,steep
kellogg,Kellogg
generieren,generate
umgenietet,Knocked down
blackstone,blackstone
gondor,Gondor
digest,digest
auszuzahlen,to pay out
heckenschützen,snipers
tucci,tucci
schocks,shocks
tuscheln,whispering
figueroa,Figueroa
gesprüht,sprayed
bodo,bodo
spannenden,exciting
habgierig,greedy
mclaughlin,McLaughlin
gedankenlos,thoughtless
ausgerenkt,dislocated
verstrichen,passed
goldlöckchen,Goldilocks
maggy,Maggy
masseuse,masseuse
schaeffer,Schaeffer
sycamore,sycamore
guerilla,guerrilla
korallen,corals
probelauf,test run
bewußtlos,unconscious
oida,oida
fußmatte,doormat
reinschicken,send it in
fighter,fighter
hirnschäden,brain damage
ninas,Nina's
automechaniker,car mechanic
sonnenuntergänge,sunsets
zink,zinc
kalium,potassium
sabina,Sabina
kriegerkaste,warrior caste
pfunde,incumbency
haldeman,Haldeman
abgeschworen,renounced
philo,philo
velvet,velvet
elia,elia
peanuts,peanuts
abstellkammer,storage room
muffig,musty
zerstörerisch,destructive
ungeborenes,unborn
deut,German
soneji,soneji
renault,Renault
bibliotheken,libraries
magali,magali
reguläre,regular
piece,piece
beharren,insistence
zwielichtige,shady
marcie,Marcie
verplempern,squander
trotzig,defiant
kaffeetasse,coffee cup
landkarten,maps
umgekrempelt,turned upside down
sword,sword
winkeln,angles
küchenmesser,kitchen knife
ziegler,ziegler
aufgesammelt,collected
zuckerrohr,sugar cane
unparteiisch,impartial
spitzenmäßig,excellent
seriösen,reputable
verirrten,lost
stutzig,puzzled
übermenschliche,superhuman
nobu,nobu
anforderung,requirement
file,file
äußerung,statement
production,production
klassenfahrt,school trip
kalluweit,kalluweit
poobare,poobare
gefeit,immune
liebhaberin,lover
hive,hive
jungfräuliche,virgin
verflixten,darned
kallie,kallie
präparat,preparation
unechte,fake
lss,lss
zuschüsse,subsidies
rai,rai
ausgebildeten,trained
schwarzenegger,Schwarzenegger
ern,ern
wasserbomben,water balloons
hakenkreuz,nazi swastika
cabal,cabal
erlöschen,extinguish
zurückfinden,find your way back
lido,lido
großherzog,Grand Duke
mitzuhalten,to keep up
quinns,Quinns
vorgetäuschte,fake
budd,budd
verspielen,to gamble
enthaltsamkeit,abstinence
fachbereich,department
zauberbuch,magic book
rücksichtslose,reckless
bettruhe,bed rest
stumpfes,blunt
zusammenflicken,patching it up
fürze,farts
hinfällig,obsolete
grausamste,most gruesome
trinkerei,drinking
erwägt,is considering
fluche,curse
stubb,stubb
rammbock,battering ram
tall,tall
waliser,Welsh
georgi,georgi
mutieren,mutate
donkey,donkey
haddock,haddock
übertrumpfen,surpass
literarischen,literary
slimane,slimane
innerstes,innermost
garance,guarantee
einstürzt,collapses
verschiffen,shipping
zurechtzukommen,coping
kriegszeiten,wartime
roggen,rye
eingeschläfert,euthanized
topform,top form
gogol,Gogol
guide,guide
vermerken,note
ltto,ltto
laudanum,laudanum
drugstore,drugstore
nightingale,nightingale
trauten,trusted
sternenhimmel,starry sky
dramatisches,dramatic
gefühlvoll,emotional
neune,new
auswärtige,foreign
auktionator,auctioneer
einwanderung,immigration
haymitch,haymitch
angeborene,congenital
unterstrichen,underlined
operative,operative
keksdose,cookie tin
zeitweilig,temporarily
mui,mui
aragon,Aragon
doggydog,doggydog
marisol,marisol
zusammengetragen,compiled
pastrami,pastrami
rearden,rearden
sperrst,lock
notfallwagen,emergency vehicle
frühstücksflocken,breakfast cereal
sav,sav
carolines,Carolines
sousa,sousa
haushoch,towering
zerstreuung,distraction
verschließe,close
andrés,Andrés
leibt,loves
ausgesandt,sent
morgenstern,morning star
ausschreitungen,riots
meat,meat
ungefähre,approximate
fruchtbare,fertile
wegwirfst,throw away
nachtschichten,night shifts
olof,olof
laufband,treadmill
medizinschrank,medicine cabinet
zecken,ticks
silke,silke
juicy,juicy
untragbar,unacceptable
janssen,Janssen
macon,macon
spendete,donated
problemchen,little problem
schaben,scrape
verspürte,felt
schlittschuh,ice skate
rausschmeißer,bouncer
besiegst,defeat
abschlüsse,degrees
gegenwehr,resistance
logischerweise,logically
abkassieren,collect
copper,copper
entgegengesetzte,opposite
gekracht,crashed
theatralisch,theatrical
ehrbar,honorable
understand,understand
todesanzeige,obituary
angola,Angola
leuchtendes,bright
schsch,sch
stammkunde,regular customer
forschungsarbeit,research
sussman,Sussman
meeks,meeks
sooo,sooo
hineinzuziehen,to pull in
neubeginn,new beginning
villen,villas
auberginen,eggplants
lahmlegen,paralyze
engagierten,committed
kurzzeitig,briefly
angezweifelt,doubted
thunderbird,Thunderbird
photoshop,Photoshop
modeln,model
flannagan,flannagan
colombo,Colombo
unregelmäßigkeiten,irregularities
bodens,bodens
tansania,Tanzania
fünftel,fifth
büffeln,cramming
magazinen,magazines
sadistisch,sadistic
haitianer,Haitian
alarmanlagen,alarm systems
delfinen,dolphins
jut,good
plausible,plausible
zurückverwandeln,revert
hergefallen,attacked
playback,playback
unwichtigen,unimportant
pullis,sweaters
lazy,lazy
doctore,doctor
künstlerischer,artistic
fürn,for
saßt,sat
rosemonde,rosemonde
trying,trying
gewaltsame,violent
erschließen,develop
musketen,muskets
stabschefs,chiefs of staff
grenoble,Grenoble
verprügle,beat up
nachzuweisen,to prove
anstarrst,stare
myrna,myrna
theatergruppe,theater group
tash,tash
belli,belli
akzeptierten,accepted
minor,minor
umentschieden,changed the decision
typs,types
vos,vos
quälgeist,tormentor
medizinstudent,medical student
mcgraw,mcgraw
ungläubig,unbelieving
eiswagen,ice cream truck
synapsen,synapses
hoon,hoon
heldenhafte,heroic
ur,ur
gefürchteten,dreaded
küß,kiss
warteschlange,queue
schreckhaft,frightening
irreführung,misleading
verschlang,swallowed
geschrottet,wrecked
snowden,Snowden
dienstmagd,maid
lustmolch,lustmolch
genossenschaft,cooperative
porters,porters
stadthaus,townhouse
wandelte,transformed
kläfft,barks
auflauern,ambush
runtergezogen,pulled down
jamey,jamey
nguyen,nguyen
kilometerweit,for miles
duellieren,duel
festsitzt,stuck
unkonventionell,unconventional
poncho,poncho
hup,honk
mithat,mithat
balin,balin
bohrmaschine,drill
puta,puta
alarme,alarms
neurologe,neurologist
campos,campos
kassiere,cash
modernsten,state-of-the-art
intergang,intergang
versüßen,sweeten
byam,byam
pumbaa,Pumbaa
verlässlicher,reliable
rätselhaften,mysterious
grammophon,gramophone
wegwischen,wipe away
gütern,goods
klebrige,sticky
gefährdeten,endangered
fehlalarm,false alarm
realismus,realism
überfordern,overwhelm
nürnberg,Nuremberg
umdrehungen,revolutions
simonson,Simonson
huai,huai
meeren,seas
beglaubigt,certified
scratchy,scratchy
aufzufüllen,to refill
bonny,bonny
zeitrechnung,chronology
hermano,brother
kostenvoranschlag,cost estimate
misserfolge,failures
störenfried,troublemaker
osterhasen,Easter bunnies
ekelhaftes,disgusting
patrizia,Patricia
spaz,spaz
verschanzen,entrench
fallakte,case file
gepunktet,dotted
heutiges,today
anästhesie,anesthesia
ravic,ravic
riegelt,locks
behandelbar,treatable
wüten,rage
wynant,wynant
peiniger,tormentor
gestörter,disturbed
hashimoto,Hashimoto
zuweisen,assign
kirchliche,church
wachturm,watchtower
flower,flower
regisseurin,director
muto,muto
robi,robi
liquidiert,liquidated
aufdie,on the
lazare,Lazarus
kernkraftwerk,nuclear power plant
hanagata,Hanagata
adjutanten,adjutants
kanonenkugel,cannonball
polnischer,Polish
steffi,Steffi
verguckt,in love
flats,flats
heikles,delicate
abzudrücken,to press
schachbrett,chessboard
pei,pei
alisha,alisha
wirbelt,swirls
sexier,sexier
lamborghini,Lamborghini
avancen,advances
näherin,seamstress
kintaro,kintaro
hound,hound
bergdorf,mountain village
belästigst,most harassing
cayman,Cayman
council,council
frühlings,spring
technologies,technologies
sniper,sniper
reunde,friends
unsichtbares,invisible
lotsen,guide
trügerisch,deceptive
aussitzen,wait it out
schamlose,shameless
sheen,sheen
mitteilt,informs
notrufe,emergency calls
djs,DJs
brummer,bumblebee
blockierte,blocked
throat,throat
maish,maish
liebesszene,love scene
recken,stretches
gekicher,giggle
normannen,Normans
already,already
coogan,coogan
endsieg,final victory
ausgewachsene,adult
anzuzweifeln,to doubt
snowbell,snowbell
hilfreiche,helpful
übels,bad
plattgemacht,flattened
bronski,bronski
realistische,realistic
holliday,holiday
target,target
verseuchten,contaminated
wentworth,wentworth
büßt,atones
vertraulichkeit,confidentiality
elysium,Elysium
scherbatsky,Scherbatsky
babcock,babcock
henan,henan
ausnahmslos,without exception
stereo,stereo
abermals,once again
sparkasse,savings bank
untersetzer,coaster
suse,suse
spielend,playing
turnbull,turnbull
kombüse,caboose
baudelaire,Baudelaire
kindlichen,child
fahndet,is searching
altmann,altmann
entblößen,bare
stopfte,stuffed
bewirten,entertain
sodomie,sodomy
streichelzoo,petting zoo
dargelegt,explained
epischen,epic
margareta,Margareta
gordons,Gordon's
americano,americano
spätzchen,sparrow
kirkland,Kirkland
polyester,polyester
lions,lions
syrer,Syrian
versprochene,promised
zugestehen,to grant
geschont,spared
zugeführt,supplied
stack,stack
corbin,corbin
bend,bend
saladin,saladin
grabrede,funeral oration
ausgefallenes,unusual
zurechtgemacht,made up
yachthafen,marina
verlauten,announce
gelockert,relaxed
durchlöchern,perforate
landminen,landmines
kahlan,Kahlan
taki,taki
zierlich,dainty
ander,at the
unaufmerksam,inattentive
rumson,Rumson
pummelchen,chubby
singleton,singleton
zeitschleife,time loop
trinkgelder,tips
suzuran,suzuran
bishops,bishops
nanami,nanami
effy,effy
schwerfallen,to be difficult
nygaard,nygaard
autodieb,car thief
schadest,do harm
ora,ora
eene,eene
tonto,tonto
prada,Prada
schutzanzug,protective suit
frell,frell
händigen,hand over
arabischer,Arabic
unvollkommen,imperfect
reinfahren,drive in
belaste,burden
abholte,picked up
montrose,montrose
akkurat,accurate
dinar,dinar
mittwochabend,Wednesday evening
memory,memory
riskierten,risked
verpiß,piss off
startschuss,starting signal
verweise,references
ausschließt,excludes
warscheinlich,probably
ninotschka,Ninotchka
grautvornix,fear of nothing
taubheit,deafness
fischsuppe,fish soup
dauerwelle,perm
macgregor,macgregor
paquita,Paquita
coeur,heart
sauerstoffmangel,oxygen deficiency
seitenlinie,sidelines
seems,seems
maybelle,maybe
gekoppelt,coupled
api,API
schwätzchen,chat
mardi,Mardi
remake,remake
irrationale,irrational
haruka,haruka
gefrieren,freeze
erfriere,freeze
haftung,liability
listig,cunning
charmaine,Charmaine
write,write
telex,telex
westwärts,westward
ribbit,ribbit
besticht,captivates
bering,Bering
grabstätte,tomb
schwalben,swallows
hurenhaus,whorehouse
permanenten,permanent
schmeissen,throw
eingebunden,integrated
rückblick,retrospective
gigantisches,gigantic
blutlache,pool of blood
flugdeck,flight deck
lita,lita
zauns,fence
maulwürfe,moles
vergnügens,pleasure
überzeugst,convince
schafskopf,sheep's head
physiotherapie,physiotherapy
hoh,hollow
shibata,shibata
hilfsenergie,auxiliary energy
durango,Durango
verheimliche,conceal
molière,Molière
scherbe,shard
convention,convention
sneakers,sneakers
juilliard,Juilliard
chica,chica
birgitta,Birgitta
harve,harve
willige,willing
naturkatastrophe,natural disaster
slow,slow
coburn,coburn
weihnachtsmorgen,Christmas morning
caulfield,caulfield
ranlassen,let it happen
fatty,fatty
bediente,served
decepticons,Decepticons
septime,septime
bonds,bonds
abzuheben,to take off
reign,reign
ugo,ugo
brians,Brians
einheizen,heat up
jasira,Jasira
thomson,thomson
elegantes,elegant
glitzer,glitter
kämm,comb
miezekatze,kitty
flaherty,flaherty
freikaufen,buy your freedom
kochsalzlösung,saline solution
hike,hike
cooley,cooley
spiritualität,spirituality
stoney,stoney
zickzack,zigzag
rappel,rattle
zowie,zowie
phobie,phobia
staatlicher,state
williamson,Williamson
doucet,doucet
begrüssen,greet
beherzigen,heed
briens,Briens
probierten,tried
überzeugter,convinced
maciste,maciste
zurückweichen,retreat
alkoven,alcove
baldige,soon
schwielen,calluses
bespitzeln,spy
semmeln,bread rolls
sst,sst
deus,deus
bellas,bellas
automobile,automobile
mereti,mereti
einblicke,insights
autoritäten,authorities
kee,kee
geloben,vow
vorsätze,resolutions
parmesan,Parmesan
enges,narrow
prosa,prose
warja,warja
zwieback,zwieback
mondmann,Moon Man
manifestation,manifestation
unruhigen,restless
fabienne,fabienne
hellinga,hellinga
liberal,liberal
konsortium,consortium
kommentiert,commented
platziere,place
trapez,trapez
lottie,Lottie
truthähne,turkeys
hoo,hoo
girard,Girard
shakespeares,Shakespeare
ungeklärte,unexplained
vorbehalt,reservation
sonntagnachmittag,Sunday afternoon
achtete,paid attention
andauernde,ongoing
petite,petite
jup,yup
drohende,impending
pulsierende,pulsating
schüttelst,shake
darkness,darkness
moonlight,moonlight
scheinchen,little money
vergleichst,compare
entnehme,take
überfliegen,fly over
rückstoß,recoil
erfüllten,fulfilled
generalschlüssel,master key
trout,trout
montecito,montecito
frauengefängnis,women's prison
heldenmut,heroism
genozid,genocide
abwasserkanal,sewer
geisterjäger,Ghost hunter
schmerzmitteln,painkillers
seemeilen,nautical miles
großmut,generosity
unverkäuflich,not for sale
urheber,copyright
vermeintlichen,alleged
auslese,choice
honduras,Honduras
nager,rodents
vettern,cousins
fm,fm
klärung,clarification
amüsanter,amusing
leonards,Leonards
essensgeld,food money
presseausweis,press pass
skier,skier
schwarzweiß,black-and-white
stücks,piece
freizusetzen,to release
mistkäfer,dung beetle
ausgewählten,selected
angabe,information
niña,niña
analyst,analyst
fai,fai
schhh,shhh
rühmen,boast
fsb,fsb
mediagroup,mediagroup
kunstgalerie,art gallery
giraffen,giraffes
presto,presto
düsteres,gloomy
tragende,supporting
rya,rya
montauk,Montauk
zigeunern,gypsies
erspartes,saved
begrüßte,welcomed
raube,robbery
eingestanden,admitted
nackig,naked
brandwunden,burn wounds
kraftstoff,fuel
woodsen,woodsen
gekochtes,cooked
surehand,surehand
zerhacken,chop up
hatty,hatty
tamsin,tamsin
toman,toman
brumm,hum
fallschirmspringen,skydiving
drau,outside
garry,garry
fälscht,fakes
frühstückt,breakfast
avec,with
vertrat,represented
nachzumachen,to imitate
betatscht,groped
schreibfehler,typo
sichereren,safer
verpetzen,snitch
peggotty,peggotty
apotheken,pharmacies
bewaffnung,armament
gittes,Gitte's
einundzwanzig,twenty-one
konsistenz,consistency
kleingedruckte,small print
lügnern,liars
konsultiert,consulted
kinderbuch,children's book
kelp,kelp
pe,pe
arbeitstier,workhorse
leichenhaus,morgue
bedürftig,needy
galaxy,galaxy
exzellentes,excellent
primo,primo
schmieriger,greasy
zwölfte,twelfth
admiralität,Admiralty
genetischer,genetic
ltd,Ltd
cindel,cindel
galina,galina
tight,tight
themistokles,theistokles
arbeitsgruppe,working group
laufsteg,catwalk
tael,tael
anzuklopfen,to knock
geldautomat,ATM
hasenpfote,rabbit's foot
beklagst,complain
piercings,piercings
farbig,colored
dürstet,thirsts
schirme,umbrellas
wassertank,water tank
guacamole,guacamole
unreine,impure
bäumchen,small trees
fortging,departing
zurückschrecken,recoil
aufatmen,breathe a sigh of relief
zielerfassung,target setting
weasley,Weasley
sinnvoller,meaningful
peer,peer
dreumex,dreumex
anekdote,anecdote
griechisches,Greek
looks,looks
langjährige,long-term
used,used
weihnachtsessen,Christmas dinner
unversucht,unattempted
auflehnen,rebel
anwendet,applies
momma,momma
schnorren,begging
jogger,jogger
ehrgeizige,ambitious
brianna,brianna
auszubreiten,to spread
mangos,mangoes
osgood,osgood
wirte,hosts
auszulassen,to omit
bischofs,bishop's
chiyoko,chiyoko
mormonen,Mormon
edgington,Edgeton
ricco,Ricco
asha,asha
unerwarteter,unexpected
treck,trek
schlafsäcke,sleeping bags
gütigen,kind
hildegard,Hildegard
modellen,models
schier,sheer
maisfeld,cornfield
verstrahlt,irradiated
jaspers,Jaspers
ergebnislos,without result
mitmischen,get involved
zeltplatz,campsite
junker,Junker
oe,oe
kindlein,little one
calloway,calloway
volkswagen,Volkswagen
ausführliche,detailed
daka,daka
hüllenbruch,shell breach
angeschwollen,swollen
wettbüro,betting office
wimbledon,Wimbledon
glücksspiele,gambling
kartelle,cartels
zugs,trains
verpfeife,rat them out
polizeigewahrsam,police custody
memos,memos
knirscht,crunches
sybille,Sybille
abmurksen,kill
fratz,fratz
überwachte,supervised
nachhut,rearguard
shuya,shuya
voicemail,voicemail
jordans,Jordan's
sterb,die
turnt,turnt
leh,leh
carries,carries
apfelwein,apple wine
süßigkeit,candy
samira,Samira
pay,pay
schlafgemach,bedroom
unterrichts,lessons
industriegebiet,industrial area
verspielte,playful
schriftliches,written
schweife,tails
herumzusitzen,sitting around
kurzfassung,summary
kool,cool
abgeglichen,matched
ekelerregend,disgusting
errichteten,erected
imperial,imperial
resort,resort
schräglein,slant
unpraktisch,impractical
veruntreut,embezzled
spiegelung,reflection
voraussichtliche,expected
ausstopfen,stuff
kaufvertrag,purchase agreement
anzubauen,to cultivate
coolsten,coolest
resistent,resistant
telefonzentrale,switchboard
epinephrin,epinephrine
boulogne,Boulogne
lebensmittelgeschäft,grocery store
rezeptur,recipe
ballet,ballet
loudon,loudon
auszuwischen,to wipe
stachelschwein,porcupine
dumas,Dumas
pfarrers,pastor
drachenkrieger,dragon warrior
sympathien,sympathies
krim,Crimea
mackendrick,mackendrick
weggeschossen,shot away
drebin,drebin
tm,tm
stummer,mute
jal,jal
rancho,rancho
stichen,sting
redfern,redfern
hyperantrieb,hyperdrive
wasserpistole,water pistol
angeflogen,flown in
steinhart,rock hard
gesteigert,increased
landkreis,district
dadrin,in it
coq,coq
rostock,Rostock
kopilot,co-pilot
vollgetankt,fully fueled
prägt,shapes
herbeiführen,bring about
schwebst,floating
basketballspiel,basketball game
körperwärme,body heat
fernfahrer,truck driver
ermittlern,investigators
nosferatu,nosferatu
fuhrst,drove
wegzusperren,to lock away
simona,Simona
entgegenbringen,meet
iori,iori
stumpy,stumpy
vorging,proceed
guadalcanal,Guadalcanal
hopes,hopes
anpasst,adapts
roya,royala
gemolken,milked
chatten,chat
neon,neon
kalk,lime
gaffney,Gaffney
österreichische,Austrian
eingehst,you go into
jonni,jonni
unermessliche,immeasurable
kostest,costs
bezweifel,I doubt
geprahlt,boasted
raupen,caterpillars
badehaus,bathhouse
füchsin,vixen
stöße,impacts
normalisiert,normalized
schöpfers,creator
vernachlässigte,neglected
merritt,merritt
übersieht,overlooks
angstzustände,anxiety
webseiten,websites
anmaßung,presumption
kräftiges,strong
alfi,alfi
ausholen,to wind up
fra,fra
versohle,sole
latrine,latrine
manchem,some
karpov,Karpov
betrachteten,considered
pflaumenschnaps,plum brandy
cannabis,cannabis
hoffnungslosigkeit,hopelessness
geheimversteck,secret hiding place
berner,Bernese
weggestoßen,pushed away
hypothetische,hypothetical
rangenommen,taken
verfügte,provided
hilfreicher,helpful
jammere,whine
pfifferling,chanterelle
sofas,sofas
einzelhandel,retail
einsteigt,gets in
riddick,riddick
objektive,objective
aqua,aqua
geklaute,stolen
erstarrte,frozen
chemisches,chemical
uberhaupt,at all
wechsele,change
sabbath,Sabbath
kerns,kernels
teddybären,teddy bears
recherchiere,research
muht,moo
selbstlose,selfless
quai,quay
säufst,drink
paradoxon,paradox
klavierspieler,piano player
sicherheitsprotokoll,security protocol
strangler,strangler
phaserbänke,phaser banks
ostfront,Eastern Front
karlsson,Karlsson
pil,pil
gewäsch,washed
duvall,duval
gilberte,Gilberte
durchziehst,pull through
pettigrew,pettigrew
waltin,Waltin
sym,sym
bescheuertes,stupid
obenauf,on top
minna,minna
vertrauensvoll,trustworthy
befangen,biased
calvert,calvert
herumschlagen,fight
prustet,snorts
warnsignal,warning signal
verehrteste,most esteemed
jippie,hooray!
heerführer,military leader
witterung,weather
viechern,animals
finanzberater,financial advisor
beissen,bite
grabräuber,grave robbers
gefahrenzone,danger zone
cortejo,Cortejo
zellengenossen,cellmates
ahnungslosen,unsuspecting
auif,auif
abzustatten,to pay
appelliere,appeal
stimm,vote
rollfeld,runway
äquator,equator
nba,NBA
marschierten,marched
ruhte,rested
schielt,squints
völliges,complete
lebensinhalt,life's purpose
verstopfen,clog
eismaschine,ice machine
supergut,super good
lazar,Lazar
greek,Greek
geläufig,common
einsatzbefehl,deployment order
zeitverschiebung,time difference
sachbearbeiter,clerk
taeko,taeko
pfählen,piles
tevje,Tevye
baader,baader
landmine,landmine
verzerrungen,distortions
sozialstunden,community service
sträuben,resist
grabes,grave
matterhorn,Matterhorn
reinplatze,burst in
levin,Levin
falschspieler,cheater
antanzen,dance
durchgearbeitet,worked through
vernünftigste,most reasonable
diktatoren,dictators
würge,gag
kulturell,cultural
steinigen,stony
ehrgefühl,sense of honor
draufmachen,on
elfmeter,penalty
freakshow,freak show
juchhu,hooray!
wickelte,wrapped
monogamie,monogamy
marseiller,Marseille
wormser,wormser
frauenkleider,women's dresses
scheißkarre,shitty car
lax,lax
stolpere,stumble
lokalnachrichten,local news
symbolische,symbolic
quist,quist
gewissem,certain
fabriziert,manufactured
pyjamaparty,pajama party
veranlassung,cause
budgets,budgets
hamm,Hamm
zeitzünder,time fuse
enoch,Enoch
schwinge,swing
jahrhundertwende,turn of the century
lateinische,Latin
tsa,tsa
collage,collage
manifestiert,manifests
lesbischen,lesbian
dreverhaven,Dreverhaven
prügelte,beaten
klargeworden,It became clear
konkurrenzkampf,competition
westflügel,west wing
gerippe,skeleton
hauptbuch,ledger
trotteln,idiots
nagelneu,brand new
zahnbürsten,toothbrushes
schwertfisch,swordfish
moines,moines
schlawiner,rascal
verwerflich,reprehensible
parkservice,parking service
mistkerlen,bastards
mundschenk,cupbearer
extraktion,extraction
haaransatz,hairline
chromosomen,chromosomes
unterschieden,distinguished
ernsthaftigkeit,seriousness
telefonsex,phone sex
vollstreckung,enforcement
irrgarten,maze
schichtwechsel,shift change
endo,endo
modifizierte,modified
sigismund,Sigismund
sloth,sloth
wegwirft,throws away
heimsucht,haunts
hereinbitten,invite in
kindesmissbrauch,child abuse
erachten,consider
mcphee,mcphee
vergis,forget
gescheiter,smarter
polio,polio
restaurieren,restore
einschlief,fell asleep
sicherheitspolizei,security police
auffahren,drive
noodles,noodles
kiyoko,kiyoko
gemunkelt,rumors
augenhöhe,eye level
gefühlsmäßig,intuitively
lani,lani
tiefem,deep
hashtag,hashtag
zurechtkommt,copes
bildnis,portrait
simsalabim,simsalabim
natã,natã
josiah,josiah
mittelmäßigen,mediocre
loswerde,get rid of
shekhar,shekhar
nachdenkliche,thoughtful
psychischer,psychological
zähe,tough
chaotischen,chaotic
willigte,agreed
ers,ers
schuldscheine,promissory notes
rydell,Rydell
autowäsche,car wash
einbrüchen,burglaries
staate,state
verleihung,award ceremony
ranges,ranges
berichtest,report
lillehammer,Lillehammer
addieren,add
sy,sy
hereinlegen,to fool
überrennen,overrun
ungar,Hungarian
riechsalz,smelling salt
appétit,appetite
supercool,super cool
lefferts,Lefferts
rückblickend,Looking back
simcoe,simcoe
kennzeichnen,mark
schmort,simmers
automatischer,automatic
edelsteinen,gemstones
mundwasser,mouthwash
apart,apart
dorothée,Dorothée
ozaki,Ozaki
kerrigan,Kerrigan
agito,agito
einschussloch,bullet hole
morello,morello
schalldicht,soundproof
aufenthalts,stay
überwältigte,overwhelmed
gesicherte,secured
luftgewehr,air rifle
geniales,ingenious
reaktionszeit,reaction time
kili,kili
schu,shoe
ergänzt,added
vorschreibt,prescribes
sperber,sparrowhawk
selbstsüchtige,selfish
empfangskomitee,reception committee
nagle,nail
echelon,echelon
gezielte,targeted
quittiert,acknowledged
überboten,outbid
mendes,mendes
doinel,doinel
verdorbenes,spoiled
blacklist,blacklist
fabel,fable
arbeitsmoral,work ethic
gesteh,confess
herumgehen,walk around
rlich,honestly
edition,edition
vorladungen,summonses
copeland,copeland
stattlicher,stately
regiments,regiments
hinkriegt,manages
streunende,stray
charlton,Charlton
kochkunst,culinary art
männerabend,men's night
irisches,Irish
freibrief,carte blanche
beinarbeit,legwork
konventionelle,conventional
tremaine,tremaine
gewinns,profit
hereingelassen,let in
schutze,protect
appartment,apartment
dolittle,dolittle
vorantreiben,to advance
wutz,pig
abgeleitet,derived
glühwein,mulled wine
beschlossene,decided
jeeter,jeeter
extremitäten,extremities
staunt,marvels
seminare,seminars
wohlgefallen,well-liked
maa,maa
rasant,rapidly
entbindungsstation,maternity ward
rausging,went out
streitig,disputed
dons,dons
mcavoy,McAvoy
geldübergabe,money handover
zapp,zapp
vijay,vijay
gnaghi,gnaghi
fickte,fucked
meene,my
minenarbeiter,miners
lovers,lovers
sometimes,sometimes
unendlicher,infinite
marschierte,marched
supermärkte,supermarkets
liage,league
herangewachsen,grown up
medizinschule,medical school
rigg,rigg
kampfunfähig,Incapable of fighting
ola,ola
schwitzkasten,sweatbox
schlagmann,hit man
familienoberhaupt,head of family
reinbekommen,get it in
tuts,does
macs,macs
verführe,seduce
dove,dove
lincolns,Lincoln's
stace,stace
rostig,rusty
gasmaske,gas mask
überanstrengen,overexertion
doodle,doodle
cic,cic
hate,hate
klägerin,plaintiff
passagen,passages
reiseziel,destination
doppelschicht,double layer
lotse,pilot
mitchells,Mitchell's
flag,flag
delmar,delmar
hori,hori
lausiges,lousy
verbanne,banish
mantra,mantra
rosamund,Rosamund
einbrach,broke in
regula,regula
bodega,bodega
überwachungsbänder,surveillance tapes
gejohle,cheers
silang,silang
séance,seance
artist,artist
crysta,crysta
koda,koda
universelle,universal
depesche,dispatch
segelten,sailed
startrampe,launchpad
brannigan,Brannigan
systemfehler,system error
hippo,hippo
deon,deon
regelst,regulate
og,og
mafiaboss,mafia boss
branntwein,spirits
constantin,Constantin
voyeur,voyeur
hingeführt,led
gewappnet,prepared
mitansehen,watch
landis,landis
cinema,cinema
ausgequetscht,squeezed dry
weitergereicht,passed on
kassettenrekorder,cassette recorder
schwips,tipsy
glitch,glitch
umhaut,knocks you down
kegeln,bowling
suiker,sugar
lace,lace
ulzana,Ulzana
kunigunde,Kunigunde
reime,rhymes
eleonore,Eleonore
gegenüberzutreten,to confront
zuspruch,encouragement
vorhandene,existing
schlürft,slurps
luitpold,Luitpold
ödipus,Oedipus
schwachköpfen,dimwits
schädeltrauma,skull trauma
sowjetischer,Soviet
unterlass,cessation
brucke,bridge
wendys,Wendy's
rios,Rios
kosteten,cost
bannion,bannion
rey,rey
ott,ott
jays,Jays
phils,phils
zurückzutreten,to resign
kutter,cutter
abner,abner
krapfen,doughnuts
nagen,gnaw
blödian,idiot
hofmann,Hofmann
pfeifst,you whistle
kroysing,Kroysing
lauschte,listened
beidseitig,both sides
sprichwörtlich,proverbial
francie,francie
kampfmaschine,fighting machine
heist,heist
verhalf,helped
vertun,waste
indra,indra
hineinsehen,look inside
shel,shel
raubüberfalls,robbery
glaubs,believe
heda,heda
saskia,Saskia
prachtvolle,magnificent
maebh,maebh
sting,sting
schlachtbank,slaughterhouse
traumland,dreamland
griffbereit,within easy reach
haftet,liable
kühlschränke,refrigerators
fügten,added
löffeln,spoon
mulwray,mulwray
aquitanien,Aquitaine
blinddarmentzündung,appendicitis
mendel,Mendel
standst,stands
treat,treat
kaltblütigen,cold-blooded
herzfehler,heart defect
steife,stiffness
ac,ac
einzuschleusen,to infiltrate
rifkin,rifkin
golfkrieg,Gulf War
ventilatoren,fans
skin,skin
keramik,ceramics
varro,varro
koitus,coitus
leona,Leona
parkverbot,no parking
bewundernswerte,admirable
freddys,Freddy's
siralos,siralos
dusch,shower
verbitterung,bitterness
stossen,push
frühlingsrollen,spring rolls
gesichtszüge,facial features
skrupelloser,unscrupulous
anbetteln,begging
alleinlassen,leave alone
hus,house
tageszeitung,daily newspaper
mitzufahren,to ride along
haggerty,haggerty
mandel,almond
großwesir,Grand Vizier
blutwerte,blood test results
wünschenswert,desirable
ausstrahlen,radiate
coupons,coupons
kontaktdaten,contact details
taba,taba
existierenden,existing
betriebsbereit,operational
unmut,discontent
faa,faa
lerngruppe,learning group
lohan,Lohan
raustreten,step out
erbes,inheritance
schrottkarre,junk car
zusätzlicher,additional
knackarsch,firm ass
onkelchen,uncle
fensterputzer,window cleaner
haudegen,swashbuckler
ion,ion
comedian,comedian
generiert,generated
gesamter,entire
angeklopft,knocked
drift,drift
bärtigen,bearded
sarazenen,Saracens
knochenbrüche,bone fractures
empfanden,felt
halteverbot,no stopping
carmencita,Carmencita
scholl,Scholl
forsch,bold
quillt,swells
weinenden,crying
oberschule,high school
gestaltung,design
magi,magic
richtlinie,guideline
agron,agron
eskalation,escalation
kontrovers,controversial
erblinden,go blind
raubes,robbery
ausbrennen,burn out
knutschfleck,hickey
eiter,pus
gedankenleser,mind reader
selbstgemacht,homemade
wander,hike
wiederzuhaben,to have back
hauptsturmführer,Hauptsturmführer
edgars,Edgar's
rauslässt,releases
schwellungen,swelling
dickicht,thicket
unterstreichen,underline
militärschule,military school
warpfaktor,warp factor
abtun,dismiss
milano,Milano
wirtschaftslage,economic situation
kaschmir,cashmere
tendiert,tends
sonder,special
dorado,dorado
dickon,dickon
aussteige,get out
babyschritte,baby steps
streberin,overachiever
grenzenlose,limitless
badewasser,bathwater
aufblühen,to flourish
einsperrt,locks up
hiya,hiya
zoltan,zoltan
blakely,Blakely
furst,prince
grabmal,tomb
mausefalle,mousetrap
karikatur,cartoon
hedi,hedi
verwettet,bet
carpentier,carpentier
aayan,aayan
napier,Napier
hämisches,malicious
rumspielen,messing around
wucher,usury
bevormunden,patronize
erzieher,educator
finte,feint
piercing,piercing
einziehe,move in
apparatur,apparatus
zerbrichst,break
desinfiziert,disinfected
adrett,neat
redakteurin,editor
bürgt,guarantees
vesper,vesper
traumatisches,traumatic
pharmaceuticals,pharmaceuticals
duschvorhang,shower curtain
reinpasst,fits in
verwarnt,warned
eingelagert,stored
fondue,fondue
nützlichen,useful
schlüsselwort,keyword
roquefort,Roquefort
ökonomische,economic
luftangriffe,air raids
klemm,clamp
servierte,served
motorrädern,motorcycles
angibt,indicates
angry,angry
veit,Veit
minotaurus,minotaur
zaza,zaza
schlafrock,dressing gown
ersatzteil,spare part
tonda,tonda
andren,other
vorlieb,preference
phlox,phlox
nazim,Nazi
haku,haku
vanity,vanity
smut,smut
drähten,wires
keilriemen,V-belt
baumstämme,tree trunks
freigang,free range
schnarchst,snore
sterbender,dying
bride,bride
sondersendung,special broadcast
ghettos,ghettos
wunderknabe,prodigy
verschroben,cranky
aggressives,aggressive
harrow,harrow
todeskampf,death struggle
bewußtsein,consciousness
filmgeschäft,film business
defcon,defcon
rechnest,are you calculating
week,week
derjunge,the young
stativ,tripod
mickrigen,meager
döner,döner
knuddeln,cuddle
kopfwunde,head wound
leaf,leaf
padua,Padua
herausragenden,outstanding
söldnern,mercenaries
balthasar,Balthasar
hoffnungsvolle,hopeful
maßgeschneidert,tailor-made
gefrierfach,freezer
bogotá,bogotá
stiii,stiii
hoskins,Hoskins
verruckt,crazy
durchgebrochen,broken through
zusammenfügen,join together
manipulierten,manipulated
sprinkler,sprinkler
temporäre,temporary
vergelt,repay
auffliegt,is exposed
bunchy,bunchy
gnu,gnu
imker,beekeeper
tallmadge,tallmadge
scheisser,shitter
erfolgreichste,most successful
familienfotos,family photos
tetanus,tetanus
radiowellen,radio waves
runtergespült,flushed down
zerbrechliche,fragile
ausschaut,looks
niedergemetzelt,slaughtered
abverlangt,demanded
sou,sou
idealer,ideal
echos,echoes
alltäglich,everyday
gesöff,drink
angeeignet,acquired
steuerst,control
konflikten,conflicts
verbrauch,consumption
vorgehaltener,held out
nichtsnutze,good-for-nothing
phipps,Philipps
analsex,anal sex
musikzimmer,music room
eisenbahnen,railways
vidal,vidal
knödel,dumplings
soledad,solead
rodolphe,Rodolphe
abfolge,sequence
agrippa,Agrippa
arvid,Arvid
zungenkuss,French kiss
wochenschau,newsreel
korrespondent,correspondent
tellerrand,edge of the plate
einlieferung,delivery
dirt,dirt
avocado,avocado
spaulding,spaulding
betreue,supervise
spionageabwehr,counter-espionage
kao,kao
blairs,Blairs
zittrig,shaky
betrinkt,drunk
verduftet,vanished
hospiz,hospice
vorstandsmitglieder,board members
unerschütterlich,unshakable
unähnlich,unlike
wächterin,guard
grayza,grayza
malachy,malachy
azusa,Azusa
clouds,clouds
vergütung,compensation
vorlese,reading aloud
einfühlungsvermögen,empathy
raubmord,robbery-murder
atwood,atwood
falschaussage,false statement
aufgeholt,caught up
bubbs,bubbs
täuschungsmanöver,deception maneuver
psychopathin,psychopath
bezaubernder,enchanting
jonjo,jonjo
rechtmäßiger,lawful
souverän,sovereign
temporär,temporary
auseinanderreißen,tear apart
adoptierte,adopted
fiepen,beeping
verprügelst,beaten up
ziegenkäse,goat cheese
boulder,boulder
amboss,anvil
herzstück,centerpiece
mousse,mousse
royals,royals
woodbury,woodbury
befehi,command
videoaufnahmen,video recordings
lebensläufe,CVs
schwerfällig,cumbersome
colonels,colonels
bundesbehörden,federal authorities
jungfern,virgins
grimasse,grimace
travolta,Travolta
qualifizieren,qualify
rada,rada
weihnachtsgeschenke,Christmas presents
sour,sour
zurückbringst,bring back
jodeln,yodel
verziert,decorated
defizit,deficit
finanziere,finance
erläutert,explains
erientag,school day
eder,eder
indianischen,Native American
taktisch,tactical
limoges,Limoges
begrenzung,limitation
sobotka,sobotka
angespuckt,spat on
petto,petto
pasteur,Pasteur
gebildeten,educated
außeneinsatz,outdoor use
sonniger,sunny
jingles,jingles
murdo,Murdo
portraits,portraits
predator,predator
vollends,completely
pflücke,pick
daigoro,daigoro
flandern,Flanders
less,less
nobbs,nobbs
autorennen,car race
neddy,neddy
probanden,test subjects
leerlauf,idle
räudiger,mangy
xcellent,excellent
verwalte,manage
lombardi,Lombardi
klammerst,bracket
ausgewertet,evaluated
erdrosseln,strangle
orientiert,oriented
perlenkette,pearl necklace
knospen,buds
ziegelstein,brick
kurzgeschichten,short stories
ziffer,number
polizeipräsidenten,police chiefs
fortbringen,transport
scheffeln,rake in
errettet,rescued
eingekesselt,surrounded
allerbester,very best
kunstschule,art school
scheißtür,shit door
pferdescheiße,horse shit
vollständiges,complete
sadler,Sadler
radiosendung,radio broadcast
krull,Krull
heidnische,pagan
ausgewachsen,fully grown
amnesty,Amnesty
segment,segment
norwegisch,Norwegian
zufahrt,access
strafrecht,criminal law
brd,brd
brutzeln,sizzle
beratungen,consultations
ptolemäus,Ptolemy
tansy,tansy
verspäte,delayed
riesenarschloch,huge asshole
männlein,male
hochsicherheitstrakt,high-security wing
verdächtigte,suspected
ausspreche,pronounce
überschüttet,showered
anlaufen,start
experimentierte,experimented
arryn,arryn
aufn,onn
fahrbahn,roadway
separaten,separate
legalität,legality
midas,Midas
unbeteiligt,uninvolved
ausgelastet,fully booked
bolzenschneider,bolt cutters
lebensabend,old age
humvee,Humvee
dezzie,dezzie
species,species
magnesium,magnesium
bagatelle,bagatelle
klingonin,Klingon
mateusz,mateusz
durchbrach,broke through
elektroschock,electric shock
sachbeschädigung,property damage
rosenthal,Rosenthal
mittelmäßigkeit,mediocrity
übertragbar,transferable
geradebiegen,straighten
gillingham,Gillingham
cc,cc
davonkommt,escapes
gebräunt,tanned
bewahr,preserve
entzugserscheinungen,withdrawal symptoms
qianjin,qianjin
ausritt,horseback riding
vicomte,vicomte
eingezeichnet,marked
symbolisieren,symbolize
notendurchschnitt,grade point average
ferrars,Ferrars
folgern,conclude
overlord,overlord
jocke,jocke
studiengebühren,tuition fees
associates,associates
gültigkeit,validity
paranormale,paranormal
höhepunkte,highlights
auszuspielen,to play
hinton,hinton
chivery,chivery
beigestanden,assisted
unvergleichliche,incomparable
estrada,estrada
herrisch,bossy
saftiges,juicy
sammlerstück,collector's item
dienstweg,official channels
wagnis,risk
lebron,lebron
basilikum,basil
took,took
vortag,previous day
gleichgestellt,equal
neff,neff
heilst,heal
disput,dispute
sharkey,Sharkey
heldentum,heroism
boeing,Boeing
deutschemark,Deutsche Mark
elementar,elementary
zweifelhaften,dubious
kasidy,kasidy
tini,tini
büffet,buffet
hannelore,Hannelore
vorbesitzer,previous owner
cabaret,cabaret
geburtstagstorte,birthday cake
pritsche,bunk
anweisen,instruct
unzugänglich,inaccessible
vorspeisen,appetizers
pfiffig,smart
überspielt,overwritten
beweisführung,evidence
quimper,Quimper
fröschen,frogs
crook,crook
besessener,possessed
scheue,shy
assistiert,assisted
jesús,Jesus
friedman,Friedman
plappert,chatters
hintertreppe,back stairs
golfball,golf ball
bewach,guard
zärtlicher,tender
mccourt,McCourt
herzprobleme,heart problems
benachbarten,neighboring
rückst,back
besprühen,spray
anschieben,push
ähnelte,resembled
tutor,tutor
regenbogens,rainbow
wham,wham
maximaler,maximum
criminal,criminal
gynäkologen,gynecologists
verbuchen,book
schummelt,cheats
hoben,lifted
piaster,piastres
ptbs,PTB
zögernd,hesitantly
netzen,nets
mones,money
anfangt,begins
exotisches,exotic
ästen,branches
köstlicher,delicious
mien,mine
yasumoto,yasumoto
schnuffi,Schnuffi
baroness,baroness
teleportiert,teleported
ragt,protrudes
ça,ça
mms,mms
bewusstlosigkeit,unconsciousness
patrol,patrol
exkremente,excrement
ulm,Ulm
fahrradfahren,ride a bike
lineal,ruler
kaputtgehen,break down
miroslav,Miroslav
abram,Abram
engster,closest
kamal,kamal
nachtlager,overnight accommodation
ocampa,ocampa
erjetzt,he now
droh,threat
unimatrix,unimatrix
giftiger,toxic
wohlgesonnen,well-disposed
kinderbücher,children's books
befolgte,followed
hinzurichten,to execute
weihnachtsmänner,Santa Clauses
regenwasser,rainwater
feilen,file
arzu,arzu
alpträumen,nightmares
streitsüchtig,quarrelsome
sheldrake,Sheldrake
bannkreis,exclusion zone
üb,üb
einreise,entry
einzustecken,to plug in
scusi,scusi
aufsparen,save
kyla,Kyla
iverson,iverson
verärgerte,annoyed
patriotisch,patriotic
kaj,kaj
lehrerinnen,female teachers
pino,pino
möller,Möller
piet,piet
ausgeprägten,pronounced
grobes,rough
hypothesen,hypotheses
jotaro,jotaro
spezifischen,specific
unweit,not far
gemüsegarten,vegetable garden
glitter,glitter
ofelia,ofelia
erträumen,dream
poldi,poldi
rika,rika
wanderten,wander
oktoberfest,Oktoberfest
schlägern,bats
émilie,Emilie
radfahrer,cyclists
gabelung,crotch
chiu,chiu
idgie,idgie
weideland,pastureland
tausendfach,thousands of times
pinkie,pinkie
gleitmittel,lubricant
commanders,commanders
zackig,brisk
republikanische,Republican
cranford,Cranford
dust,dust
mckernon,McKernon
buddies,buddies
rüberschicken,send over
mohr,Moor
milli,milli
ausfiel,failed
eurydike,Eurydice
familienbetrieb,family business
familienfoto,family photo
bratensoße,gravy
chiaki,chiaki
städter,city ​​dwellers
bilderbuch,picture book
vergrößere,enlarge
krümmt,bends
backenzahn,molar
zugeschrieben,attributed
klecks,blob
füllten,filled
fahrern,drivers
roxane,roxane
wiederaufnahme,resumption
leberversagen,liver failure
befürwortet,advocates
faxe,faxes
forschungsprojekt,research project
erachtens,in my opinion
bestattungsinstitut,funeral home
albernheiten,silliness
noches,still
ehr,honor
muskete,musket
quijote,Quixote
zwicken,pinch
choice,choice
briar,briar
ferox,ferox
schaufensterpuppe,mannequin
schleppten,dragged
nostra,nostra
zielfernrohr,scope
einzustehen,to stand up
ransom,ransom
klarkomme,I'm okay
zeitreisender,time traveler
anschwellen,swelling
cougars,cougars
grundsätzen,principles
workshop,workshop
maßstäben,scales
nachgibt,yields
christines,Christine's
gebürgt,guaranteed
doran,doran
gefolgsmann,follower
adeline,Adeline
höfe,courtyards
vorstandsmitglied,board member
argus,Argus
tug,tug
annabeth,Annabeth
bosley,bosley
crime,crime
gaukler,juggler
arbeitslosengeld,unemployment benefit
bequemes,comfortable
gestüt,stud
schwächeren,weaker
middleton,middleton
stasis,stasis
schwarzpulver,black powder
works,works
isolierung,insulation
namentlich,namely
trommler,drummer
spanierin,Spanish woman
rausholst,you get out
durchgehend,throughout
grauenvollen,horrific
tatbestand,facts
delikatessen,delicacies
maedchen,girl
bestrebt,striving
fürsprecher,advocate
todeszone,death zone
fütterte,fed
pau,pau
metastasen,metastases
ljudmila,ljudmila
bezeichneten,designated
schlittschuhlaufen,ice skating
fü,for
verliehenen,awarded
metalle,metals
rayna,Rayna
entleert,emptied
cissie,cissie
fragwürdigen,questionable
chte,real
irv,irv
reingeworfen,thrown in
zentren,centers
banning,banning
jago,jago
menstruation,menstruation
forschungslabor,research laboratory
rodencia,rodencia
losgelöst,detached
fachleute,experts
chumley,chumley
verwelken,wilt
topfit,in top shape
baywatch,Baywatch
notizbücher,notebooks
runterzuholen,to bring down
pru,pru
konventionellen,conventional
übriggeblieben,left free
synthetischen,synthetic
runen,runes
schrillen,shrill
leidenden,suffering
monroes,Monroes
vierer,four
hybride,hybrid
frohsinn,joy
pup,pup
hausordnung,house rules
azur,azure
hinzubekommen,to achieve
einrenken,adjust
gebieterin,mistress
vorgetäuschten,fake
sedat,sedat
sinai,Sinai
tatis,tatis
drängten,urged
geklatscht,clapping
nonsens,nonsense
natacha,natacha
matz,matz
ökonomischen,economic
auftrags,order
kuhlmann,Kuhlmann
atherton,atherton
mccallum,McCallum
schlaftrunk,sleeping potion
surreal,surreal
schützenfest,shooting festival
kellern,cellar
aufsässig,rebellious
buckey,buckey
artischocken,artichokes
streitkräften,armed forces
mercado,mercado
goo,goo
himalaja,Himalayas
siamesisch,Siamese
pauke,timpani
endgültiges,final
marschbefehl,marching orders
unmöglicher,impossible
erstbeste,first one
relikte,relics
erdkunde,geography
macgyver,MacGyver
buford,Buford
reiseroute,itinerary
anwerfen,start
lurch,amphibian
entbehrungen,deprivation
ersetzbar,replaceable
materials,materials
blablabla,bla bla bla
stalking,stalking
montagabend,Monday evening
orangenen,orange
bratkartoffeln,fried potatoes
randell,Randell
spätes,late
klipp,clip
aufgeblasene,inflated
vergeudung,waste
aue,floodplain
pina,pina
eugenie,Eugenie
niederlande,Netherlands
mobiltelefone,mobile phones
einsatzwagen,emergency vehicle
hüpfer,jumper
inuk,inuk
bildschön,Absolutely beautiful
obduktionsbericht,autopsy report
mikrowellen,microwaves
nimmermehr,nevermore
mitzwa,with two
schlamperei,sloppiness
verlierern,losers
amtshandlung,official act
mangelhaft,inadequate
assassins,assassins
dopamin,dopamine
ahn,ahn
zahllosen,countless
unbesiegbare,invincible
weyoun,weyoun
schäbiger,shabby
erkämpft,fought for
vitale,vital
jedikiah,jedikiah
durchzuschneiden,to cut
michonne,michonne
isolierte,isolated
arno,Arno
naiven,naive
umgestoßen,knocked over
romanzen,romances
blumentopf,flower pot
makaber,macabre
scheuern,scrub
hübschesten,prettiest
meditiert,meditates
meeker,meeker
raff,raff
mathelehrer,math teacher
chaucer,chaucer
theres,there
menschenaffen,great apes
untote,undead
liddell,Liddell
felswand,rock face
chon,chon
chronisch,chronic
umberto,Umberto
lieblingsteil,favorite part
sicherheitsmaßnahme,safety measure
gummis,rubbers
spidey,Spidey
eliane,Eliane
erfrischen,refresh
gunny,gunny
kapitalistischen,capitalist
bemitleidet,pitied
zugebe,admit
raufen,fight
promoter,promoter
masons,Masons
tobel,ravine
ruinierten,ruined
fusionieren,merge
monks,monks
talentsucher,talent scout
schubkraft,thrust
durchgegeben,transmitted
leicester,Leicester
wixxer,wanker
zurückbeamen,beam back
galaktischen,galactic
zivilistin,civilian
vitti,vitti
begießen,to pour
sprudeln,bubbling
pray,pray
trommelschläge,drumbeats
ermächtigt,authorized
kito,kito
horizontal,horizontal
brodelt,is bubbling
lerden,leather
bick,Bick
verheerenden,devastating
tunis,Tunis
happyend,happy ending
oakley,Oakley
schnurstracks,straight up
abgabetermin,submission deadline
deadshot,deadshot
westwood,Westwood
übereilen,rush
varianten,variants
detektor,detector
blackbird,blackbird
multiplizieren,multiply
ayse,ayse
telemetrie,telemetry
lahmer,lame
talmud,Talmud
yagmur,yagmur
slang,slang
fürstentum,principality
verpfänden,pledge
seepferdchen,seahorse
draufhaben,have it in them
staatsanwälte,prosecutors
uneheliches,illegitimate
gewebeproben,tissue samples
ayers,ayers
toschi,toschi
stilgar,stilgar
geschöpft,drawn
irreparabel,irreparable
evergreen,evergreen
hergibt,gives
jenni,Jenni
losschlagen,strike
reinspaziert,Come on in
seraphim,seraphim
mailänder,Milanese
uptown,uptown
übernachtete,stayed overnight
abgedroschen,hackneyed
wasserstoffbombe,hydrogen bomb
kie,kie
fernab,far away
braust,roars
geölt,oiled
denunziert,denounced
tamura,tamura
knick,kink
frozen,Frozen
verstümmelung,mutilation
rickford,rickford
wels,catfish
inhalte,contents
garantierte,guaranteed
markie,markie
festtag,holiday
hineinversetzen,put yourself in their shoes
bonsai,bonsai
fachwissen,specialist knowledge
elben,elves
lebenswichtige,vital
flugstunden,flight hours
diavolo,diavolo
pranger,pillory
somerset,Somerset
dezimiert,decimated
nachforschung,investigation
toshiko,toshiko
einzog,moved in
unidentifizierte,unidentified
palo,palo
stadträtin,city ​​councilor
alameda,alameda
schmuggelte,smuggled
hauptproblem,main problem
hochland,highlands
abstauben,dust
amandus,Amandus
yukie,Yukie
revolutionieren,revolutionize
pannen,mishaps
blutrünstige,bloodthirsty
monseigneur,monseigneur
verwundung,wound
fabelhaftes,fabulous
wasserski,water skiing
clothes,clothes
schmiedet,forges
auszahlt,pays out
signals,signals
ismael,ismael
putzig,cute
reston,reston
ungezwungen,casual
regenbögen,rainbows
mahlen,grind
abgemagert,emaciated
atemberaubende,breathtaking
hauptattraktion,main attraction
wohlwollend,benevolent
anbieter,provider
schlitzen,slit
wettkämpfe,competitions
unbehelligt,unmolested
patriotische,patriotic
reingeschlichen,sneaked in
urteilsverkündung,verdict
besichtigt,visited
annähern,approach
danilo,Danilo
silicon,silicon
atomen,atoms
baklava,baklava
halbtags,half-day
martín,Martin
unterhältst,entertain
knarzen,creaking
kleriker,cleric
sicherheitsnetz,safety net
betatschen,touch
fernzubleiben,to stay away
standes,status
maseo,maseo
tops,tops
gewürzen,spices
flow,flow
côte,côte
raimund,Raimund
nurse,nurse
mumien,mummies
seitensprung,affair
majestäten,Your Majesties
crest,crest
friseuse,hairdresser
leuchtete,shone
geforscht,research
zerplatzen,burst
zusammengestoßen,collided
mackenna,mackenna
mexikos,Mexico
turning,turning
ehome,ehome
feuerwasser,firewater
lieblingsblumen,favorite flowers
vorrätig,in stock
vs,vs
suppen,soups
schatzinsel,Treasure Island
thaddeus,thaddeus
amateuren,amateurs
vettius,vettius
zugeknöpft,buttoned up
mardon,Mardon
unterstützend,supporting
tässchen,cup
kurzgeschichte,short story
angelhaken,fishing hook
geringem,low
cyborgs,cyborgs
standbild,still image
seriöser,reputable
lloyds,Lloyds
trostpreis,consolation prize
geschehens,happening
happiness,happiness
ängstliches,anxious
saffron,saffron
mattia,Mattia
lieblingsort,favorite place
strauch,shrub
untergejubelt,foisted upon them
giftspritze,poison injection
ravenwood,Ravenwood
claw,claw
gami,gami
geschenkpapier,gift wrap
fassten,summarized
modesto,modesto
ayanami,ayanami
sozialistische,socialist
datet,dates
hooker,hooker
yeoman,yeoman
quixote,quixote
thiel,Thiel
recycling,recycling
edit,edit
geisteskranker,mentally ill
werkstätten,workshops
wasn,Not
bestandsaufnahme,Inventory
sonnenschirm,parasol
vorbau,stem
av,av
parton,parton
karas,Karas
hergelockt,lured here
mah,mah
schultze,Schultze
weiterzukommen,to move forward
patience,patience
brophy,brophy
nachbarschaftswache,neighborhood watch
entgleitet,escapes
yentl,yentl
yöur,your
aufwuchsen,grew up
stretch,stretch
behagt,enjoys
joplin,Joplin
orochi,orochi
rothaarig,redhead
bandwurm,tapeworm
masseurin,masseuse
raubzug,raid
schaumbad,bubble bath
lehnsherr,liege lord
abtransport,removal
zunahme,increase
iguchi,iguchi
vorliegenden,present
hartford,Hartford
goldgräber,gold diggers
lymphom,lymphoma
pfaffe,priest
greger,greger
einzubauen,to install
auslegung,interpretation
einziehst,move in
exklusives,exclusive
aufsetzt,sets up
schmierige,greasy
verschrieb,prescribed
rollschuh,roller skate
organischer,organic
lausanne,Lausanne
gesellt,joined
kakteen,cacti
umprogrammieren,reprogram
loulou,loulou
kringelein,little ring
daems,daems
gepäckwagen,luggage trolley
verkohlen,char
fidschi,Fiji
hershey,Hershey
verhexen,hex
wespen,wasps
ansprechend,appealing
veto,veto
stahlwerk,steelworks
fleet,fleet
sympathisanten,sympathizers
went,went
ulli,ulli
bestieg,climbed
panzerfaust,Panzerfaust
spindel,spindle
blackberry,blackberry
lica,lica
großrechner,mainframe
zivilbevölkerung,civilian population
leichenteile,body parts
ausspülen,rinse
unruhige,restless
zweideutig,ambiguous
bracken,Bracken
dereks,dereks
easton,Easton
augustin,Augustin
manhattans,Manhattan
böcke,goats
überholspur,overtaking lane
gisele,Gisele
ernährer,breadwinner
gewänder,garments
meisterwerke,masterpieces
ismail,ismail
vergeudete,wasted
wax,wax
schocken,shock
verkehrsmittel,means of transport
pfarrei,parish
goblin,goblin
kalibriert,calibrated
boggs,boggs
kagu,kagu
feenstaub,fairy dust
flauschig,fluffy
benigno,Benigno
kudo,kudo
namensliste,list of names
borka,borka
curley,curley
schulgelände,school grounds
sprudelt,bubbling
zudröhnen,to blast
thought,thought
flintstone,flintstone
skrupellose,unscrupulous
branch,industry
zärtlichen,tender
merkwürdigerweise,strangely enough
katzenklo,litter box
verax,verax
lrgendwo,somewhere
mädchenhaft,girlish
hollywoods,Hollywood
stadtplan,map
fregatte,frigate
dringe,urgent
kitsch,kitsch
ivana,Ivana
schwellen,swell
bacall,bacall
eintracht,Eintracht
konstrukt,construct
versorgte,supplied
faltet,folds
prolet,prolet
pfizer,Pfizer
unmenschen,inhuman
angewöhnt,habit
bestechungsgelder,bribes
höllischer,hellish
darfich,May I
flachmann,hip flask
underground,underground
gewählter,elected
batou,batou
lazlo,lazlo
krachte,crashed
siedlern,settlers
mittelamerika,Central America
pappa,pappa
kika,kika
talos,talos
verzagen,despair
satine,satin
tombstone,tombstone
ark,ark
verletzbar,vulnerable
aktueller,current
schnippisch,snide
grantig,grumpy
riordan,Riordan
frak,frak
kak,kak
trachtet,strives
erkämpfen,fight for
henson,Henson
jägers,hunters
koffeinfreien,caffeine-free
toomey,toomey
lesern,readers
oberflächliche,superficial
vertrauenslehrer,School counselor
musikbox,jukebox
zaghaft,tentative
hidde,hide
rarität,rarity
windbeutel,cream puffs
tötungen,killings
drogenhandels,drug trafficking
optischen,optical
polizeistaat,police state
tantiemen,royalties
shifu,Shifu
cuchillo,cuchillo
kragenweite,collar size
klärst,clarify
mead,mead
bestehenden,existing
weichteile,soft tissues
namenstag,name day
bombenanschläge,bomb attacks
anzuregen,to encourage
gespaltene,split
amp,amp
cab,cab
mott,mot
blutrünstig,bloodthirsty
vorgab,specified
kürzliche,recent
sortiere,sort
herzlose,heartless
lalala,lalala
vina,vina
lichtet,clears
samenbank,sperm bank
broderick,Broderick
jaden,jade
stöhnend,groaning
überbrückung,bridging
bestechungsgeld,bribe
goldfinger,Goldfinger
warschauer,Warsaw
mitessen,eat with us
bindend,binding
aufteilung,division
kleist,Kleist
fuchtel,wave
schmollt,pouting
dradis,dradis
wachablösung,Changing of the guard
mineral,mineral
bewachte,guarded
ramsay,Ramsay
fischerei,fishing
verjährt,statute of limitations
zugeflüstert,whispered
einäscherung,cremation
campbells,Campbells
trapper,trapper
faseln,babble
umarm,hug
edelsten,most precious
zitronensaft,lemon juice
ottos,Otto's
kaltherzig,cold-hearted
kludd,kludd
würgegriff,chokehold
torero,bullero
patin,godmother
boa,boa
höhlenmensch,caveman
spezialistin,specialist
higgs,Higgs
geistesblitz,flash of inspiration
teasdale,teasdale
gefechte,battles
adelige,noble
unerlaubtes,unauthorized
achtsam,mindful
cube,cube
fiedel,fiddle
beschränkten,limited
frömmigkeit,piety
oregano,oregano
frenchie,frenchie
klassenraum,classroom
mathematischen,mathematical
fremdenführer,tour guide
mitläufer,follower
diamantring,diamond ring
abbricht,cancels
verkümmert,stunted
exkommuniziert,excommunicated
löschten,deleted
aussetzt,suspends
ressort,resort
animiert,animated
scheinwerferlicht,headlight
schlagermusik,Schlager music
quilty,quilty
split,split
bim,bim
cleve,cleve
mya,mya
wirkstoff,active ingredient
liegestützen,push-ups
angelrute,fishing rod
spielerin,player
erheblichen,significant
fuad,fuad
imperialismus,imperialism
rädchen,wheel
eingebüßt,lost
barone,barons
hoffnungsschimmer,glimmer of hope
protestant,Protestant
potenzieller,potential
gummizelle,rubber cell
accessoires,accessories
angeschafft,acquired
akustische,acoustic
unscheinbar,nondescript
entsetzliches,horrific
spülbecken,sink
nirrti,nirrti
rückmeldung,return message
duh,you H
mittelweg,middle ground
munro,munro
afro,afro
rubbeln,rub
schmiergelder,bribes
rudere,row
eigne,own
joep,joep
wiederzugeben,to reproduce
suspekt,suspicious
grauens,horror
malta,Malta
bumerang,boomerang
umrisse,outlines
daimon,daimon
stillwater,stillwater
zurückruft,calls back
ermittelte,determined
gerockt,rocked
klebst,stick
anlegestelle,landing stage
verbesserten,improved
abartigen,deviant
inquisitor,inquisitor
brodie,brodie
auenland,Shire
mogh,mogh
ostberlin,East Berlin
halbmond,crescent moon
geisterhaus,haunted house
paff,puff
zerstörerische,destructive
justo,justo
verleugne,deny
schlummer,slumber
darauffolgenden,subsequent
jacoby,Jacoby
hinstecken,put it away
kalifornische,Californian
festhältst,hold on
mosley,Mosley
colts,Colts
siegreichen,victorious
schiefen,slant
herbeigeführt,brought about
überragend,outstanding
idealismus,idealism
bewachten,guarded
zweifelhafte,dubious
dauerhaftes,permanent
gefühlsduselei,sentimentality
geschiedenen,divorced
dienstwagen,company car
dersu,dersu
rumgespielt,messing around
berit,berit
orca,orca
tunfisch,tuna
bilko,bilko
überspringt,skips
toleriere,tolerate
cellini,cellini
melly,melly
schwimmende,floating
ammenmärchen,old wives' tales
steigende,rising
cord,cord
leihmutter,surrogate mother
calderon,Calderon
swini,swini
einging,entered
gesundheitliche,health
geblinzelt,blinked
baelish,baelish
unpersönlich,impersonal
baumelt,dangles
stützpunkte,bases
kleeblatt,cloverleaf
blye,blye
goldenem,golden
eierkopf,egghead
raumfahrer,astronaut
xian,xian
jeremys,Jeremy's
cee,cee
pauker,teacher
schadenfroh,malicious
friedenskorps,peace corps
beauftragten,commissioned
comprende,understand
dembe,dembe
productions,productions
triebtäter,sex offender
seifenblase,soap bubble
tomek,tomek
bleichgesichter,palefaces
obstgarten,orchard
site,site
lauderdale,Lauderdale
keppler,Keppler
speicherkarte,memory card
bauchredner,ventriloquist
amandine,amandine
wikipedia,Wikipedia
giftschlange,venomous snake
kontrollier,control
comme,comme
trickbetrüger,con artists
aufzufrischen,to refresh
wortspiele,wordplay
gennaro,gennaro
herumtreibt,wandering around
widerfuhr,happened
raffinierten,sophisticated
verhilft,helps
freigehalten,kept clear
auswerfen,eject
abgetan,dismissed
dragan,Dragan
vergräbt,buried
duce,duce
beteiligte,involved
hefner,hefner
bedauerlichen,regrettable
lissi,Lissi
standpauke,dressing-down
ausreichende,sufficient
âª,✓
vorzubringen,to bring forward
tie,tie
weiberheld,womanizer
urzeiten,prehistoric times
crabtree,crabtree
laborratten,laboratory rats
laroy,laroy
beschworen,summoned
pelican,pelican
duty,duty
erdbeer,strawberry
anwerben,recruit
würger,shrike
holcroft,holcroft
analphabeten,illiterate
dogville,dogville
adoptierten,adopted
tzeitel,tzeitel
sicherheitsbereich,security area
wendungen,turns
aktives,active
stonebridge,stonebridge
scheißleben,live Shit
beschäftigten,employed
eingemauert,walled up
angelausflug,fishing trip
bärbel,Bärbel
nähten,sews
bespringen,jump
widerstanden,resisted
mene,mene
korsaren,corsairs
abruzzi,Abruzzi
geheimbund,secret society
slattery,slattery
privatflugzeug,private plane
vorhattest,you planned
tachibana,tachibana
doom,doom
verschwieg,concealed
jaffe,jaffe
blanken,blank
companion,companion
toxine,toxins
salons,salons
zauberern,magicians
osbourne,Osbourne
erweiterten,expanded
kopfverletzungen,head injuries
hanako,Hanako
festhielt,held
gebrauchsanweisung,instructions for use
verstehn,understand
gefaxt,faxed
heraushalten,stay out
subjanunder,subjanunder
rumgehen,walk around
kognitive,cognitive
vaginas,vaginas
sprengfalle,booby trap
notwendiges,necessary
aufputschmittel,stimulants
willkürliche,arbitrary
meck,meck
arren,arren
surly,surly
unbesiegbaren,invincible
händchenhalten,holding hands
südkalifornien,Southern California
aufschauen,look up
nachdrücklich,emphatically
kurzzeitgedächtnis,short-term memory
billigere,cheaper
erforsche,explore
lona,Iona
salbei,sage
winner,winner
voreingenommenheit,bias
einzutauschen,to exchange
schnurren,purr
frißt,eats
verführerin,temptress
angespannte,tense
acres,acres
quetscht,squeezes
niederzubrennen,to burn down
hineinkommen,inside
rebellischen,rebellious
übten,practiced
probeessen,tasting
loops,loops
unkonzentriert,unfocused
überreaktion,overreaction
abchecken,check
drinsteckt,inside
geologische,geological
halbjahr,half a year
bestform,best form
wegschauen,look away
verwelkt,withered
mageren,lean
orients,orients
unterstellung,assumption
pianisten,pianists
zweitrangig,secondary
mandira,mandira
bulldog,bulldog
kahle,bald
schweißen,welding
gaffen,gawking
davros,davros
schädelbruch,skull fracture
olympic,Olympic
posiert,poses
anchorage,Anchorage
céline,Céline
vesta,vesta
bestärkt,reinforced
kleiderordnung,dress code
lito,lito
schulung,training
cosby,Cosby
reingucken,Take a look
bp,bp
glockengeläut,bell ringing
auswischen,wipe
mayka,mayka
blender,blender
gasleck,gas leak
operator,operator
methodisch,methodically
züchter,breeder
verspätungen,delays
aljonuschka,alyonushka
nandu,nandu
tralala,tralala
frankies,Frankies
finnisch,Finnish
livre,book
turmuhr,tower clock
widersprichst,you contradict
corvus,corvus
chanukka,Hanukkah
lieblingssorte,favorite variety
scheißladen,shithole
hock,hock
peugeot,Peugeot
schreite,step
medisonus,medisonus
dachdecker,roofer
datteln,dates
währe,would be
nner,nner
namenlos,nameless
abbé,abbot
inhalieren,inhale
öfen,ovens
nachtausgabe,night edition
ärmelkanal,English Channel
ermutigte,encouraged
tutu,tutu
xiaowei,Xiaomi
meike,Meike
stattlichen,stately
kollektiven,collective
entlegenen,remote
amazone,Amazon
partikeln,particles
morbus,morbus
rechtsprechung,jurisprudence
abenddämmerung,dusk
muttern,mothers
beobachtungsposten,observation post
erwachsenwerden,grow up
wylie,wylie
tuba,tuba
geniest,enjoys
familienangehörige,family members
mistviecher,pests
gewackelt,wobbled
kasachstan,Kazakhstan
lägen,lie
hochrangiger,high-ranking
brantley,Brantley
kidd,kidd
aden,Aden
freiwild,free game
establishment,establishment
sitzengelassen,left sitting
pflegekind,foster child
windrichtung,wind direction
grüss,Greetings
verseuchung,contamination
hopewell,hopewell
spinnern,spinners
vorzuziehen,preferable
liliom,liliom
butt,butt
fraiser,fraiser
obelisk,obelisk
spirituelles,spiritual
byrd,byrd
ersatzreifen,spare tire
trittbrettfahrer,opportunists
mozzarella,Mozzarella
kfc,kfc
verzwickt,tricky
stinkendes,stinking
stilinski,stilinski
unverheiratete,unmarried
nerio,nerio
vierhundert,four hundred
orhan,orhan
uuh,ooh
twittern,tweet
plakaten,posters
physikalischen,physical
folterte,tortured
nyman,nyman
reingelaufen,walked in
otcho,otcho
vergreift,escalates
gründerin,founder
saurer,acidic
notte,night
hollander,Dutch
koenig,king
liberace,Liberace
suzune,suzune
bekanntgegeben,announced
lockst,attract
attention,attention
eingebildeten,imagined
kritischem,critical
laplante,laplante
panem,panem
fiesta,fiesta
dae,dae
törnt,turns you on
frühaufsteher,early bird
platzes,space
aks,aks
wichtigeren,more important
varinius,Varinius
kaffeekanne,coffee pot
wendete,turned
ritualen,ritual
perrier,Perrier
horus,Horus
gejammert,complained
kommerziell,commercially
fettnäpfchen,faux pas
sano,sano
designerin,designer
kindar,children
tödlichsten,deadliest
wiedererlangen,recover
vergangener,past
schen,schen
hexenbiest,Hexenbiest
beechum,Beechum
widersprüchlich,contradictory
sonntagsschule,Sunday school
saftladen,juice shop
supreme,supreme
abzuhören,to eavesdrop
isolierband,insulating tape
missen,miss
tweets,tweets
heteros,heterosexual
überwältigenden,overwhelming
präsentierten,presented
meerenge,strait
alucarda,alucarda
makellosen,flawless
behinderter,disabled
transportschiff,transport ship
geschäftsbeziehung,business relationship
rohit,rohit
following,following
cornelia,Cornelia
windmühlen,windmills
gefundenen,found
persönlichem,personal
shoguns,shoguns
nüchterne,sober
kack,shit
anfahren,start
edelste,finest
unerklärlichen,inexplicable
iz,iz
zehnjährigen,ten-year-old
sühne,atonement
frame,frame
prothesen,prostheses
nose,nose
prallt,bounces
parkst,park
beruhte,was based
nebels,fog
kokons,cocoons
kumi,kumi
griswold,Griswold
verspotte,mock
fraktionen,factions
geldmittel,funds
staatliches,state
möbelstück,piece of furniture
gerissenen,cunning
sidao,sidao
selbstbewusster,more self-confident
führungsqualitäten,leadership qualities
geologen,geologists
schuhcreme,shoe cream
carney,carney
humorvoll,humorous
abschaltung,shutdown
sonntage,Sundays
mcclintock,mcclintock
bewunderten,admired
pryor,pryor
pulsar,pulsar
hochzuheben,to lift
friedl,Friedl
cosel,cosel
memmen,cowards
mecker,complain
kindheitserinnerungen,childhood memories
eindeutiger,unambiguous
herztransplantation,heart transplant
südpazifik,South Pacific
ruhmes,fame
precrime,precrime
sackgassen,dead ends
verknackt,convicted
fehlfunktionen,malfunctions
ulysses,Ulysses
immobiliengeschäft,real estate business
holzkohle,charcoal
zehnfache,ten times
mckinney,McKinney
wilke,wilke
gekitzelt,tickled
empfindlicher,sensitive
jurassic,Jurassic
bouquet,bouquet
manheim,manheim
widersprüchliche,contradictory
ohje,Oh dear
unbenutzt,unused
anrechnen,credit
umsiedlung,relocation
azman,Azman
snoopy,Snoopy
erlebnissen,experiences
gazette,gazette
arlena,arlena
schottlands,Scotland's
aussehens,appearance
sors,sors
auszukennen,to know
reitern,riders
latham,Latham
bälger,brats
sonstigen,other
finnische,Finnish
bekämpfst,fight
judys,Judy's
liams,liams
schläfen,sleep
testlauf,test run
weltbeste,world's best
rosine,raisin
thesi,thesis
packer,packer
dolby,dolby
wtc,wtc
vanja,vanja
salamanca,Salamanca
latour,latour
erholst,recover
plünderung,plunder
verputzt,plastered
silbernes,silver
craigslist,craigslist
legs,legs
schmerzenslaute,cries of pain
bulldogge,bulldog
rätsels,puzzle
enthielten,contained
feuertreppe,fire escape
mephisto,Mephistopheles
tippfehler,typo
laertes,laertes
außenhülle,outer shell
fema,fema
breitseite,broadside
haariger,hairy
öle,oils
wit,wit
lockert,loosens
lehrmeister,instructor
bedrohliches,threatening
eizellen,ova
fossilien,fossils
irs,irs
cujo,cujo
ledda,ledda
brüten,incubate
glendon,Glendon
oberfeldwebel,sergeant
eintragung,registration
auszuleben,to live out
kühnsten,boldest
gonzalez,gonzalez
bunting,bunting
fortlaufend,ongoing
desertieren,desert
lagereinheit,storage unit
losreißen,tear away
menopause,menopause
zersetzen,decompose
indiskretion,indiscretion
diktiere,dictate
schamhaar,pubic hair
cs,cs
bukowski,Bukowski
persephone,Persephone
revidieren,revise
efeu,ivy
bindest,bind
gemachten,made
ladenschluss,store closing
irrtümlich,mistakenly
aufrufe,views
mance,mance
remington,Remington
sommercamp,summer camp
herzrasen,racing heart
culpa,culpa
zusammenwohnen,living together
okita,Okita
dicksten,thickest
malcom,Malcolm
einlage,insert
stirling,Stirling
meckerst,you complain
quellcode,source code
quantenphysik,quantum physics
aufgekratzt,excited
berufliches,professional
convenio,convention
farley,Farley
brig,brig
vixen,vixen
verwirrst,confuses
eingeräumt,granted
feinschmecker,gourmet
funf,five
aktenkundig,documented
verdammtnochmal,damn it
lachnummer,laughingstock
blutzellen,blood cells
ausschusses,committee
shumway,Shumway
blödheit,stupidity
noren,noren
tischtuch,tablecloth
bracht,brought
julietta,Julietta
fliegeralarm,air raid alarm
bachelor,bachelor
spaziere,walk
beschützten,protected
rundes,round
weiteratmen,Keep breathing
anführern,leaders
weiterverfolgen,continue
auseinanderhalten,distinguish
lieblingsgericht,favorite dish
durchgekaut,chewed over
bündig,flush
aksel,Aksel
verwitwet,widowed
daytona,Daytona
davonzukommen,to escape
aula,lecture hall
liegenden,lying
taktgefühl,sense of tact
siri,Siri
favoritin,favorite
rigel,rigel
farraday,farraday
straßburg,Strasbourg
daenerys,Daenerys
behausung,habitation
tietou,tietou
vanderbilt,vanderbilt
fife,fife
tunichtgut,good-for-nothing
asiatischer,Asian
exterminieren,exterminate
eisbeutel,ice pack
playoffs,playoffs
receiver,receiver
gehirnwellen,brainwaves
mikami,mikami
boni,bonuses
schlüssels,key
abfliegen,depart
bewilligung,approval
bixby,bixby
verbannte,exiled
soleil,soleil
hafenmeister,harbor master
klassik,classical
norwich,Norwich
reingeschaut,I looked inside
anfängen,begin
besudeln,defile
sonderbarer,peculiar
nates,nates
redlichkeit,honesty
durchdrehst,go crazy
pfaden,paths
clinch,clinch
kentern,capsize
paraden,parades
consuelo,consuelo
hyun,hyun
nächstbeste,next best
stabilisatoren,stabilizers
konfus,confused
naturgesetz,natural law
camomile,chamomile
spaghettifresser,spaghetti eaters
wellesley,Wellesley
nirgendswo,nowhere
vorbote,harbinger
berk,Berk
umgänglich,easygoing
rinne,gutter
nisse,nisse
rosebud,rosebud
prokurator,procurator
tobys,toby's
furchtlose,fearless
schlechteren,worse
petronius,Petronius
zusammentreiben,gather
oswin,Oswin
katholischer,Catholic
friedensgespräche,peace talks
vichy,Vichy
toomy,toomy
aktionären,shareholders
zöpfen,braids
schönheitskönigin,beauty queen
knattert,rattles
sanftmütig,gentle
tuna,tuna
sickert,seeps
anhängsel,appendage
esser,eater
birdy,birdy
gelyncht,lynched
eingerissen,torn
bärtige,bearded
buñuel,Buñuel
passé,passé
gefaßt,composed
losfliegen,take off
anklageschrift,indictment
zugfahrt,train journey
dynamisch,dynamic
fahrstunden,driving lessons
anstrich,painting
ausgeladen,unloaded
besessene,possessed
newtons,Newton's
hazzard,hazzard
einsetzten,use
pixel,pixel
jarrett,Jarrett
quiche,quiche
schuldspruch,guilty verdict
fremen,strangers
parish,parish
magazins,magazines
drohend,threatening
lilah,lilac
zufälliges,random
mägde,maids
mahagoni,mahogany
knackis,knackis
muffit,muffit
arastoo,arastoo
scharfschützengewehr,sniper rifle
militärakademie,military academy
leihgabe,loan
hartem,hard
verantwortlichkeit,responsibility
eingehüllt,wrapped
stoke,stoke
abgesoffen,drowned
rauchten,smoked
reverse,reverse
gelage,feast
zündkerzen,spark plugs
sutphin,Sutphin
viertelmeile,quarter mile
wohlgefühlt,felt good
niedergemacht,destroyed
rasenden,furious
sommerzeit,summer time
abflussrohr,drainpipe
emory,emory
bimmeln,ringing
schulbildung,education
jlm,jlm
gequirlte,whisked
einkassiert,collected
pädophile,pedophile
geweitet,widened
überschreite,exceed
verweichlicht,effeminate
steifer,stiffer
julchen,Julchen
horvath,Horvath
lebenspartner,life partner
aufschneider,show-off
jemaine,jemaine
schiießiich,shooting
fristen,deadlines
dealst,dealst
selden,selden
burnie,burnie
sicherheitsabteilung,security department
anpflanzen,plant
cyper,cyber
gurney,Gurney
mütterlich,maternal
staubigen,dusty
bedürftige,needy
hirnstamm,brainstem
weltalls,universe
margery,margery
gespickt,studded
bemuttern,mother
bestechlich,bribable
cherbourg,Cherbourg
fortgelaufen,ran away
landgut,estate
umkehrung,reversal
überflogen,skimmed
latina,Latina
bongo,bongo
verantwortungen,responsibilities
arbeitsbedingungen,working conditions
einzutreiben,to collect
beeinflusste,influenced
jimenez,Jimenez
lean,lean
zellengenosse,cellmate
alak,alak
hogarth,Hogarth
oer,oer
aufwühlende,disturbing
vivaldi,Vivaldi
cobblepot,cobblepot
heiligste,holiest
freibier,free beer
betrinke,get drunk
unglücks,misfortune
fischfutter,fish food
kollektive,collective
einprägen,memorize
gruppensex,group sex
hausieren,peddling
saubergemacht,cleaned
fluchtgefahr,risk of flight
gens,gens
huf,hoof
büchsen,cans
martel,martel
judäa,Judaea
bübchen,boy
sternenstaub,stardust
krabat,Krabat
schummler,cheater
vargo,vargo
keri,keri
führend,leading
fahrschule,driving school
formte,formed
independence,independence
winona,Winona
hilfskraft,assistant
garbo,garbo
danner,thener
ausgeschnitten,cut out
wampe,belly
stew,stew
ausgeteilt,distributed
matador,matador
geteilte,shared
sed,sed
zaina,Zaina
bower,bower
klemmte,jammed
schlafentzug,sleep deprivation
tröstete,comforted
subjekte,subjects
baff,baff
omphale,omphale
richtigem,correct
fahrzeugschein,vehicle registration document
misslungen,failed
bürgschaft,guarantee
ant,ant
flügen,flights
watchtower,watchtower
glasauge,glass eye
ortszeit,local time
erotischer,erotic
ergreif,seize
ausblenden,hide
lucian,Lucian
aktenschrank,filing cabinet
anhörungen,hearings
wandelndes,walking
communicator,communicator
neary,neary
viertels,quarter
cath,Cath
atreju,atreju
kribbelig,tingly
matti,matti
marcels,Marcel's
beckmann,beckmann
rosengarten,rose garden
vogelhaus,birdhouse
beeman,beeman
landau,Landau
globalisierung,globalization
zander,zander
hanf,hemp
kajak,kayak
privatparty,private party
verhätschelt,pampered
sommerschule,summer school
reibung,friction
machtkampf,power struggle
pakistanischen,Pakistani
lustvoll,pleasurable
kleinerer,smaller
großherzig,generous
vergrub,buried
strähne,strand
allerliebst,Absolutely adorable
umsätze,sales
puderzucker,powdered sugar
scheuklappen,blinkers
schädeldecke,skullcap
jinsung,Jinsung
würzig,spicy
heimgebracht,brought home
käm,came
cardassianisches,Cardassian
xing,xing
holographischen,holographic
berufungsgericht,appeals court
körperteilen,body parts
variieren,vary
konditorschule,pastry school
aubergine,aubergine
kursieren,circulate
ruhmreiche,glorious
energiequellen,energy sources
midori,midori
shhh,shhh
ausfallend,abusive
daren,dares
til,til
belastungsstörung,stress disorder
shiori,shiori
vorherzusagen,to predict
severus,Severus
aarons,aarons
gezwitschert,tweeted
florès,florès
denunzieren,denounce
schwärmerei,infatuation
pflückt,picks
concorde,Concorde
südkorea,South Korea
auseinandergerissen,torn apart
audra,audra
bedecke,cover
einsacken,bag
bless,bless
bögen,bows
stinkefinger,middle finger
berthier,Berthier
anriefst,you called
erzeuger,producer
linor,linor
überdeckt,covered
unzivilisiert,uncivilized
lota,lota
shibuya,Shibuya
erstrahlt,shines
gita,gita
sonora,sonora
vorzeitigen,premature
bioroiden,bioroids
seltenheit,rarity
unbequeme,uncomfortable
bluthunde,bloodhounds
bolivar,Bolivar
niederschlag,precipitation
fanfan,fanfan
murrow,Murrow
knapper,narrower
leyasu,leyasu
schwejk,Schwejk
gros,large
mensa,cafeteria
vorbeischicken,send by
vollmachten,powers of attorney
versengt,scorched
zurückfällt,falls back
lindholm,Lindholm
herzinfarkte,heart attacks
cardassianischer,Cardassian
chaotische,chaotic
carlas,carlas
soundtrack,soundtrack
geröntgt,x-rayed
notdienst,emergency service
scanlon,scanlon
viehzüchter,rancher
ansteigen,increase
plummer,plummer
bänke,benches
intendant,intendant
lauffeuer,wildfire
abzuschlagen,to strike
leguan,iguana
jost,jost
lesh,lesh
netzhaut,retina
entweicht,escapes
verhätscheln,pamper
railroad,railroad
intervenieren,intervene
steigenden,rising
rhetorisch,rhetorical
nomura,nomura
hundemüde,dog tired
saba,saba
hintergehst,you betray
offensichtlicher,obvious
martigues,martigues
siezen,formal address
tobacco,tobacco
sopran,soprano
bersten,burst
befreundeten,friendly
neuengland,New England
kamil,Kamil
wiedersiehst,see again
nachschenken,refill
umgehungsstraße,bypass
ankotzt,disgusts
aktaion,action
kolima,kolima
gutherzig,kindhearted
unbefugt,unauthorized
überrasch,surprising
kaliforniens,California's
geborenen,born
bezirken,districts
sonderling,eccentric
verweigerst,refuse
landesweiten,nationwide
gorgoniten,gorgonites
klapperschlangen,rattlesnakes
chelle,chelle
langstreckensensoren,long-range sensors
waldrand,edge of the forest
eigenwillig,eccentric
kirchenchor,church choir
herumtragen,carry around
research,research
irakische,Iraqi
rockige,rock
sandkorn,grain of sand
beatmung,ventilation
ungezogene,naughty
geschähe,would happen
sammele,collect
zapatti,zapatti
shara,shara
neils,Neils
santini,santini
theory,theory
aussortiert,sorted out
ministeriums,ministry
arschgeigen,assholes
verschränken,interlock
wiederbringen,recover
fußballmannschaft,football team
collé,collé
gowan,gowan
masten,masts
voraussicht,forecast
rough,rough
sonstwas,else
tagchen,Hi
gekaut,chewed
aufgefasst,perceived
bemessen,measure
gültigen,valid
streikbrecher,strikebreaker
verscharrt,buried
krebsgeschwür,cancerous tumor
leitstelle,control center
carcetti,carcetti
cuervo,cuervo
gleiter,glider
kartentricks,card tricks
mmmm,mmmm
pakistanische,Pakistani
vallejo,Vallejo
famiiie,famiiie
kotzte,vomited
wohltätigkeitsorganisation,charity
sweater,sweater
theron,theron
zuschreiben,attribute
allo,hello
stepptanz,tap dance
cocchi,cocchi
zersetzung,decomposition
menni,menni
miststücke,bastards
strasser,Strasser
masseria,masseria
hinkam,came
magenverstimmung,upset stomach
baltars,baltars
sanduhr,hourglass
legitimen,legitimate
guang,guang
buisson,business
zyankali,cyanide
übersinnlich,psychic
einser,number one
unkontrolliert,uncontrolled
verfeinert,refined
hooters,Hooters
privatklinik,private clinic
kirsch,cherry
verantwortungsvolle,responsible
bammel,jitters
lemalian,lemalian
valle,valley
annalen,annals
counselor,counselor
hausierer,peddler
einfachem,simple
pennies,pennies
entlohnt,paid
verfeinern,refine
nachzustellen,to recreate
hotte,hotte
hoheitsgebiet,sovereign territory
nasenlöcher,nostrils
pullman,Pullman
rhythmisch,rhythmical
lokalisiere,locate
hedwig,Hedwig
allyson,allyson
knietief,knee-deep
zitierst,quote
austauschbar,interchangeable
segelst,sail
amo,amo
lillebror,lillebror
akuten,acute
lehrstuhl,chair
downs,downs
zurückgibt,returns
bergsteigen,mountaineering
sonett,sonnet
xiangyang,Xiangyang
blitzschlag,lightning strike
kassim,Kassim
faselt,rambles
hochspannung,high voltage
verrücktheiten,Madnesses
agustina,Augustina
saïd,saïd
wacklig,shaky
weltliche,secular
reservisten,reservists
schlummertrunk,nightcap
vertreterin,representative
traditioneller,traditional
auber,auber
sp,sp
ausharren,persevere
maximalen,maximum
verlockung,enticement
meal,meal
aufeinandertreffen,meet
tigern,tigers
unterdrücktes,suppressed
dienstleistung,service
golde,gold
bedauernswerte,regrettable
campo,campo
strangulation,strangulation
rotten,rotten
menschenmengen,crowds
endzone,endzone
riches,riches
rallye,rally
ankleiden,dress
fälschlich,erroneously
serbische,Serbian
pu,pu
kohinoor,kohinoor
widerspenstig,rebellious
überlasten,overload
dämonenjägerin,demon hunter
fehlschlägt,fails
geisterbahn,haunted house
zweiundzwanzig,twenty-two
fuchsbau,fox den
traubensaft,grape juice
süßstoff,sweetener
voranzukommen,to make progress
flashen,flashing
twa,twa
katastrophalen,catastrophic
gegenseitiges,mutual
haushaltshilfe,household help
grüssen,greet
nordöstlich,northeast
äxte,axes
strümpfen,stockings
onda,onda
lebkuchen,gingerbread
hel,hel
glorreich,glorious
jimena,Jimena
igen,igen
heizer,heater
ketamin,ketamine
zusammenarbeite,collaborate
gusteau,gusteau
schuyler,Schuyler
anabelle,Annabelle
hanley,Hanley
proleten,proletarians
reinkriegen,get it in
anno,anno
unschlüssig,undecided
commodus,commodus
boarding,boarding
montieren,assemble
schlappe,limp
ansichtssache,It's a matter of opinion.
mccoys,McCoy's
pfuschen,botch
heimzukommen,to come home
furchtlosen,fearless
nachspionieren,spying
doofer,stupid
bläschen,bubbles
cowboyhut,cowboy hat
abzuwaschen,to wash
gladstone,gladstone
tüchtigen,capable
sopranos,sopranos
vasser,water
commissario,commissario
terrors,terror
zoes,zoes
happo,happo
spielende,playing
lulù,lulù
flints,flints
lamas,llamas
verträumt,dreamy
bewährungshelferin,probation officer
umgesiedelt,relocated
hôtel,hotel
heit,day
unbewaffnete,unarmed
terpentin,turpentine
uzi,Uzi
macchiato,macchiato
aufkommt,arises
couture,couture
hydranten,hydrants
zugedreht,turned off
hilfloses,helpless
stadträte,city ​​councilors
gequälte,tormented
beweismitteln,evidence
anhöre,listen
wellness,wellness
wohnungstür,apartment door
beherrschten,mastered
sprint,sprint
haftbar,liable
varieté,vaudeville
überwachten,monitored
rüberkommt,comes across
vergewaltigten,raped
unerträglichen,unbearable
negern,negers
umworben,courted
abnormal,abnormal
belastendes,stressful
lizenzen,licenses
frivol,frivolous
herumgetrieben,wandering around
unehelichen,illegitimate
vermachen,bequeath
incorporated,incorporated
oy,oy
abzuschrecken,to deter
mendax,mendax
ergebene,devoted
sanborn,Sanborn
sättigung,saturation
hochzujagen,to blow up
satomi,satomi
liebreizende,lovely
kohlkopf,cabbage
sturzbesoffen,dead drunk
kala,kala
biegler,biegler
geblockt,blocked
showdown,showdown
ausflippt,freaked out
fruchtsaft,fruit juice
tura,tura
bundesrichter,federal judge
hinkomme,how to get there
begriffsstutzig,slow to understand
bewohnen,occupancy
paares,pair
sturzbetrunken,dead drunk
bodenständig,down-to-earth
herausgezogen,pulled out
geologe,geologist
hirnlose,brainless
reinhardt,Reinhardt
weltbank,World Bank
mirror,mirror
schnüffle,sniff
unterführung,underpass
dienstfrei,off duty
unterton,undertone
lehrbücher,textbooks
schnapsidee,crazy idea
prosper,prosper
rainey,rainey
feuerprobe,trial by fire
administration,administration
grössere,larger
auslagen,expenses
überliefert,handed down
firmenwagen,company car
nachmittage,afternoons
zakalwe,zakalwe
abschneide,cut off
phibes,phibes
trilogie,trilogy
jihad,jihad
mascara,mascara
pants,pants
traumatischen,traumatic
thorson,Thorson
bresche,breach
spe,spe
waagerecht,horizontal
grayer,grayer
abnahm,weight loss
tanners,tanners
loving,loving
türschloss,door lock
tutti,tutti
lins,left
chadwick,Chadwick
junk,junk
ehrlichste,most honest
tala,tala
aufenthaltsgenehmigung,residence permit
förderer,sponsors
signaturen,signatures
zapata,zapata
badest,badest
tintin,tintin
totò,totò
serpico,serpico
brings,brings
fremdem,foreign
fauna,fauna
poste,post
skunk,skunk
furchterregende,terrifying
bestimmtheit,certainty
aladin,aladdin
vorzulegen,to submit
pumps,pumps
schmerzhaften,painful
koldo,koldo
apfelbaum,apple tree
krabbenburger,crab burger
verschwenderisch,wasteful
plackerei,drudgery
nagetier,rodent
endergebnis,final result
respektabel,respectable
belastungen,loads
baggy,baggy
abgeflogen,departed
längeres,longer
schreienden,screaming
dang,dang
rostige,rusty
kreuzkamm,cross-comb
picknicks,picnics
schieber,slider
sanna,Sanna
wechseljahre,menopause
rausgerannt,ran out
hufgetrappel,hoofbeats
unbeweglich,immobile
siren,siren
afghanischen,Afghan
wainwright,Wainwright
hollister,Hollister
marky,marky
uneingeladen,uninvited
beinchen,little legs
vordrängeln,queue jumping
spottet,mocks
potsdam,Potsdam
ü,ü
geistergeschichten,ghost stories
morgendliche,morning
vadim,Vadim
verschwitzten,sweaty
traudl,Traudl
facharzt,specialist
verkehrs,traffic
keisha,keisha
gaunt,gaunt
tipptopp,tip-top
verkriecht,hides
vögle,birds
benzinkanister,petrol can
anagramm,anagram
üppigen,lush
pasquale,Pasquale
geschehn,happened
ulmer,Ulm
vernichteten,destroyed
handfeuerwaffen,handguns
hubschraubern,helicopters
marly,marly
hodensack,scrotum
symmetrisch,symmetrical
explizit,explicit
abgefuckte,fucked up
dämpfungsfeld,damping field
skyline,skyline
tish,table
schweigeminute,minute of silence
zurückgibst,return
beekman,beekman
ausgewachsenen,fully grown
karthago,Carthage
verschulden,fault
ertrinkst,drown
lanes,lanes
marktes,market
metin,Metin
bricks,bricks
butterfield,butterfield
freiberuflich,freelance
thors,Thor's
praktisches,practical
schwerfällt,is difficult
aufkriegen,get it open
caymans,Cayman Islands
triumphe,triumphs
ausgedehnt,extended
faulkner,faulkner
ruckzuck,in a jiffy
tanzpartner,dance partner
wave,wave
thermoskanne,thermos flask
whyte,whyte
zina,zina
hochzeitsmarsch,wedding march
joschka,Joschka
animalische,animal
silk,silk
kästen,boxes
watergate,Watergate
umrühren,stir
arrondissement,arrondissement
ausflippst,freaks out
fbis,fbis
chemical,chemical
schokoladen,chocolates
rebellisch,rebellious
diensthabende,on duty
durchzumachen,to go through
märkten,markets
verfeindet,hostile
lowenstein,Lowenstein
orléans,Orleans
yagyu,yagyu
prüften,checked
sloans,sloans
ruanda,Rwanda
intro,intro
suliban,suliban
kalibrieren,calibrate
schliesse,close
obelisken,obelisks
buddhisten,Buddhists
angeschwemmt,washed ashore
nervöses,nervous
misstraue,distrust
verspottest,mock
milla,milla
kugelfisch,pufferfish
cybil,cybil
gerückt,moved
gehorchte,obeyed
kens,kens
ergreifst,seize
temperance,temperance
befruchtet,fertilized
schrittmacher,pacemaker
jugendfreund,childhood friend
dienstschluss,End of service
pokale,trophies
lolli,lolli
bodenlose,bottomless
hinzufahren,go there
zugestanden,admitted
jacek,jacek
happening,happening
observierung,observation
putzfrauen,cleaning ladies
gehütet,guarded
gaspar,gaspar
mals,times
autobiografie,autobiography
solarium,solarium
werkzeugen,tools
erfassung,recording
mittelschicht,middle class
warfst,threw
einstufen,classify
umgab,surrounded
fahrscheine,tickets
vermint,mined
torkeln,stagger
bucks,bucks
abgestritten,denied
transceiver,transceiver
lothringen,Lorraine
pow,pow
flynns,Flynn's
doubtfire,doubtfire
torrez,Torrez
angreifst,attack
botanik,botany
vampirismus,vampirism
dekadenz,decadence
abgewartet,waited
erschrak,was startled
geentert,boarded
sümmchen,small sum
väterliche,paternal
leckie,Leckie
reanimation,resuscitation
rauferei,brawl
verweigerung,refusal
familiensache,family matter
roque,roque
forschungszentrum,research center
delancey,delancey
konstitution,constitution
blackwater,blackwater
entzündete,inflamed
henkersmahlzeit,last meal
wegfährt,drives away
tomahawk,tomahawk
waltraud,Waltraud
sticken,embroider
vorstands,board
owari,owari
meinhardis,meinhardis
aufweist,exhibits
droben,up
häuptlings,chieftain
zutage,to light
widerstandsbewegung,resistance movement
verneigt,bows
verneint,denied
quiero,quiero
besprechungsraum,meeting room
purdy,purdy
richelieu,richelieu
peitscht,whips
bullauge,porthole
blumenmädchen,flower girl
geräuschvoll,noisy
schockwelle,shockwave
erickson,Erickson
auflisten,list
goldschatz,gold treasure
schnarche,snoring
persische,Persian
auswärtigen,foreign
weitergegangen,continued
queer,queer
assen,eats
luftfahrt,aviation
jämmerliches,miserable
anbinden,tie
gekritzel,doodle
schrubbe,scrub
knife,knife
schmerzenslaut,cry of pain
störend,disturbing
gegrilltes,grilled
seppuku,seppuku
erfreuliches,pleasing
glaubwürdiger,more credible
spoelman,Spoelman
fernsehens,television
verneige,bow
kooperierst,do you cooperate
wachten,woke
zaubert,conjures
auflockern,loosen up
durchschnitten,average
käufern,buyers
heizkörper,radiator
fortbestehen,continue
durchzusehen,to review
überdecken,cover up
warriner,warriner
täuschungen,deceptions
wiedererkennt,recognizes
alexi,alexi
leibarzt,personal physician
homes,homes
notstrom,emergency power
begründete,justified
geklagt,sued
chainsaw,chainsaw
corrasco,corrasco
backstein,brick
kriegsverletzung,war injury
flecke,stains
skaten,skating
warnten,warned
hauslehrer,private tutor
mixt,mix
weltberühmten,world-famous
knerten,knerten
vorletzten,penultimate
intimes,intimate
präsentierteller,presentation plate
beharrt,insists
feldflasche,canteen
sideshow,sideshow
leibhaftige,real
hauptfeldwebel,sergeant major
plantagen,plantations
breakers,breakers
käfern,beetles
gitte,Gitte
ziegelsteine,bricks
fürcht,fear
schwächeanfall,fainting spell
brauchbaren,usable
kerne,kernels
math,math
dhs,dhs
kitts,kitts
wagten,dared
pignon,pignon
collar,collar
greenwood,greenwood
promille,per mille
tiefgang,depth
enteignet,expropriated
gefälschter,fake
zehe,toe
rer,rer
einmische,mix
psychotherapie,psychotherapy
cumberland,Cumberland
leichteren,lighter
rushmore,Rushmore
walid,walid
unbefleckten,immaculate
creative,creative
tötens,killing
eisenbahner,railway worker
mimen,mime
übermannt,overpowered
beisst,bites
entzückender,delightful
tianci,tianci
bataillons,battalions
überstehst,survive
abzuweisen,to reject
fliegerei,aviation
huck,huck
lebhaften,lively
loved,loved
überlagert,overlaid
reinsehen,Take a look
physisches,physical
standhält,withstands
rollschuhe,roller skates
mordserie,murder series
schmerzliche,painful
spieltest,played
mehdi,Mehdi
gegenüberliegenden,opposite
schuldigung,apology
rangeht,approach
geklammert,clamped
wants,wants
freundschaftlichen,friendly
längengrad,longitude
strampeln,pedaling
gangsterboss,gangster boss
pfennige,pennies
eigennutz,self-interest
friedhelm,Friedhelm
dreifaltigkeit,Trinity
angestrengte,strained
jb,jb
persson,person
ausläuft,expires
multimillionär,multimillionaire
hoi,Hi
lächel,smile
drankommen,get your turn
hinge,hinge
jalta,Yalta
handabdruck,handprint
dichters,poet
eingeprägt,imprinted
abahachi,abahachi
gert,gert
gestrüpp,scrub
charmantes,charming
scharlach,scarlet
funkelnden,sparkling
lebhafter,lively
derry,derry
feuchtes,damp
looping,looping
galba,galba
informativ,informative
zugangskarte,access card
abnimmst,you lose weight
everly,everly
fahrlehrer,driving instructor
insassin,inmate
addiert,add
vorweg,first of all
umlege,to
thessaloniki,Thessaloniki
gesponnen,spun
kompressor,compressor
feelin,feelin
entchen,duckling
zusammennehmen,combine
caddie,Caddie
ersehnte,longed-for
lobbyisten,lobbyists
mohamed,Mohammed
wegnimmst,take away
fertigte,manufactured
aufträgen,orders
grasen,graze
kracklite,kracklite
miep,meep
einzuschließen,to include
zündest,ignite
honor,honor
astronom,astronomer
zweitklassigen,second-class
aufgekommen,emerged
schwindsucht,consumption
schauspielunterricht,acting lessons
samantharichter,Samantharichter
weltraumstation,space station
bancroft,Bancroft
kleiderbügel,clothes hanger
laughing,laughing
leprechaun,leprechaun
goldesel,golden goose
raushole,I'll get
peppy,Peppy
raussuchen,pick
talan,talan
rituals,rituals
schulklingel,school bell
harmonika,harmonica
retsudo,retsudo
mentalist,mentalist
handa,handa
klassifiziert,classified
bewegliche,movable
tauchgang,dive
beba,beba
narzissen,daffodils
geiselnehmer,hostage takers
delegierte,delegated
kitzelig,ticklish
elk,elk
organspender,organ donor
frampton,frampton
lauri,lauri
storniert,canceled
hypochonder,hypochondriac
kammerzofe,chambermaid
süßem,sweet
funksignal,radio signal
brainstorming,brainstorming
erschießung,shooting
europäischer,European
wohlan,well then
börsengang,IPO
macaulay,Macaulay
anti,anti
fächern,fan
gemeinwohl,common good
doktorin,doctor
hineingegangen,went inside
fehlendes,missing
schaurig,creepy
raubst,rob
kaffees,coffees
sachiko,sachiko
kazuo,Kazuo
enrica,enrica
zivilisierter,civilized
aniki,aniki
haze,haze
streisand,Streisand
gliedern,structure
autumn,autumn
wegholen,remove
gelegentliche,occasional
plo,plo
informationsquelle,source of information
fototermin,photo shoot
einreisen,enter
abzurechnen,to be settled
wiedergabe,reproduction
farbton,shade
daly,daily
schallwellen,sound waves
irgendeins,any
staatsmann,statesman
abschätzen,estimate
horns,horns
durcheinandergebracht,confused
boardwalk,boardwalk
führerin,female leader
begrab,bury
frittierte,deep-fried
methylamin,methylamine
alkmene,alkmene
missliche,unfortunate
fritze,Fritze
beschütz,protect
buxton,buxton
unsichere,uncertain
unbewusste,unconscious
stebbi,stebbi
büschel,tuft
strongman,strongman
gehirnaktivität,brain activity
bäche,streams
zusetzen,add
augenblicks,moment
sühnen,atonement
mud,mud
nachvollziehbar,understandable
freigelegt,exposed
glücksrad,wheel of fortune
picknicken,picnic
doofes,stupid
sheffield,Sheffield
gaspard,gaspard
seesack,duffel bag
tanzstunden,dance lessons
schlanken,slim
heuern,hire
din,din
inhaliert,inhaled
narzissmus,narcissism
brentwood,Brentwood
missetaten,misdeeds
clock,clock
vorzeichen,sign
nanotechnologie,nanotechnology
miyabe,miyabe
satire,satire
richtigstellen,correct
süsses,sweet
sho,sho
geplänkel,banter
schulausflug,school trip
rieb,rubbed
kirchner,Kirchner
linderung,relief
kriegsherr,warlord
laude,laude
wundermittel,miracle cure
hierbleibe,stay here
milchpulver,milk powder
barrie,barrie
mutierten,mutated
erwählte,chosen
kerben,notches
organisator,organizer
illustrierte,illustrated
lebenslinie,lifeline
arbeitserlaubnis,work permit
hoelle,hell
haskell,Haskell
beschieden,decided
hotzenplotz,hotzenplotz
ereignen,happen
törichter,foolish
strukturiert,structured
leichenstarre,Rigor mortis
forsythe,forsythe
epileptiker,epileptic
beantwortete,answered
hayworth,hayworth
zugemauert,bricked up
fehlerhaften,faulty
hl,hl
geologie,geology
gerty,Gerty
sadistische,sadistic
subtiler,subtle
cards,cards
verdreschen,beat up
ausreisen,depart
dreyfuss,Dreyfus
beliebtes,popular
müllschlucker,garbage swallower
ignoranten,ignorant
wine,wine
telefonierten,phoned
philibert,Philibert
nachgucken,check
loswirst,get rid of
sicherheitsoffizier,security officer
erdrücken,crush
thurman,Thurman
oktavian,Octavian
hie,here
verkompliziert,complicated
panthers,panthers
stiefbruder,stepbrother
futurama,futurama
belmont,Belmont
krankenbett,hospital bed
unbestreitbar,undeniably
melba,melba
chapel,chapel
macleod,macleod
lagos,Lagos
überhäuft,overflowing
aufbricht,departs
entwirren,unravel
schwerelos,weightless
rahim,Rahim
beschaff,procure
trällert,trills
ene,ene
strömte,flowed
enkelkindern,grandchildren
darko,darko
griesgrämig,grumpy
gestellten,posed
fotokopien,photocopies
shigeki,shigeki
würfe,throws
angehäuft,accumulated
roher,raw
befreist,free
hausverwalter,property manager
genieren,embarrasse
nockerln,dumplings
masterson,masterson
fever,fever
verfilmt,filmed
morland,morland
broome,broome
beiboot,dinghy
nirwana,nirvana
mutmaßungen,speculations
iraker,Iraqis
nuklear,nuclear
chianti,Chianti
kant,Kant
zielscheiben,targets
fotografisches,photographic
gespenstisch,spooky
type,type
boucher,boucher
versicherungsbetrug,insurance fraud
heads,heads
bluetooth,Bluetooth
vorzuspielen,to play
mohan,mohan
outside,outside
gereift,matured
toros,toros
achillesferse,Achilles heel
schnurbart,mustache
authentische,authentic
borge,borrow
rücksichtsloser,ruthless
langfristigen,long-term
qohen,qohen
tapeten,wallpaper
gegebenheiten,circumstances
polizeidienst,police service
zurückbekomme,get back
cagney,Cagney
zerteilt,divided
geishas,geishas
uneingeschränkte,unrestricted
komtess,countess
muslimischen,Muslim
bekleidung,clothing
bevölkern,populate
schwindelgefühl,dizziness
nid,nid
schlaflos,sleepless
freitagnacht,Friday night
valjean,valjean
flexibilität,flexibility
aimee,aimee
uneheliche,illegitimate
zwinker,wink
ankurbeln,boost
tupfen,dab
grogan,grogan
volkszählung,census
rettungssanitäter,paramedic
akustik,acoustics
lateiner,Latin
unwohlsein,malaise
payton,payton
fotogen,photogenic
tins,tins
mailer,mailer
doppler,Doppler
herumfliegen,flying around
aufgespart,saved
ng,ng
scampolo,scampolo
folgendem,the following
bezaubern,enchant
herausragend,outstanding
heiligem,holy
gelistet,listed
mijo,mijo
sombrero,sombrero
aufhebt,cancels
einhaltung,compliance
mech,mech
quetschungen,bruises
stegman,Stegman
zuführen,supply
bärenhunger,ravenous hunger
florin,florin
vorprogrammiert,pre-programmed
glückspilze,lucky people
centipede,centipede
reina,Reina
soir,evening
vereinbare,agree
bezirksgericht,district court
erkenntnissen,findings
sabber,drool
schlafzimmerfenster,bedroom window
volksmusik,folk music
karan,Karan
wohltätigen,charitable
gehenlassen,let go
recyceln,recycle
czaka,czaka
buckligen,hunchbacked
zurückzukriegen,to get it back
fortschicken,send away
schimmert,shimmers
posttraumatische,post-traumatic
dressiert,trained
vii,vii
türgriff,door handle
flaemm,flame
wildfremden,complete strangers
manage,manage
horchen,listen
aufstellt,sets up
tims,Tims
frischluft,fresh air
zugeknallt,slammed shut
schnelleren,faster
vorsorge,preventive care
landgang,shore leave
rothwell,Rothwell
zunähen,sewing it up
yanni,yanni
definite,definite
serienmörders,serial killer
hideki,hideki
ausraubt,robs
kripke,Kripke
anwaltskammer,bar association
einzuschränken,to restrict
rohling,blank
ausgewandert,emigrated
senpai,senpai
antillen,Antilles
abtransportiert,removed
unverkennbar,unmistakable
dun,dun
popstar,pop star
klavierspielen,play the piano
dagur,dagur
ooiiins,ooiiins
kartells,cartels
mig,mig
schlafwandler,sleepwalkers
niederträchtigen,despicable
fiktive,fictional
sedativum,sedative
besingen,to sing about
handyempfang,mobile phone reception
beendigung,termination
rotznasen,runny noses
verdi,verdi
hingeschmissen,threw away
knorpel,cartilage
veröffentlichten,published
statistische,statistical
mitwirkung,participation
gehänge,Hanging
inland,inland
hanoi,Hanoi
drogensüchtigen,drug addicts
malm,malm
cohens,cohens
wasserleitung,water pipe
herrmann,Hermann
schamlippen,labia
nachzügler,straggler
reederei,shipping company
tar,tar
energy,energy
wandelnder,walking
sas,sas
erschütterte,shook
barkley,barkley
königsmund,King's Landing
trostlosen,bleak
maisbrot,cornbread
isla,island
sicherheitsverstoß,security breach
fungiert,functions
firewalls,firewalls
aufhetzen,incite
benning,Benning
kurzfilm,short film
lebensstandard,standard of living
tiki,tiki
nocheinmal,once again
auspusten,blow out
naumann,naumann
pakistani,Pakistani
ruhme,fame
blaubart,Bluebeard
bronchitis,bronchitis
umwerben,woo
äquivalent,equivalent
erderwärmung,global warming
geigerzähler,Geiger counter
terroristischer,terrorist
morast,morass
kumpanen,buddies
gegnerin,opponent
tyrannisiert,tyrannized
sade,sade
vitalität,vitality
hauptes,main
erddrachen,earth dragon
secnav,secnav
ergibst,yields
zins,interest
füür,for
grahams,Graham's
kublai,kublai
kennish,kennish
kopernikus,copernicus
versagens,failure
purpur,purple
aufgebrachte,agitated
angeheitert,tipsy
unbekanntem,unknown
mink,mink
monicas,Monica's
makellose,flawless
sachlage,situation
pressefreiheit,press freedom
stapelt,stacks
vertrauliches,confidential
gärtnern,gardening
hinoto,hinoto
leticia,leticia
bec,bec
minerva,Minerva
hauptschirm,main screen
tanzsaal,dance hall
spioniere,spies
farmhaus,farmhouse
photonen,photons
bedrohlicher,threatening
widersprochen,contradicted
shinsuke,shinsuke
polizistenmörder,police killer
michelles,Michelle
angepackt,tackled
erlasse,enact
muslimische,Muslim
geburtshelfer,obstetrician
krokodilen,crocodiles
gulag,gulag
gillespie,Gillespie
wallenstein,Wallenstein
gottloser,godless
verhütungsmittel,contraceptives
kumbaya,kumbaya
strychnin,strychnine
sturen,stubborn
aprikosen,apricots
verbürgen,guarantee
anzuwerben,to recruit
zuzumachen,to close
drossel,throttle
verlustes,loss
stockwerken,floors
hanzo,hanzo
einvernehmen,agreement
vorraus,ahead
ungeheuren,tremendous
dijon,Dijon
bazillus,bacillus
ungenügend,insufficient
saleh,saleh
rafi,rafi
galerien,galleries
gerrit,Gerrit
beruflicher,professional
zacharias,Zacharias
wannop,wannop
heffley,heffley
darstellern,actors
klavierstunden,piano lessons
unschätzbar,invaluable
mietfrei,rent-free
prem,premium
myspace,myspace
mookie,mookie
mater,mater
sondra,sondra
impfstoffe,vaccines
midge,midge
pork,pork
ablief,expired
verschnaufpause,breather
ocp,ocp
nachhaltigkeit,sustainability
wynn,wynn
crêpes,crêpes
leibgarde,bodyguard
elisabeths,Elisabeth's
überrollen,overrun
flitzer,speedster
abhilfe,remedy
reduziere,reduce
hollenius,hollenius
unterbewusst,subconscious
paw,paw
nagelneue,brand new
demolieren,demolish
kimmel,kimmel
ressource,resource
periskop,periscope
welken,wilt
geldscheine,banknotes
umdrehst,turn around
protonen,protons
anheuerte,hired
rumliegt,lying around
pfähle,stakes
gemixt,mixed
achtmal,eight times
räucherstäbchen,incense sticks
blogs,blogs
vanni,vanni
anpassungen,adjustments
nachzuahmen,to imitate
boykott,boycott
erkundigungen,inquiries
pädophil,pedophile
past,past
brügge,Bruges
spätschicht,late shift
hobbies,hobbies
bluts,blood
biologisches,biological
einmarsch,invasion
tonio,tonio
räuchern,smoking
ibuprofen,ibuprofen
kazumi,Kazumi
ork,orc
nautilus,nautilus
filz,felt
weggerissen,torn away
überflüssigen,superfluous
gourmet,gourmet
nobles,noble
kleidchen,dress
tabitha,Tabitha
bowler,bowler
errate,guess
pythagoras,Pythagoras
arianna,arianna
bradburn,Bradburn
fischfabrik,fish factory
diakon,deacon
schlafwagen,sleeping car
gilligan,Gilligan
familienangehörigen,family members
tyrannisieren,bullying
background,background
benützt,used
wunschliste,wish list
edelmänner,noblemen
zorniger,angry
fortgeschrittener,advanced
rémi,Rémi
sharks,sharks
beklagten,complained
erblindet,blinded
beschlagnahmung,seizure
prissy,Prissy
lutsche,suck
unlängst,recently
verschüttete,spilled
gestreiften,striped
übertönen,drown out
prinzesschen,little princess
nissen,nits
jena,Jena
menschenmassen,crowds
pilgern,pilgrimage
mickrige,meager
schärft,sharpens
kläglich,miserably
petrowitsch,petrowitsch
tatet,tatet
unklaren,unclear
könner,able
privilegierten,privileged
loslasse,let go
weltbild,worldview
offensiv,offensive
feed,feed
cohle,coal
roussel,roussel
digitales,digital
mündlichen,oral
schülerzeitung,student newspaper
gesamtheit,entirety
ciello,ciello
onnen,suns
warrior,warrior
ehrenwert,honorable
gitarrenkoffer,guitar case
schreibblockade,writer's block
yama,yama
morbius,morbius
aufwendig,elaborate
testfahrt,test drive
nachahmung,imitation
primitives,primitive
trivial,trivial
hirnloser,brainless
snickers,Snickers
susies,Susie's
lay,lay
kollaborateur,collaborator
techtelmechtel,affair
durchblutung,blood circulation
huong,huong
prospect,prospect
zurechtfinden,find your way around
zorin,Zorin
northumberland,Northumberland
nachfühlen,empathize
argyle,argyle
winkle,angle
avlynn,avlynn
ori,ori
lauteten,were
glassplitter,glass shards
störten,disturbed
radioaktives,radioactive
spaßige,fun
darian,Darian
marybeth,Marybeth
eicheln,acorns
klargestellt,clarified
totoro,totoro
augentropfen,eye drops
wichst,masturbates
meinesgleichen,my kind
christians,Christians
unwissenden,ignorant
wölfchen,wolf cub
firmament,firmament
ippolit,ippolit
ausgestoßene,outcast
auspackt,unpacks
energiestoß,energy surge
weggejagt,chased away
stonehaven,Stonehaven
faszinierte,fascinated
kanaille,scoundrel
carrion,carrion
färbung,coloring
meisterdieb,master thief
botengänge,errands
zugedrückt,pressed down
bourgeoisie,bourgeoisie
jari,jari
berechnend,calculating
lucita,Lucita
nationalmannschaft,national team
kritisierst,criticize
anshel,Anshel
kneipenschlägerei,bar fight
abgefuckten,fucked up
nanjing,Nanjing
kopiere,copy
gleichwertig,equivalent
wunderlich,whimsical
aufzufinden,to find
göttlichkeit,divinity
feiglingen,cowards
rezitieren,recite
derlei,such
trauerst,are you grieving
taue,rope
brodeln,bubbling
pummelig,chubby
regelmäßiger,regular
basel,Basel
boomt,booming
zitierte,quoted
intrepid,intrepid
elmont,Elmont
taubenschlag,dovecote
erretten,save
schwänzchen,little tail
kindskopf,child's head
mitzählen,count
adamsapfel,Adam's apple
bohrte,drilled
stile,styles
kalibers,calibers
rule,rule
durchdrang,penetrated
schumacher,Schumacher
khal,khal
geheimrezept,secret recipe
blackburn,blackburn
provo,provo
wohltuend,soothing
française,French
verkrampfen,tense up
juniors,juniors
jesper,jesper
herunterladen,download
rülpser,belch
zongbao,zongbao
efendi,efendi
rauswirft,throws out
verstieß,violated
reiskuchen,rice cakes
knutscht,kisses
gestossen,pushed
voulez,voulez
tumors,tumors
skinheads,skinheads
verrieten,revealed
heureka,eureka
lastern,vices
arbeitskollege,work colleague
ungehörig,outrageous
kriegszustand,state of war
rumsitzt,sitting around
versammelte,assembled
wählern,voters
gondeln,gondolas
blühenden,blooming
vanessas,Vanessa's
sikes,sikes
sith,Sith
weihnachtslied,Christmas carol
pickering,picking
aufzog,raised
guddi,Guddi
bezeichnest,designate
dingaan,dingaan
mikros,micros
brutkasten,incubator
salina,salina
rottweiler,rottweiler
jüngeres,younger
elends,misery
paracelsus,Paracelsus
zuzubereiten,to prepare
befruchten,fertilize
verbessere,improve
skrupellosen,unscrupulous
unbedeutendes,insignificant
tesserakt,tesseract
intimer,intimate
anrede,salutation
neunmal,nine times
brodys,brodys
ewigem,eternal
durchhaltevermögen,perseverance
indisponiert,indisposed
lodz,Lodz
titelsong,title song
susu,susu
shankar,Shankar
barometer,barometer
reaktoren,reactors
spult,rewind
dilg,dilg
sparkler,sparkler
zerfrisst,corrodes
constantino,Constantino
zuckungen,twitches
rojas,rojas
shayla,shayla
estland,Estonia
münchhausen,Münchhausen
zurückkamst,came back
stubenmädchen,chambermaid
investigation,investigation
schlafzimmern,bedrooms
deathstroke,deathstroke
emmerich,Emmerich
avignon,Avignon
destabilisiert,destabilized
graceland,Graceland
uvm,and much more
koexistenz,coexistence
butterbrot,buttered bread
mojitos,mojitos
vite,vite
ippolita,Hippolyta
gull,gull
wormold,wormold
erist,he is
befehls,command
aldridge,Aldridge
tauschst,exchange
serbischen,Serbian
geweihten,consecrated
coraline,coraline
überschattet,overshadowed
kirschkuchen,cherry cake
sagenhafte,fabulous
sicherheitsberater,security consultant
zentrales,central
zurückdenken,thinking back
campion,champion
luftballon,balloon
bruckner,Bruckner
fiffi,Fiffi
marthas,Martha's
koichi,koichi
riesensache,huge thing
wratten,wratten
essensreste,leftovers
egoisten,egoists
oberpriester,high priest
elternteile,parents
russki,Russian
reingewaschen,cleansed
americans,Americans
geringerer,lesser
nurdlinger,nurdlinger
morsch,rotten
übersiehst,overlook
vorzuenthalten,to withhold
ermutigung,encouragement
abzahlen,count
heucheln,hypocritical
alufolie,aluminum foil
rauszuziehen,to pull out
zusammenzufügen,join together
greco,greco
transporterstrahl,transporter beam
haggis,haggis
gewiesen,shown
umzuwandeln,to convert
gefilde,fields
geschichtsbücher,history books
lagertha,Lagertha
einkreisen,encircle
hen,hen
clips,clips
klöster,monasteries
dröhnung,droning
eingewöhnen,settle in
geheimcode,secret code
schmerzte,hurt
ft,ft
maloney,maloney
tanzabend,dance evening
toffee,toffee
scheißtyp,shitty guy
umlegst,you
ayutthaya,Ayutthaya
zitterten,tremble
konföderation,confederacy
rausstellen,put out
wasserbett,waterbed
sklaventreiber,slave driver
eiseiche,ice oak
schmolz,melted
zauberformel,magic formula
boing,Boeing
hooks,hooks
skyes,skyes
schmeichelst,flatter
stiehl,steal
verspätete,delayed
schwang,swing
picken,pick
verteidigungssystem,defense system
chest,chest
zusammengefügt,joined together
bitterer,bitter
cruces,cruces
yardley,yardley
heldenhafter,heroic
titelmelodie,title melody
dahinterstecken,behind it
beauregard,beauregard
jacko,jacko
herzkammer,heart chamber
shoot,shoot
entdeckst,discover
höllenqualen,excruciating agony
draufhauen,hit it
traditionelles,traditional
hyoei,hyoei
chazz,chazz
kanzlerin,chancellor
erbricht,vomits
tse,tse
mosfilm,mosfilm
zuck,twitch
garrity,garrity
rausspazieren,go for a walk
robot,robot
gipfeltreffen,summit
operativ,surgical
immense,immense
reims,Reims
leistungsfähigkeit,performance
fitnesscenter,fitness center
rollin,rollin
mclovin,mclovin
gm,gm
fixierung,fixation
donk,donk
amtliche,official
gesprächsfetzen,snippets of conversation
strain,strain
leighton,leighton
hirni,brain
kavaliere,cavaliers
schulleitung,school management
messerstiche,knife stabs
säuferin,drunk
bekräftigen,confirm
inderin,Indian
östrogen,estrogen
messina,Messina
naa,naa
verarbeite,process
stromquelle,power source
walen,whales
schüchterner,shy
hinwollte,wanted to go there
coffy,coffee
fordernd,demanding
driften,drift
fosters,fosters
abnormale,abnormal
rubens,Rubens
linguini,linguini
vorbereiteten,prepared
wallowski,wallowski
berglöwen,mountain lions
hon,hon
vielfraß,wolverine
einzufordern,to demand
says,says
vp,vp
zweisamkeit,togetherness
schlagkraft,impact
sefton,sefton
wongs,wangs
ausgestanden,survived
wohngegend,residential area
riders,riders
sicherheitskontrolle,security check
saltzman,saltzman
opfergaben,offerings
produktionsfirma,production company
glitt,glided
emanzipation,emancipation
erdball,globe
telly,telly
jahrelangen,years
blutrot,blood red
tätowierte,tattooed
wahnsinniges,insane
joseon,joseon
streichst,delete
konkubinen,concubines
lasalle,la salle
assistentinnen,assistants
helenas,Helena's
sinnlichkeit,sensuality
darstellerin,actress
hilflosigkeit,helplessness
todfeind,mortal enemy
jerzy,Jerzy
kommandoposten,command post
südöstlich,southeast
geschildert,described
obdachlosenheim,homeless shelter
beobachtungsgabe,observation skills
rumschubsen,push around
stolperst,stumble
flüssigem,liquid
dekolleté,cleavage
sinkende,sinking
datest,datest
tagelöhner,day laborers
dächte,thinks
wiederauferstehen,resurrect
mando,mando
damons,damons
prop,prop
reds,reds
griffins,griffins
windet,winds
überdauert,survives
zufälliger,random
orlov,Orlov
rack,rack
chéri,chéri
anregung,suggestion
schäumt,foams
coffey,coffeey
umschreibung,description
beats,beats
taschenuhr,pocket watch
lidia,lidia
heuert,hires
blasi,blasi
alchemie,alchemy
schäbiges,shabby
abschlussarbeit,thesis
schwanensee,Swan Lake
ostwärts,east
trojas,Troy
imposant,impressive
unerlaubten,unauthorized
geldsack,money bag
einschnitte,cutbacks
mannheim,Mannheim
bombenattentat,bomb attack
yeager,Yeager
nutzbar,usable
klaustrophobisch,claustrophobic
erkennbaren,recognizable
goldfarb,gold-colored
landarbeiter,farm worker
desserts,desserts
erwecke,awaken
auslöscht,extinguishes
schächte,shafts
knipsen,snap
brutstätte,hotbed
suggestion,suggestion
kindermörder,child murderer
ausreichender,sufficient
verwanzen,bug
belohne,reward
bain,bain
unechten,fake
nden,nden
aussperren,lock out
minds,minds
hervorheben,point out
geblitzt,caught speeding
umfassenden,comprehensive
musgrave,musgrave
absegnen,approve
nacktem,naked
norén,norén
pips,beeps
katalogisieren,catalog
hergegeben,given up
maikel,maikel
videospielen,video games
heruntergefallen,fell down
cassiopeia,Cassiopeia
vergewaltige,rape
sitzplätze,seats
scheinwerfern,headlights
spielberg,Spielberg
boykottieren,boycott
provozier,provoke
dauerten,lasted
eldritch,Eldritch
harleen,harleen
tyreese,tyreese
brom,bromine
glibber,slime
kognitiven,cognitive
spreizt,spreads
jip,yip
fürstliche,princely
lehrstunde,lesson
gutartig,benign
grimaldi,Grimaldi
benzintank,fuel tank
hobie,hobie
streifenhörnchen,chipmunk
mannys,mannys
dder,dder
nostradamus,nostradamus
insektenspray,insect spray
stund,hour
befremdlich,strange
vierauge,four-eyed
einschaltet,turns on
forscherin,researcher
suis,suis
auszuräumen,to clear out
verbundene,associated
adm,adm
niederer,lower
reingehauen,went all out
hauptperson,main character
führet,leads
guess,guess
reiseplan,itinerary
elektromagnetischer,electromagnetic
tej,tej
presslufthammer,pneumatic hammer
muntere,cheerful
untergebene,subordinates
massengrab,mass grave
piratenschiff,pirate ship
nite,nite
untrennbar,inseparable
fesch,stylish
schlüpfte,slipped
mitgedacht,thought through
fanclub,fan club
zudrehen,turn it off
rasputia,rasputia
auskennst,know
wirrwarr,confusion
gründern,founders
gestapelt,stacked
jutta,Jutta
novick,Novick
relevante,relevant
umfällt,falls over
errichtete,erected
schonungslos,ruthless
stachen,stung
candide,candide
büfett,buffet
afghanen,Afghans
ove,love
paarweise,in pairs
weeß,white
zwanzigern,twenties
konstruktiv,constructive
bermuda,Bermuda
nummeriert,numbered
kaffeetrinken,drink coffee
assimilation,assimilation
poltert,thunders
selbstzerstörungssequenz,self-destruct sequence
portmonee,wallet
wirren,confused
canton,canton
geschmacks,taste
symbiose,symbiosis
fürsorgliche,caring
blutrünstigen,bloodthirsty
aviva,aviva
saburo,saburo
verabredest,arranged
körperfunktionen,bodily functions
chuy,chuy
schimpfe,scold
fremdsprachen,foreign languages
blart,blart
paisley,paisley
zufriedenstellen,satisfy
sarina,sarina
vererben,inherit
geschworenengericht,jury trial
lockdown,Lockdown
nagoya,Nagoya
mayan,Mayan
istjemand,is anyone
sesam,sesame
julians,Julians
prachtvollen,magnificent
bundeskanzler,Chancellor
gespenstern,ghosts
bockig,stubborn
vorbildliche,exemplary
oenomaus,oenomaus
strategischer,strategic
vorwahlen,primary elections
hikmet,hikmet
gesammelten,collected
begutachtet,reviewed
idiotisches,idiotic
flacher,flat
dreiundzwanzig,twenty-three
statische,static
schippe,shovel
abdomen,abdomen
vierfache,quadruple
pom,pom
chronicles,chronicles
spielzeugladen,toy store
ingenieurin,engineer
doro,doro
afroamerikaner,African American
vorwort,foreword
rank,rank
machthaber,ruler
zurückbekommst,you get back
ausscheiden,eliminate
monitoren,monitors
seismische,seismic
stotternd,stuttering
bespritzt,splashed
überwachungsmaterial,surveillance material
schleimiger,slimy
plemplem,plemplem
aszendenten,ascendants
lego,Lego
beep,beep
hours,hours
rauskriege,find out
tha,tha
beigesetzt,buried
mikroskopisch,microscopic
harcourt,Harcourt
zücken,pull out
verlangens,demand
durchlauf,cycle
tortuga,tortuga
arnab,arnab
botaniker,botanist
loxley,Loxley
ausgebrütet,hatched
rausbringt,releases
surf,surf
atomraketen,nuclear missiles
trooper,trooper
davongerannt,ran away
bauerntölpel,peasant fool
aggie,Aggie
okkulten,occult
angeborenen,congenital
protokolliert,logged
funktionsstörung,malfunction
unmittelbaren,immediate
spröde,brittle
frachters,freighters
saftsack,juice bag
jedwede,any
anzusetzen,to apply
gewordene,become
verrutscht,slipped
grisham,Grisham
bamm,boom
skins,skins
onkologie,oncology
ausgekugelt,dislocated
abgeklärt,clarified
dah,dah
unger,unger
serenade,serenade
broadsky,broadsky
nordische,Nordic
regentin,regent
herumgekommen,got around
herberts,Herbert
seel,soul
vorgibst,pretend
kennicutt,Kennicutt
voin,voin
staubsaugen,vacuuming
kiras,Kira's
taras,taras
wälzt,rolls
boswell,Boswell
juma,juma
säubere,clean
vertikal,vertical
objekts,object
terminen,appointments
dekadent,decadent
schleimbeutel,bursa
energieverlust,energy loss
stränden,beaches
promoviert,PhD
parkschein,parking ticket
rauswurf,expulsion
beschönigen,to embellish
wolfes,wolves
gefallener,fallen
würgte,choked
moments,moments
spooner,spooner
lp,lp
beete,beds
vorzubeugen,to prevent
herumspielen,playing around
funktionierten,worked
elften,eleventh
angedreht,turned
beers,beers
candyman,candyman
kampfgeschrei,battle cry
opferten,sacrificed
meiners,mine
toot,toot
fingerspitzengefühl,sensitivity
lhretwegen,her way
starlin,starlin
nervensägen,annoying people
kicks,kicks
elektrizitätswerk,power plant
großbritanniens,Great Britain's
kissinger,Kissinger
zentner,hundredweight
heparin,heparin
teebeutel,teabag
vaughan,Vaughan
uneingeschränkt,unrestricted
kacka,poop
abenteuerlich,adventurous
tauschhandel,barter
hinfällt,falls
schaufelt,shovels
überwinde,overcome
unwiderstehliche,irresistible
indigo,indigo
vivat,vivat
turbinen,turbines
thousand,thousand
verwöhne,pamper
schärpe,sash
schmachten,languish
alaykum,alaykum
tomatensoße,tomato sauce
abo,subscription
unbefleckt,immaculate
fänge,catches
springsteen,springsteen
stink,stink
helmer,Helmer
entgegenstellen,oppose
schuldlos,blameless
muskat,nutmeg
desiree,desiree
arcadian,arcadian
nã,n/a
sharley,sharley
preußische,Prussian
sojamilch,soy milk
dinosauriern,dinosaurs
amish,Amish
geschaft,business
durchkämpfen,fight through
bartok,Bartok
ungeschlagen,undefeated
aristokrat,aristocrat
trefoile,trefoile
einklinken,connect
sonnige,sunny
haftanstalt,prison
tigerin,tigress
fastenzeit,Lent
lydon,Lydon
erzahlen,tell
hofnarr,court jester
petja,petja
wildcats,wildcats
landeinwärts,inland
legolas,Legolas
verarztet,treated
mordverdächtigen,murder suspect
kif,kif
informatik,computer science
saublöd,utterly stupid
comin,comin
schutzbrille,safety goggles
reinsetzen,sit inside
fingerhut,thimble
wulfric,wulfric
internetseite,website
uriniert,urinated
raubten,robbed
anzuzetteln,to instigate
drums,drums
wegzuschicken,to send away
newberg,newberg
kniest,kneels
mosambik,Mozambique
hygienisch,hygienic
todds,Todds
zerronnen,vanished
strucker,strucker
warpfeld,warp field
einrahmen,frame
manda,manda
witzbolde,jokers
stürz,fall
gewunken,waved
kurbeln,crank
sinnbild,symbol
ersteche,stab
monsun,monsoon
suchaktion,search operation
liliputaner,Lilliputians
aimée,love
kappas,kappas
booths,booths
musikunterricht,music lessons
vorbereitete,prepared
erbeten,requested
schmerzerfüllt,painful
geringes,low
frittieren,deep fry
horman,horman
knebeln,gag
lorca,Lorca
koloniale,colonial
germanien,Germania
schnüren,lace
ysé,ysé
toy,toy
afrikanisches,African
durchsuchst,search
parzival,Parzival
planken,planks
vorrübergehend,temporarily
harsch,harsh
schnupftabak,snuff
ramallo,ramallo
rüberwachsen,grow over
anatole,Anatole
erzog,raised
rawlings,rawlings
erstickung,suffocation
checks,checks
kumpan,buddy
armreifen,bangles
bow,bow
anfeuerungsrufe,cheers
alton,alton
gewieft,shrewd
flan,flan
hewlett,hewlett
allenbury,Allenbury
rouen,Rouen
gaunerei,fraud
loszukommen,to get away
dimka,dimka
törichtes,foolish
entsorgung,disposal
hotelbar,hotel bar
eingefordert,demanded
ersticht,stabs
verkehrskamera,traffic camera
erbeben,tremble
würzen,season
micro,micro
reflektion,reflection
hauptzeuge,main witness
intimsten,most intimate
schwerwiegend,serious
cooney,cooney
bienchen,little bee
kreuzungen,intersections
magnetismus,magnetism
matze,matze
haddonfield,Haddonfield
appleton,appleton
saudis,Saudis
nichtwahr,not true
pilgerreise,pilgrimage
radiomusik,radio music
emblem,emblem
conners,conners
iove,iove
jungfernfahrt,maiden voyage
kampagnen,campaigns
befangenheit,bias
entmutigend,daunting
kenntnissen,knowledge
auktionen,auctions
ergötzen,delight
geküßt,kissed
biggie,Biggie
alarmiere,alert
nisten,nest
ansässigen,resident
karine,Karine
französischem,French
lauch,leek
grundregel,basic rule
schnäpse,spirits
asakura,asakura
verblendet,deluded
entgegenzutreten,to oppose
hazama,hazama
verblutete,bled to death
stimmungen,moods
anymore,no more
ratatouille,ratatouille
menschenkenner,People person
portman,Portman
ottawa,Ottawa
fluchtmöglichkeit,escape route
amman,Amman
botenjunge,messenger boy
pompeius,Pompey
philosophisch,philosophical
deprimieren,depress
rumzuspielen,to mess around
tio,tio
ortolani,Ortolani
moderatorin,moderator
provisorischen,provisional
gerichtlich,judicial
aydin,aydin
produziere,produce
rohde,Rohde
querschläger,ricochet
innovativ,innovative
yagyus,yagyus
platzwunde,laceration
neunen,new
bambino,bambino
bekräftigt,confirmed
stockbesoffen,completely drunk
freigeist,free spirit
schlagfertig,quick-witted
übermittle,transmit
zusammengetrieben,gathered
unreife,immaturity
schiesse,shoot
proletarier,proletarian
gefechtsstand,command post
doller,doller
verschlüsseln,encrypt
muldoon,muldoon
crispin,crispin
kamille,chamomile
hedda,hedda
absolvent,graduate
juju,juju
anhaltender,persistent
gacet,gacet
freifahrtschein,free ticket
sängerinnen,singers
eingenistet,nested
glücksgefühl,feeling of happiness
bewirbst,are you applying
nagelneuen,brand new
konfiguration,configuration
orientierungslos,disoriented
destabilisieren,destabilize
kurzgeschlossen,short-circuited
unrechtmäßig,unlawfully
standzuhalten,to withstand
unbeabsichtigt,unintentionally
ilaria,ilaria
broke,broke
absaufen,drown
hinterherlaufen,chasing after
verweist,refers
absetzt,discontinues
jessas,Jesus
pädagogik,pedagogy
magellan,Magellan
entschlossener,determined
zufügt,adds
angle,angle
bedeutungslosen,meaningless
balanchine,balanchine
miserablen,miserable
har,har
hanbei,Hanbei
westdeutschland,West Germany
ramada,Ramada
proportionen,proportions
psychoanalytiker,psychoanalyst
dew,dew
menschenmögliche,humanly possible
kampftechnik,combat technique
elche,moose
freudiges,joyful
jaye,Jaye
pff,pff
junius,junius
mudd,mudd
caesars,Caesars
klackern,clacking
armin,Armin
pornofilme,porn movies
sternwood,Sternwood
tagträume,daydreams
schnurr,purr
zwanghafte,compulsive
steilen,steep
unterrock,petticoat
mercia,mercia
zusammenrücken,move closer together
zweifelsfall,In case of doubt
auszutragen,to carry out
zeigtest,showed
christkind,Christ Child
schuluniform,school uniform
ranhalten,Hold on
fussel,lint
gnb,gnb
medicus,physician
einarmigen,one-armed
feuerstelle,fire pit
herrschende,ruling
ladehemmung,loading jam
aufzukreuzen,to show up
hergehört,listened
veranstalter,organizer
zusammenfällt,coincides
auszunehmen,to exclude
spedition,forwarding
überschritt,exceeded
mikado,mikado
durchfahrt,passage
trafalgar,Trafalgar
untern,below
potentiell,potentially
auskratzen,scrape out
gipfeln,culminate
riesin,giantess
tümpel,pond
sanguinem,sanguine
vinyl,vinyl
sekundären,secondary
dietz,dietz
smaragdstadt,Emerald City
zusammenstehen,stand together
eintönig,monotonous
godzillas,Godzilla
vaziri,vaziri
getappt,tapped
schnappschüsse,snapshots
jaha,yeah
tafelrunde,Round table
quicklebendig,lively
baldigen,soon
gefährde,endanger
raffst,do you get
bedeckte,covered
wingman,wingman
lebenswandel,lifestyle
truhen,chests
rebhuhn,partridge
hou,hou
lobte,praised
verhalt,behavior
mittäterschaft,complicity
nachttopf,chamber pot
merchant,merchant
eingedämmt,contained
dagesessen,sat there
unbefriedigend,unsatisfactory
zahlende,paying
tarnt,camouflages
anregungen,suggestions
versiegt,dried up
gilly,gilly
nebeneffekte,side effects
mandalay,mandalay
kriegsveteran,war veteran
speisekarten,menus
schweif,tail
genom,genome
nanahara,nanahara
helligkeit,brightness
zubereitung,preparation
makrelen,mackerel
abgebildet,depicted
tatkraft,energy
sozialist,socialist
verbürge,guarantees
hadji,hadji
polizeilich,police
schober,schober
rumführen,tour
betriebe,businesses
spinnennetz,spider web
grappa,grappa
hannahs,Hannah's
verlängerte,extended
hangardeck,hangar deck
davontragen,carry away
blickten,looked
dahmer,dahmer
explodiere,explode
episch,epic
regierungsbeamte,government officials
artgenossen,fellow species
hagan,Hagan
kloake,sewer
ephraim,Ephraim
goffredo,goffredo
basisschiffe,base ships
ersäuft,drowned
enzian,gentian
finesse,finesse
durcheinanderbringen,to confuse
carrington,Carrington
riverdale,Riverdale
direktes,direct
stoppten,stopped
kabarett,cabaret
shou,shou
blödsinnig,nonsense
knackte,cracked
schamanen,shamans
moffat,moffat
mgm,mgm
septimus,septimus
questor,questor
tonart,key
oc,oc
health,health
gesundem,healthy
behandel,treat
schlimmstes,worst
verwicklung,involvement
roswell,Roswell
lebenserhaltungssysteme,life support systems
verantwortlicher,responsible
maiers,Maiers
kinofilm,movie
greise,old people
aufgedunsen,bloated
anzustrengen,to exert oneself
allisons,Allison's
ruger,ruger
joke,joke
culpepper,culpepper
hinkle,Hinkle
wehtat,hurt
eingepennt,fell asleep
ziegenmilch,goat's milk
stills,stills
vulkaniern,vulcanize
stoffen,materials
silberstreif,silver lining
lörke,lörke
kassie,Kassie
tarrant,tarrant
desinteresse,disinterest
betrügerische,fraudulent
timbuktu,Timbuktu
denard,denard
freed,freed
farbstoff,dye
lerner,learner
suzon,Suzon
dmitrijewna,Dmitrievna
bedauerliche,regrettable
zuckte,flinched
malina,Malina
wärmflasche,hot water bottle
jelena,jelena
straßenecken,street corners
entzweit,divided
fortzupflanzen,to reproduce
fitnessraum,fitness room
göttinnen,goddesses
krystal,crystal
kodiert,encoded
glockenspiel,glockenspiel
steiler,steeper
adoptiveltern,adoptive parents
jamba,jamba
molekularstruktur,molecular structure
gleichgesinnte,like-minded people
brünetten,brunettes
borissowna,Borissowna
verärgere,annoy
biegung,bend
dato,date
martinique,Martinique
crocodile,crocodile
vorzudringen,to advance
soutane,cassock
zidler,Zidler
streikenden,striking
barden,bards
friedensverhandlungen,peace negotiations
henley,Henley
äuglein,little eyes
emissionen,emissions
embolie,embolism
bezaubert,enchanting
camel,camel
hindernissen,obstacles
verschollene,missing
schlussverkauf,final sale
scannern,Scanners
risikos,risks
schlendern,stroll
anchovis,anchovies
heisses,hot
verkorksten,botched
flackern,flicker
funkturm,radio tower
siebeneinhalb,seven and a half
nolans,Nolan
dozenten,lecturers
wintergarten,conservatory
varys,vary
unbefugten,unauthorized
darstellte,represented
beelzebub,Beelzebub
ingo,Ingo
verschrottet,scrapped
finish,finish
schlummern,slumber
jagdmesser,hunting knife
krankenhausbett,hospital bed
kochtopf,cooking pot
dutchman,Dutchman
globaler,global
silverman,silverman
kontrollturm,control tower
gesetzesentwurf,draft law
lockeren,loosen
wiegenlied,lullaby
stockdunkel,pitch black
unsicherheiten,uncertainties
deformiert,deformed
turnschuh,sneaker
mombasa,Mombasa
standish,standing
übelnehmen,take offense
geschäftspartnerin,business partner
scoob,scoob
bohr,drill
furio,furious
projektes,project
editor,editor
kunstmuseum,art museum
willkür,arbitrariness
familienfeier,family celebration
murata,Murata
drogenkartell,drug cartel
lisinski,lisinski
margret,Margret
getreu,TRUE
blechdose,tin can
patt,stalemate
barnett,barnett
hochkriegen,get up
capisce,capisce
inch,inch
rettich,radish
müllsäcke,garbage bags
einsetzte,deployed
kastration,castration
verschleppen,to abduct
sprengten,blew up
retrovirus,retrovirus
kaltblütige,cold-blooded
thrakien,Thrace
konzession,concession
wonderland,wonderland
einsparen,save
wray,wray
trainingsanzug,tracksuit
wirksame,effective
fingiert,fabricated
aufwachten,woke up
erwerbsregel,acquisition rule
amtseinführung,inauguration
keefer,keefer
arztrechnungen,medical bills
broad,broad
dorset,Dorset
wüst,desolate
portfolio,portfolio
wirsind,we are
etui,case
zuließ,allowed
sinnlichen,sensual
enchanté,enchanté
fabious,fabulous
sooft,so often
zusicherung,assurance
lauge,lye
flugbegleiter,flight attendant
tiramisu,tiramisu
mystik,mysticism
seilbahn,cable car
fozzie,fozzie
abklappern,check them all out
analphabet,illiterate
gedenkgottesdienst,memorial service
verschwörungstheorie,conspiracy theory
tierklinik,veterinary clinic
juhuu,yay
zuwachs,growth
flass,flass
carita,Carita
fate,fate
stampft,stamps
unnütze,useless
machtvoll,powerful
highlight,highlight
finnegan,finnegan
duelle,duels
überhol,overtake
pull,pull
einsparungen,savings
pigalle,pigalle
herkömmlichen,conventional
tuum,tuum
lasern,laser
zugeschaltet,switched on
gustavsson,Gustavsson
isses,is it
zoeys,zoeys
blackwell,blackwell
verzollen,customs
zerzaust,disheveled
überflieger,high-flyer
mobbing,bullying
tweed,tweed
privilegiert,privileged
spaceballs,spaceballs
busmalis,busmalis
geschäftsleuten,business people
col,col
wertgegenstände,valuables
lead,lead
chesterfield,Chesterfield
heike,Heike
hochstaplerin,imposter
autopiloten,autopilot
regler,regulator
lenox,lenox
grillt,grills
reit,riding
nachsichtiger,lenient
gebrauchtes,used
gings,went
canaan,canaan
óli,oli
ankamst,arrived
rassentrennung,racial segregation
friedensabkommen,peace agreement
verschmutzen,pollute
wahltag,election day
bridgette,Bridgette
verleumdungen,slander
padilla,padilla
maggio,Maggio
punjab,Punjab
überspannt,overstretched
lallend,slurring
jalousie,louvre
pupille,pupil
halil,Halil
akzeptable,acceptable
wiederholungstäter,repeat offender
niedermachen,put down
farmington,farmington
freiheitsberaubung,deprivation of liberty
cradle,cradle
umsetzung,implementation
octave,octave
rezitiert,recited
brennstäbe,fuel rods
getrauert,mourned
pendejo,pendejo
piccadilly,Piccadilly
iger,iger
mullen,mullen
ausbrecher,escapee
gravur,engraving
managers,managers
jüngern,younger
sheri,sheri
magnolia,magnolia
allens,everything
weiterlesen,Read more
streifenpolizist,patrolman
durchwahl,extension
tristen,dreary
lecters,lecters
sanada,Sanada
europol,Europol
hellichten,bright
ewing,ewing
muskelkraft,muscle power
kühlung,cooling
naiver,naive
zölibat,celibacy
led,led
abgab,surrender
verlege,relocate
scheußlicher,hideous
taking,taking
menschenjagd,manhunt
katagiri,katagiri
beckwith,beckwith
nachgekommen,complied
diktiergerät,dictation machine
hisbollah,Hezbollah
immerfort,constantly
nobelpreisträger,Nobel laureate
draculas,Dracula
chinin,quinine
airbag,airbag
zumacht,closes
inszenierte,staged
stinger,stinger
departement,department
nachgeht,pursues
aufgeblüht,blossomed
verschleudert,squandered
tierquälerei,animal cruelty
erzherzog,archduke
lnstrumentalmusik,instrumental music
eierkuchen,pancakes
polk,polk
eik,eik
apocalypse,apocalypse
mechanismen,mechanisms
ausmerzen,eradicate
gatorade,Gatorade
anleihe,bond
silverton,silverton
schleimigen,slimy
aufständische,insurgent
gesetzlicher,statutory
floristen,florists
berni,Berni
jovi,jovi
nefer,nefer
furchtloser,fearless
jahrelanger,years
verunstaltet,disfigured
leit,lead
beneidenswert,enviable
abgeknöpft,unbuttoned
antikes,antique
lüstern,lustful
zurückrufst,call back
qualifizierten,qualified
steinberg,Steinberg
tru,TRUE
spärlich,sparse
xiu,xiu
baldrian,valerian
verriegelung,locking mechanism
schlaglöcher,potholes
experimentellen,experimental
reduzierung,reduction
beispiellos,unprecedented
cinzia,cinzia
umschlungen,embraced
lügende,lying
überschreitest,exceed
vororte,suburbs
garrick,Garrick
regulär,regular
zugenagelt,nailed shut
exhumieren,exhume
zustehen,to be entitled
falter,butterfly
younger,younger
bordelle,brothels
entzog,withdrawn
loop,loop
thinman,thinman
ausnüchterungszelle,sobering-up cell
aufgehalst,saddled
salzburger,Salzburg
auszuarbeiten,to develop
fluchtwege,escape routes
feldarbeit,fieldwork
kurie,curia
ozonschicht,ozone layer
administrator,Administrator
zubeißen,bite
turpin,Turpin
enthüllte,revealed
zweitgrößte,second largest
treuhänder,trustee
jessy,Jessy
seeger,seeger
schweinebacke,pig's cheek
teniente,tenient
faschistische,fascist
suyin,suyin
kontraproduktiv,counterproductive
kochend,boiling
swedish,Swedish
okada,Okada
einzufügen,to insert
mhmm,mhmm
zurechtmachen,get ready
fensterscheibe,window pane
tale,tale
discomusik,disco music
boxe,box
cäcilie,Cecilia
kniff,trick
hirnlosen,brainless
erja,erja
entheben,remove
eulenspiegel,Eulenspiegel
angerempelt,bumped
gelte,applies
limitierte,limited edition
tragbaren,portable
jeffs,Jeff's
lenker,handlebars
shinigami,Shinigami
begutachtung,assessment
sechsjährige,six-year-old
sardine,sardine
elterliche,parental
anseht,look
telefonkonferenz,telephone conference
profiler,profiler
janne,Janne
beeindruckte,impressed
cogburn,Cogburn
involvieren,involve
lindenhof,Lindenhof
anstalten,institutions
bezichtigen,accuse
willigt,agrees
wasserflasche,water bottle
zurückziehe,withdraw
unauffälliger,less conspicuous
surprise,surprise
verhandele,negotiate
mule,mule
sattler,saddler
wehte,blew
ahead,ahead
liehen,borrowed
geheimhalten,Keep secret
überquere,cross
versuchsobjekt,test subject
buren,Buren
platon,Plato
zuschlug,struck
zauberkünstler,magician
knechten,servants
angesehensten,most respected
gastronomie,gastronomy
darlings,darlings
osmanen,Ottomans
yussef,Yussef
lewicki,lewicki
fluff,fluff
einnahmequelle,Source of income
tanzstunde,dance lesson
waldbrand,forest fire
trags,trags
husky,husky
christow,Christow
mixe,mixes
laben,life
aussortieren,sort out
mayweather,Mayweather
heeres,army
leiteten,led
hausmannskost,home cooking
automatisches,automatic
ausmisten,decluttering
uppsala,Uppsala
migs,migs
sortiment,range
wettkämpfen,compete
verbeult,dented
spielzüge,moves
fawn,fawn
nashörner,rhinoceroses
identischen,identical
hix,hix
galaktische,galactic
vögelte,birds
canfield,canfield
straffen,tighten
eindringlingsalarm,intruder alarm
mittelteil,middle part
orfeu,Orfeu
frühschicht,early shift
ducobu,ducobu
kricket,cricket
ferrante,Ferrante
schwarzwald,Black Forest
sids,sids
teleportation,teleportation
geröll,scree
molkerei,dairy
weihnachtslieder,Christmas carols
timm,timm
plastischer,plastic
erkranken,become ill
liebhabern,lovers
erwich,caught
großspurig,cocky
servet,serv
werkzeugkiste,toolbox
loszugehen,to start
lidschatten,eyeshadow
fürsorger,caregiver
zureden,to talk
afrikanisch,African
ascoyne,ascoyne
könnens,can
rikki,rikki
arrhythmie,arrhythmia
luftdicht,airtight
autovermietung,car rental
barkos,barkos
angriffsplan,attack plan
hameln,Hameln
koriander,coriander
verhandelst,negotiate
hüseyin,hüseyin
telekinese,telekinesis
attraktionen,attractions
autohupen,car horns
gesundheitswesen,healthcare
shao,shao
freudentränen,tears of joy
eitler,vain
dkay,dkay
fandor,fandor
argwohn,suspicion
rasche,rapid
roggenbrot,rye bread
niedergeschrieben,written down
ici,ici
canary,canary
vermochte,able
großfürstin,Grand Duchess
betrachter,viewer
gewaltsames,violent
informierten,informed
mutterseelenallein,all alone
overalls,Overalls
aufpolieren,polish
ersaufen,drown
maxxie,maxxie
bedeutungslose,meaningless
glockenschläge,bell chimes
wolfs,wolfs
peanutbutter,peanut butter
versiegelten,sealed
geleuchtet,illuminated
unsichtbarkeit,invisibility
türkin,Turkish woman
cyberspace,cyberspace
gurgelt,gargles
hippe,hip
einhandeln,trade
bowlingkugel,bowling ball
kardiologe,cardiologist
ronnies,Ronnie's
tenez,tenez
notebook,notebook
verdonnert,sentenced
kondomen,condoms
averell,averell
gleichst,same
grauenhaften,horrible
uffe,uffe
spieltisch,table
rausschmeißt,throws out
kämme,combs
raynes,Raynes
dimas,dimas
beförderungen,promotions
beidrehen,turn around
gitta,Gitta
clift,clift
thursday,Thursday
kettering,Kettering
idiotensicher,idiot-proof
fallout,fallout
einarbeiten,integrate
dichterin,poetess
hafenarbeiter,dockworker
mathilda,Mathilda
armenischen,Armenian
kindersitz,child seat
eingießen,pour
megafon,megaphone
rist,rist
gekuschelt,cuddled
intensives,intensive
ong,ong
rasender,raging
schreckensherrschaft,reign of terror
entourage,entourage
produzierten,produced
elfriede,Elfriede
erstaunlichste,most amazing
narbengewebe,scar tissue
pässen,passports
herausgebracht,released
umkamen,died
banque,bank
unehrlichkeit,dishonesty
mihai,mihai
bewährungsanhörung,probation hearing
bedauerte,regretted
abzustreiten,to deny
verunglückte,accident
beschützerin,protector
morsezeichen,Morse code
konservieren,preserve
fußabtreter,doormat
tarantoga,tarantoga
verderbtheit,depravity
wegrennt,runs away
gesundheitlichen,health
fernseh,television
anzustecken,to infect
kollegium,college
seitentür,side door
begünstigte,beneficiaries
mühsal,effort
beet,bed
bestände,stocks
lautsprechern,loudspeakers
färbte,dyed
absehbarer,foreseeable
stã,stã
näherst,near
unterzeichneten,signed
murmelst,murmurs
weinkarte,wine list
liberté,liberté
pils,pils
johν,johν
daffy,daffy
aufgerollt,rolled up
seiler,rope
gehüpft,jumped
kompost,compost
wittere,smell
metzler,Metzler
langusten,lobsters
nikolas,Nikolas
drayton,drayton
gerüchteküche,rumor mill
blütenblätter,petals
schuldner,debtor
erdlingen,Earthlings
polizeiakte,police file
überreagierst,overreact
pistazie,pistachio
kriegsbeute,war booty
kolonialen,colonial
queeg,queeg
zelebrieren,celebrate
weißrussland,Belarus
martius,Martin
biblische,biblical
jagdhund,hunting dog
vulgäre,vulgar
illuminati,Illuminati
granatwerfer,grenade launcher
variation,variation
zuzüglich,plus
durchgefroren,frozen solid
vorratsraum,storage room
zensuren,grades
margaery,Margaery
erfrierungen,frostbite
skitters,skitters
doña,doña
verliererin,loser
undeutliche,indistinct
giftiges,toxic
trabi,Trabi
abfeiern,celebrate
impulsen,impulses
endres,endres
zurückgeschrieben,written back
sobel,sobel
östlicher,eastern
elementare,elementary
bulimie,bulimia
bangen,anxious
karosserie,body
lutie,lutie
eingeschenkt,poured
aufräumt,cleans up
hehlerei,Receiving stolen goods
sitzenbleiben,remain seated
verwandele,transform
albertine,albertine
kostümparty,costume party
uid,uid
batic,batic
versprühen,spray
vorschlägt,suggests
aurelius,aurelius
darkintensity,dark intensity
beschaffung,procurement
durchgedrungen,penetrated
ellens,Ellens
blutsbrüder,blood brothers
blindenhund,guide dog
hinzubringen,to bring
übervorsichtig,overcautious
anzüglich,suggestive
kurosawa,Kurosawa
steini,steini
pferdedieb,horse thief
schaffung,creation
devdas,devdas
erler,erler
sayo,sayo
zé,zé
pokerspieler,poker player
forstman,forester
rebeca,Rebecca
abrechnungen,billing
seeluft,sea ​​air
liebesbeziehung,romantic relationship
anrufliste,call list
alterchen,old man
vonnöten,necessary
kardiomyopathie,cardiomyopathy
simst,text
panisches,panic
lélio,Lélio
reagans,Reagan's
hingearbeitet,worked towards
handrücken,back of hand
anbeißt,bites
vorbeiging,passed by
kugelhagel,hail of bullets
colum,column
dranzukriegen,to get it
caster,caster
vorübergehender,temporary
ponton,pontoon
meihua,meihua
androhung,threat
dreifaches,triple
gato,gato
farhad,farhad
bedeutsame,significant
bedauernswerten,regrettable
goldmünze,gold coin
traktoren,tractors
verschrotten,scrap
suggeriert,suggests
herzurichten,to prepare
spezialisieren,specialize
künftiger,future
pfadfinderin,Girl Scout
translated,translated
grünkohl,kale
melchior,Melchior
hintreten,step
schauspielers,actor
gelöbnis,pledge
loggins,logins
gnus,gnu
mollie,Mollie
vierteilen,quarter
herumzuschnüffeln,to snoop around
ostdeutschland,East Germany
lastenaufzug,freight elevator
stattfanden,took place
näschen,nose
vehement,vehement
kultivieren,cultivate
scheichs,sheikhs
verfälscht,distorted
mitteilte,announced
gui,GUI
umging,bypassed
flugmaschine,aircraft
schmarrn,nonsense
corral,corral
ausgedient,obsolete
arztpraxis,doctor's office
goal,goal
urteilst,judge
böschung,embankment
greys,greys
kriegsrat,war council
elfte,eleventh
brösel,crumbs
herausgenommen,removed
puuh,phew
vorstandsvorsitzender,chairman of the board
harrisons,Harrison's
sada,sada
reinhängen,hang in
getting,getting
abgerichtet,trained
abschürfungen,abrasions
hanno,Hanno
hausgast,house guest
wenzel,Wenzel
hausgemacht,homemade
maskierter,masked
verzogene,distorted
dress,dress
jockeys,jockeys
sonderkommission,special commission
vorwirft,accuses
mütterliche,maternal
starter,starter
karabiner,carabiner
franchise,franchise
errötet,blushes
anhaltenden,persistent
kurios,curious
zinn,tin
geflutet,flooded
opferung,sacrifice
singing,singing
pianistin,pianist
unterkühlt,hypothermia
wuornos,wuornos
torvald,Torvald
bump,bump
whitley,Whitley
armstrongs,Armstrong's
anzuheben,to lift
gotteshaus,church
regierungsgebäude,government building
authentizität,authenticity
motorradunfall,motorcycle accident
stirnband,headband
omnis,omnis
sto,sto
demille,demille
stargazer,stargazer
wegzuziehen,move away
drogentests,drug tests
knöllchen,parking ticket
selbstsüchtiger,selfish
watanabe,watanabe
unterteilt,subdivided
bodie,bodie
camila,camila
autopsien,autopsies
marti,marti
stadtmitte,city ​​center
stromkreis,electrical circuit
rille,groove
befiehl,command
irvine,Irvine
jeopardy,jeopardy
lieblingsrestaurant,favorite restaurant
walmart,Walmart
mittelberg,Mittelberg
ausbeuter,exploiters
gemusst,had to
highways,highways
pins,pins
verkorkste,botched
agnew,agnew
swain,swain
kwok,kwok
freisetzung,release
westberlin,West Berlin
sicherheitsabstand,safety distance
leblose,lifeless
vampirs,vampires
helios,Helios
geleite,escort
muddy,muddy
gebrechen,deficiencies
hereinzulegen,to fool
kreuzfahrtschiff,cruise ship
programmen,programs
ergebenen,devoted
grundbesitzer,landowner
charismatisch,charismatic
komplimenten,compliments
katara,Katara
jong,young
appleby,appleby
osborn,Osborn
fairerweise,to be fair
nasenspitze,tip of the nose
abzählen,count
josiane,josiane
sonderbares,strange
blane,blane
grrr,grrr
brülle,roar
sacken,sag
newcastle,Newcastle
zusiehst,watch
bernhardiner,St. Bernard
beigefügt,attached
nylon,nylon
drakh,drakh
zobar,zobar
anschlagen,strike
gottfried,Gottfried
feststeckt,stuck
trudeau,trudeau
salma,Salma
anzugs,suit
variety,variety
nachzulaufen,to chase after
dannen,then
signalhorn,bugle
specialist,specialist
polaroid,polaroid
ansprachen,address
sakristei,sacristy
vergass,forgot
bliebst,stayed
stromstoß,electric shock
juiz,juiz
plattmachen,flatten
ordnungshüter,law enforcement
pissnelke,pissnelke
bauart,design
mogli,mogli
verkehre,traffic
filmgeschichte,film history
wegschießen,shoot away
kaffeetisch,coffee table
damenunterwäsche,women's underwear
bemannte,manned
kolt,kolt
befähigt,enables
verschissener,fucking
düse,nozzle
belehrung,instruction
abhörgerät,listening device
überraschungseffekt,surprise effect
meta,meta
erübrigt,unnecessary
woodrow,woodrow
bunkern,bunker
carols,Carols
verkehrskontrolle,traffic control
eyeliner,eyeliner
überheblichkeit,arrogance
abzocke,rip-off
pussi,pussy
muslimen,Muslims
gehörlos,deaf
gestreikt,went on strike
karenina,Karenina
wüßten,knew
todeswunsch,death wish
warn,warn
aufzuschlitzen,to slash
gerardo,Gerardo
caderousse,caderousse
weilst,because
loskommen,get away
hausherrin,landlady
steinernen,stone
seehund,seal
ethnischen,ethnic
heimatweit,nationwide
stillt,breastfeeding
versprochenen,promised
buff,buff
abschiedsfeier,farewell party
prozedere,procedure
hibbert,hibbert
schnuckelig,cute
zeichentrickfilm,animated film
mitnahmen,took
erfolgsbilanz,track record
umdenken,rethink
martinshorn,siren
laguna,lagoon
betreff,reference
versprüht,sprays
privatunterricht,private lessons
naomis,Naomi
palazzo,palazzo
satellitenschüssel,satellite dish
runzeln,wrinkles
kopfhörern,headphones
kennung,identifier
neurochirurg,neurosurgeon
windgeschwindigkeit,wind speed
stallbursche,stable boy
arashi,arashi
widrigkeiten,adversities
turbine,turbine
abszess,abscess
weapon,weapon
schriftstück,document
seelenverwandter,soulmate
schilden,shield
deportation,deportation
tob,tob
laie,layman
vulva,vulva
barbra,barbra
einäugigen,one-eyed
abschleppdienst,towing service
grebs,grebs
zwist,dispute
görlitz,Görlitz
zehnjährige,ten-year-old
mitnichten,Not at all
gelobten,promised
trübsinnig,gloomy
körperhaltung,posture
beaujolais,Beaujolais
käuzchen,little owl
drohbriefe,threatening letters
navin,Navin
friedensstifter,peacemaker
dao,dao
schädigung,damage
wagenkolonne,convoy of vehicles
untersuchungsergebnisse,investigation results
erzielte,achieved
vicious,vicious
genetiker,geneticist
strickjacke,cardigan
codex,codex
fürjeden,for each
alvers,alvers
brummbär,grumpy bear
eindeutiges,unambiguous
übergriffen,assaults
verbanski,verbanski
sagenhaften,legendary
fügst,add
emporkömmling,upstart
geziemt,befitting
bewogen,moved
zoé,zoé
sanftheit,gentleness
schmälern,narrow
ansetzt,begins
greenberg,Greenberg
wichtigstes,most important
piekst,pricks
dilithium,dilithium
bausteine,building blocks
kingdom,kingdom
kanadierin,Canadian
mariga,Mariga
zuwenig,too little
reinlegt,is fooling
beauftrage,commission
wahrscheinlichsten,most likely
derbe,coarse
fie,fi
wahrend,while
missbilligen,disapprove
kontaktlinse,contact lens
eheleute,married couple
auswaschen,wash out
gegenseitiger,mutual
fotografierst,photograph
zurückließen,left behind
fähren,ferries
mizoguchi,mizoguchi
detektivin,detective
cascara,cascara
malerisch,picturesque
projects,projects
küchendienst,kitchen service
sergeants,sergeants
unbeantwortet,unanswered
instand,instant
fußmassage,foot massage
havana,Havana
hak,hak
froy,froy
bodine,body
sabbert,drools
taucheranzug,diving suit
vorbeilaufen,walk by
jamies,jamies
bedauerlicher,regrettable
kindeskinder,grandchildren
gemeinschaftsraum,common room
biggles,biggles
hängengeblieben,got stuck
lochs,holes
cleaner,cleaner
gumbo,gumbo
seeigel,sea ​​urchin
geistesabwesend,absentminded
stocken,stall
ogata,ogata
zumindestens,at least
werbebranche,advertising industry
tschechien,Czech Republic
widerwärtigen,disgusting
fanatisch,fanatical
hessen,Hesse
bürokrat,bureaucrat
verachtete,despised
üppige,lush
skilaufen,skiing
inara,inara
havens,havens
santas,Santa's
kulis,pens
ausreise,departure
stooges,stooges
jiao,jiao
betrank,drunk
latten,slats
spürhunde,Sniffer dogs
vorübergehenden,temporary
aufbrach,set off
rangelassen,allowed
rimbaud,Rimbaud
massakers,massacre
amadeus,amadeus
cast,cast
italia,Italy
saite,string
türkisches,Turkish
fragliche,questionable
sylvain,Sylvain
weinstock,grapevine
bok,book
kinderlähmung,poliomyelitis
humboldt,Humboldt
herangetreten,approached
putzte,cleaned
versammle,gather
schubdüsen,thrust nozzles
servier,serve
kampfschrei,battle cry
gefestigt,consolidated
folterkammer,torture chamber
kanes,Kanes
recke,recke
reviers,district
gewichen,yielded
maru,maru
motorenlärm,engine noise
flavius,flavius
jamil,jamil
verwicklungen,entanglements
zloty,zloty
devonshire,Devonshire
faindt,findt
eingepfercht,confined
pennington,Pennington
zeitzone,time zone
nanette,nanette
arbeits,work
pontifex,pontifex
raumschiffes,spaceship
kosterman,kosterman
wok,wok
schmeisst,throws
nails,nails
fraga,question
individuums,individual
todessehnsucht,death wish
exhumierung,exhumation
abbinden,tie off
detektivarbeit,detective work
monkford,monkford
lebensenergie,life energy
lister,lister
ebenezer,Ebenezer
abgefahrenen,crazy
pittman,Pittman
lev,lev
schussbahn,shooting trajectory
entsetzlicher,horrific
hauptschalter,main switch
übermaß,excess
font,font
amadeu,amadeu
schielen,squint
stromleitungen,power lines
atsushi,atsushi
sendern,broadcasters
frischlinge,piglets
vierteln,quarter
ghb,ghb
quinton,quinton
davonfliegen,fly away
tierschutz,animal welfare
laube,arbor
fundamentale,fundamental
erzähls,tell
kaleb,Caleb
pflichtbewusstsein,sense of duty
raushauen,slam it all back
püree,puree
aufgebrachtes,agitated
darmok,Darmok
kinderstube,nursery
giorgia,giorgia
blutverdünner,blood thinners
hauptteil,main part
geisterwelt,spirit world
flötenmusik,flute music
glückes,happiness
erschiess,shoot
einliefern,deliver
allerwichtigsten,most important
blaster,blaster
auszubeuten,to exploit
wesentlicher,essential
chronischer,chronic
deerfield,deerfield
kazuki,Kazuki
geschaufelt,shoveled
anzustoßen,to initiate
zurschaustellung,display
khaled,Khaled
durchgeschüttelt,shaken up
weibes,female
zugesichert,assured
bolognese,bolognese
bösartiges,malignant
kinderlos,childless
klavierunterricht,piano lessons
yak,yak
energiesignatur,energy signature
maréchal,marshal
abberufen,recall
abschlussprüfungen,final exams
augie,Augie
danvers,Danvers
drdnung,drdnung
feindselige,hostile
sevens,sevens
zeitgenossen,contemporaries
erdloch,earth hole
verrotte,rot
gartlant,garden
ungleichheit,inequality
grenzer,border guard
noreen,noreen
bloßer,mere
dori,dori
krepier,corpse
weiterbringen,to advance
geilheit,lust
glasscheibe,glass pane
wabash,wabash
blinzle,blink
verdampfen,evaporate
unaufrichtig,insincere
sinnlosigkeit,futility
knilch,kid
zielgeraden,home straight
polizeiautos,police cars
beefsteak,beefsteak
verbindungsoffizier,liaison officer
läufige,in heat
zerteilen,divide
mutt,mutt
gewitzt,clever
ceku,ceku
durchkommst,get through
gesell,social
spähtrupp,reconnaissance patrol
friedvolle,peaceful
fahri,Fahri
archers,archers
vergöttere,idolize
flep,flep
berlins,Berlin's
gruppentherapie,group therapy
gantz,gantz
bekleckert,stained
bilal,bilal
nahmt,took
anspreche,address
unbemannte,unmanned
vertretbar,justifiable
verkomplizieren,complicate
morozov,morozov
flintwinch,flintwinch
jesuiten,Jesuit
heroisch,heroic
liebreiz,charm
unverschlossen,unlocked
holländisch,Dutch
sherpa,sherpa
zeitungsjunge,newspaper boy
abschaltet,switches off
schwenk,swivel
anleitungen,instructions
wegnahm,took away
meistbietenden,highest bidder
hautkrebs,skin cancer
preiselbeeren,cranberries
humpty,humpty
resten,remains
durchtrieben,cunning
loris,Loris
dekorationen,decorations
luftschächte,air shafts
verdurstet,died of thirst
erdstreitkräfte,Earth forces
proxima,proxima
oberflächen,surfaces
sauferei,drinking
léo,Leo
kindlich,childlike
geächtet,ostracized
benachrichtigung,notification
intelligenteste,most intelligent
schuljungen,schoolboys
schausteller,showman
rachei,revenge
seegang,sea ​​state
lappalie,triviality
leisesten,quietest
herbeizuführen,to bring about
fälschte,fake
verkalkt,calcified
mute,mute
ferkelchen,piglets
herauslassen,release
durchblicken,see through it
entgleisen,derail
klerus,clergy
stream,stream
kinsella,kinsella
wiederkriegen,get it back
einflussreicher,influential
moralvorstellungen,moral concepts
kalif,caliph
streep,stripe
baxters,Baxters
shigeru,shigeru
pushy,pushy
begehr,desire
verbranntes,burnt
flat,flat
atomenergie,nuclear energy
prostituieren,prostitute
abgestumpft,dulled
synaptischen,synaptic
wischst,wipe
halfst,helped
liane,liane
inter,inter
sumatra,Sumatra
ryuzaki,ryuzaki
bewähren,prove their worth
prinzips,principles
begünstigen,favor
wirwollen,we want
begrapschen,grope
geschäftsleben,business life
widow,widow
bulldogs,bulldogs
manfredi,Manfredi
müllhaufen,garbage heap
verpestet,polluted
fertigwerden,finish
vorderste,foremost
gelbsucht,jaundice
kostbarste,most precious
jab,jab
duzend,dozen
abtrennung,separation
objektträger,slide
zahlreicher,numerous
unwahrscheinlichen,unlikely
entgegengesetzten,opposite
perth,Perth
deuce,deuce
irrtümer,errors
zusammenpasst,fits together
benannte,named
gezwinkert,wink
klassenbester,best in class
lächele,smile
trüge,deceptive
missgeburten,deformities
wanderungen,hikes
überschüssige,excess
einseitige,one-sided
wissenschaftlers,scientist
kanonendonner,cannon fire
stämmig,sturdy
vitaly,vitaly
mickeys,Mickey's
nisi,nisi
hinhaut,works
zustechen,stab
aufpeppen,spice it up
scheibenkleister,Damn it!
rumzustehen,to stand around
baelfire,baelfire
martyrium,martyrdom
kavanaugh,kavanaugh
ruhetag,day off
quadratwurzel,square root
zevlos,zevlos
keiler,boar
ausrutschen,slip
schädlichen,harmful
saphir,sapphire
sukiyaki,sukiyaki
aussähe,would look
marquesa,Marquesa
tarr,tarr
record,record
gebrechlich,frail
hesse,Hesse
großherzogin,Grand Duchess
verursachst,caused
sticks,sticks
aline,aline
johansen,Johansen
tempelritter,Templar Knights
pfefferkuchen,gingerbread
kalkstein,limestone
tapferkeitsmedaille,medal for bravery
abfeuert,fires
schulleiterin,headmistress
übergabeort,handover location
zalatschenko,zalatschenko
unangemessene,inappropriate
weihnachtsstimmung,Christmas spirit
warlocks,warlocks
gefreiten,private
scarborough,scarborough
boovs,boovs
jodi,jodi
reginas,Regina's
ergattert,snagged
trapp,trapp
streu,scatter
apollon,Apollo
läutete,rang
rinti,rinti
benehmens,behavior
penguin,penguin
oeuvres,works
sande,sands
damenwahl,ladies' choice
zwangsvollstreckung,foreclosure
sche,she
erdolcht,stabbed
drill,drill
verteufelt,demonized
reproduziert,reproduced
hokuto,hokuto
geburtshilfe,obstetrics
rührselig,sentimental
malroux,malroux
verderbt,spoiled
bekämst,you would get
aileen,aileen
nagachika,nagachika
originelles,original
gebüßt,atoned
autobiographie,autobiography
fahrgemeinschaft,carpool
jerôme,Jerome
bastelt,crafts
eckbüro,corner office
streusel,sprinkles
lodert,blazing
marokkaner,Moroccan
undurchdringlich,impenetrable
holodecks,holodecks
malory,malory
streß,stress
poetische,poetic
herauskriegen,find out
utopie,utopia
anbetet,worships
guardo,guardo
erzahlt,told
archimedes,Archimedes
ansprichst,address
fesselten,bound
obamas,Obama
mahlt,grinds
beatty,beatty
eigner,owner
clearasil,clearasil
verwechselte,confused
debby,debby
silvesterabend,New Year's Eve
glühender,glowing
unverwüstlich,indestructible
silberhöhe,silver height
volkslied,folk song
aufhängt,hangs
verglühen,burn up
erwähntest,you mentioned
spangler,spangler
anfängerfehler,beginner mistakes
qiang,qiang
beatmen,ventilate
gefreite,private
sprosse,rung
cabernet,cabernet
spielkameraden,playmates
wedel,frond
piranha,piranha
elektromagnetisches,electromagnetic
biologe,biologist
couldn,can
geburtstagskarte,birthday card
proffy,proffy
anpiepsen,beep
walz,rolling
nagelfeile,nail file
bout,bout
meinungsfreiheit,freedom of expression
legierung,alloy
canadian,Canadian
bratton,bratton
dazusetzen,add
therapeutisch,therapeutic
konsens,consensus
jas,yes
leonore,leonore
verhielten,behaved
seifenblasen,soap bubbles
konzerns,group
demütigt,humble
lasters,vices
nordost,northeast
beruhigende,calming
beda,beda
beteuert,asserts
schrotflinten,shotguns
thörnblad,thörnblad
sicherte,secured
angeekelt,disgusted
andersons,Andersons
botanischen,botanical
tuan,tuan
steuerte,controlled
wagenschlüssel,car key
vorbildlicher,exemplary
nachtzug,night train
gekickt,kicked
helms,helms
cuffy,cuffy
oxly,oxly
backpulver,baking powder
missbrauchs,abuse
hänger,trailer
elmo,elmo
verpackungen,packaging
heuschnupfen,hay fever
hierherkam,came here
killing,killing
iblis,iblis
umstrukturierung,restructuring
albanisch,Albanian
ncaa,ncaa
larssen,Larssen
weltberühmte,world-famous
verlobungsparty,engagement party
turms,tower
schleimscheißer,sycophant
dupré,dupré
jima,Jima
rochefort,Rochefort
platzierung,placement
dringendsten,most urgent
turks,Turks
frankel,Frankel
übergossen,doused
whitehead,whitehead
primitiver,primitive
ondris,ondris
eirick,eirick
anzog,attracted
zinnen,battlements
selah,selah
königsmörder,regicide
kojak,kojak
veräppelt,mocked
tano,tano
riesengroßer,gigantic
fünfkampf,pentathlon
rumänen,Romanians
geldverdienen,earn money
théoden,théoden
felton,felton
örtlicher,local
tauron,Tauron
serenas,Serena's
beunruhigte,worried
mietshaus,apartment building
grandiosen,magnificent
augsburg,augsburg
ziviler,civilian
gelbfieber,yellow fever
bucket,bucket
widerruf,revocation
epsilon,epsilon
schreibtischjob,desk job
baran,baran
names,names
styropor,styrofoam
keefe,keefe
sangria,Sangria
anwaltschaft,legal profession
büroklammer,paperclip
jibril,jibril
herablassen,lower
basini,basini
konzentrierten,concentrated
sixtinische,Sistine Chapel
ä,a
nintendo,nintendo
überstehe,survive
unerlaubte,unauthorized
blomkvist,Blomkvist
finds,finds
artefakten,artifacts
ochoa,ochoa
unangebrachte,inappropriate
thronsaal,throne room
liaison,liaison
zerrissene,torn
grievous,grievous
wettete,bet
entlastung,relief
vorauszusehen,to be expected
leergeräumt,emptied
ketcham,ketcham
flaches,flat
mäxchen,little Max
nachhaltige,sustainable
graces,graces
überlebens,survival
mitverschwörer,co-conspirator
lichen,lichen
weltanschauung,worldview
germany,Germany
sarita,sarita
heyer,heyer
jinx,jinx
schwimmwesten,life jackets
kafka,Kafka
kampfhandlungen,combat operations
herauszuhalten,to be kept out
randale,riot
borgst,borrow
kees,kees
elendig,miserable
klammere,bracket
wikus,wikus
mäht,mows
ausgeblutet,bled out
kantor,cantor
hauer,hauer
calculon,calculon
überblicken,overview
samstagnacht,Saturday night
undiszipliniert,undisciplined
hochgearbeitet,worked up
lansky,lansky
kniebeugen,squats
blaskapelle,brass band
visuelles,visual
widerwärtige,disgusting
schauspielschule,acting school
beigesteuert,contributed
weitergeführt,continued
berthold,Berthold
vash,vash
devin,devin
schabernack,mischief
regenschirme,umbrellas
liefer,delivery
kontra,against
höfgen,Höfgen
träfe,would
granville,Granville
tindle,Tindle
eaton,eaton
bakterielle,bacterial
schalteten,switched
mor,more
aufhältst,stay
geheiminformationen,classified information
datenstrom,data stream
portale,portals
inkarnation,incarnation
schweinekoteletts,pork chops
erkennungszeichen,identifying mark
onkologen,oncologists
deedee,deedee
wasserdampf,water vapor
resistance,resistance
ahhhh,ahhhh
saboteure,saboteurs
warmsley,Warmsley
qualifizierter,qualified
marthy,marthy
weltgrößten,world's largest
spezifizieren,specify
spammi,spammi
heimzukehren,to return home
verrücktwerden,go crazy
duncans,Duncan's
kadokawa,kadokawa
arte,arte
jodelt,yodels
hauswart,caretaker
streichhölzern,matches
absieht,anticipates
nishi,nishi
wildhüter,gamekeeper
ostwind,east wind
koksen,cocaine
thomason,Thomason
debakel,debacle
method,method
schiffsladung,ship's cargo
kuo,kuo
sling,sling
dewitt,dewitt
kubikmeter,cubic meter
bauernmarkt,farmers market
oshare,oshare
toxikologische,toxicological
construction,construction
föderationsraumschiff,Federation spaceship
praktiziere,practice
dawg,dawg
lungenflügel,lung
plündert,plunders
munitionslager,ammunition depot
halifax,Halifax
gestreifte,striped
grünbaum,green tree
shintaro,Shintaro
zurückgesetzt,reset
inspektionen,inspections
wanted,wanted
unbesonnen,reckless
falschheit,falsehood
zeitkapsel,time capsule
entflohene,escaped
aux,aux
amphitryon,amphitryon
prominenz,celebrity
mittleres,medium
muntert,cheers
zambrano,zambrano
gepanzert,armored
friedhofs,cemetery
verbreitest,spread
enola,enola
epizentrum,epicenter
comfort,comfort
zinken,prongs
beizubehalten,to maintain
gewürfelt,rolled
perfektem,perfect
sphären,spheres
mazarin,Mazarin
seemänner,sailors
gewöhnte,accustomed
schwedens,Sweden's
seherin,seer
honigtopf,honey pot
eindringlingen,intruders
hereinplatzen,burst in
caa,caa
wendigo,wendigo
josephson,Josephson
durchforsten,browse
verknüpfen,link
schopf,forelock
unfallopfer,accident victims
schlagloch,pothole
stelldichein,rendezvous
lochen,punch
lnteressant,Interesting
buchenwald,beech forest
erkundigte,inquired
herumgespielt,played around
markierte,marked
vertraglich,compatible
rüstet,equips
gießerei,foundry
manisch,manic
able,able
rasante,rapid
gwenda,Gwenda
erdacht,conceived
konstanten,constant
zingal,zingal
dagestanden,stood there
gestalkt,stalked
babette,babette
frigg,frigg
drogenbaron,drug lord
zwischenzeitlich,in the meantime
verstärke,reinforce
platzierten,placed
mixtur,mixture
versuchsperson,test subject
miihouse,miihouse
schweißer,welder
geschwindelt,cheated
cairo,Cairo
lebenswillen,will to live
stromkabel,power cable
stockend,halting
swagger,swagger
schwuli,gay
semtex,semtex
gedulde,patience
denzel,denzel
kartenhaus,house of cards
wahrscheinlichste,most likely
wüsst,knew
verbale,verbal
überzeugten,convinced
unablässig,incessant
besäufnis,drunkenness
werth,Werth
heckenschütze,sniper
streak,streak
anketten,chain
abkratzt,scrapes off
kompromisslos,uncompromising
täusch,deceptive
geheizt,heated
khaki,khaki
nachzujagen,to chase
brüchig,brittle
erhoffte,hoped
brillantes,brilliant
lauthals,loudly
beths,Beth's
smog,smog
europäisch,European
ausgemustert,decommissioned
verstärkten,reinforced
variiert,varies
bedienungsanleitung,user manual
gewachst,waxed
schütt,pour
ausgeschüttet,poured out
kibbuz,kibbutz
kirre,crazy
manrico,manrico
vassago,vassago
bettnässer,bedwetter
dobis,dobis
talkshows,talk shows
strabe,strabe
kopfbedeckung,headgear
trainingsprogramm,training program
resultiert,results
getürkt,faked
bamba,bamba
katthult,katthult
descartes,Descartes
stiftet,donates
regimes,regimes
jacqui,Jacqui
yoshitsune,yoshitsune
eiersalat,egg salad
rauchzeichen,smoke signals
pains,pains
abbys,Abby's
blutfleck,bloodstain
schwingung,vibration
konfrontationen,confrontations
heimgezahlt,paid back
schwerere,heavier
raufgekommen,came up
hamza,hamza
feinkostladen,delicatessen
bedurfte,required
ghostbusters,Ghostbusters
projektionen,projections
graumann,Graumann
gottlos,godless
violeta,violeta
wahrhaftige,TRUE
selbstredend,self-evident
runterbeamen,beam down
widerrufe,revoke
unbestimmt,indefinite
vertrauensprobleme,trust issues
primzahlen,prime numbers
hargrove,hargrove
schweins,pig
selbstdisziplin,self-discipline
imperators,emperors
klärchen,klarchen
eigentümerin,owner
hallihallo,Hello Hello
notausgänge,emergency exits
dastehe,there
okkulte,occult
fehlgeleitet,misguided
unterstreicht,underlines
sahai,Sahai
konferenzzimmer,conference room
renommierten,renowned
strafkolonie,penal colony
koba,koba
dok,document
zierde,ornament
mancha,mancha
gangway,gangway
mamie,mamie
vertraulicher,confidential
grundeis,ground ice
trostlose,bleak
verspürst,do you feel
heitert,cheers
bhai,bhai
runtergeworfen,thrown down
angrenzenden,adjacent
varney,Varney
kursen,courses
dylans,Dylan's
bedrückend,oppressive
eigenarten,peculiarities
firmenpolitik,company policy
gebraut,brewed
gepoppt,popped
gesellschaftliches,social
veer,four
billigem,cheap
absägen,saw off
adjektiv,adjective
stürmischer,stormy
allamaraine,allamaraine
maison,maison
blödeste,stupidest
molekülen,molecules
durchhalte,persevere
lochiey,lochiey
tomoe,tomoe
pinkelte,peed
umbenannt,renamed
programmiere,program
blinzler,blinker
tartar,tartar
überraschten,surprise
justieren,adjust
ladefläche,loading area
provozierst,you provoke
bofur,bofur
wohnungsschlüssel,apartment key
columbine,Columbine
sicherheitsrat,security council
teigtaschen,dumplings
osen,ose
wildeste,wildest
abzuwischen,to wipe
justizirrtum,miscarriage of justice
chul,school
dummies,dummies
fortsetzt,continues
lebensgefährtin,life partner
unbestritten,undisputed
weitblick,long-term view
gefilzt,felted
elam,elam
pobacken,buttocks
höllenhund,hellhound
pulsieren,pulsation
basketballspieler,basketball player
ee,ee
verklebt,glued
schlichtes,simple
staatsoberhaupt,head of state
alors,alors
allgemeinwohl,common good
aufwühlen,to stir up
israeli,Israeli
protestantische,Protestant
dauphin,dauphin
vollzeitjob,full-time job
bombenangriff,bombing
openshaw,openshaw
riesengroßen,gigantic
fabiana,Fabiana
verschlossener,sealed
gottheiten,deities
reiniger,cleaner
errechnet,calculated
anatoli,Anatoli
nugget,nugget
billion,trillion
hingibt,gives
lives,lives
grösseren,larger
somewhere,somewhere
wagenladung,wagonload
potthässlich,ugly
geschäftsidee,business idea
puschkin,Pushkin
hochzeitssuite,wedding suite
allenfalls,at most
motta,motta
vergöttern,to idolize
source,source
salas,salas
kostbarkeiten,precious things
mehrfachen,multiple
rauchverbot,no smoking
zupfen,pluck
easty,easy
tragik,tragedy
takada,takada
zapfenstreich,tattoo
unpünktlich,unpunctual
akzente,accents
herbeirufen,summon
einheimsen,to collect
bestrafte,punished
greenway,greenway
fußballspieler,football player
schals,scarves
schmierst,smear
ashikawa,ashikawa
konfiguriert,configured
reaktionär,reactionary
feli,feli
rausgehauen,ripped out
skalpieren,scalp
atavus,atavus
exekutionskommando,firing squad
zi,zi
kreditwürdigkeit,credit-worthiness
westeuropa,Western Europe
aimé,love
khmer,Khmer
coolidge,Coolidge
regungslos,motionless
vorschlägst,you suggest
geschäftssinn,business acumen
capito,capito
geniestreich,stroke of genius
hingehauen,smashed
blockt,blocks
zärtlichkeiten,tenderness
runway,runway
leihwagen,rental car
lanning,lanning
riesenbaby,giant baby
sternhagelvoll,completely drunk
geiz,stinginess
hmh,hmm
ginevra,ginevra
grausig,gruesome
fensterbank,windowsill
fedex,FedEx
überstellung,transfer
einband,cover
cayenne,cayenne
beschwerlich,arduous
finney,finney
salih,Salih
hayashi,hayashi
allerschlimmste,worst
schwurgericht,jury trial
haci,haci
yussuf,Yussuf
angreifers,attacker
tonino,tonino
marr,marr
augenmerk,focus
verkümmern,wither
telephon,telephone
wildheit,wildness
verbrechers,criminal
schmock,schmuck
lubos,lubos
bjame,bjame
hinläufst,you run there
benennt,names
vorstellungsgespräche,job interviews
prätorianer,Praetorian
ohja,oh yes
walkie,walkie
doppeldate,double date
heimen,homes
mechanischer,mechanical
abzusuchen,to search
sauerstoffzufuhr,oxygen supply
leids,suffering
wards,wards
aswang,aswang
moonraker,moonraker
cinque,five
naturgesetze,laws of nature
geschäftsplan,business plan
menschsein,Being human
schlupfwinkel,hiding place
hannigan,Hannigan
oberflächlichen,superficial
fortgeführt,continued
lebensziel,life goal
dogge,Great Dane
aufzuschlagen,to open
betriebsrat,works council
verplant,planned
wet,wet
pace,pace
gewittert,thunderstorm
schießübungen,shooting practice
steinbock,Capricorn
vorgesehenen,intended
satsuki,satsuki
dörrfleisch,dried meat
wassertropfen,water droplets
todsünden,deadly sins
landwirtschaftliche,agricultural
schriftzug,lettering
kath,Catholic
verzückung,rapture
stottere,stutter
ns,ns
tippst,types
anfingst,you started
frühlingstag,spring day
maje,Maje
küßt,kisses
regung,movement
ambitioniert,ambitious
oates,oates
pharisäer,Pharisees
abertausende,tens of thousands
toola,toola
bewegungslos,motionless
isaiah,isiah
dabehalten,retained
dior,dior
beigeben,add
rausgetragen,carried out
ruslan,ruslan
abgeklappert,checked off
kopflos,headless
stockt,stalls
kochs,kochs
neutronen,neutrons
weitergefahren,continued
schnitzereien,carvings
truly,truly
wasserdruck,water pressure
nattie,nattie
hinterhältiges,treacherous
weihnachtsstern,poinsettia
tragischerweise,tragically
bainbridge,Bainbridge
lautsprecherdurchsage,loudspeaker announcement
zerrissenen,torn
worthington,worthington
zeugten,witnessed
joringel,joringel
liegenbleiben,to lie down
achteinhalb,eight and a half
niagarafälle,Niagara Falls
anfänglich,initially
härteren,harder
lakes,lakes
spezialagent,special agent
vorangekommen,progress
gürtelschnalle,belt buckle
dec,dec
natural,natural
mclean,mclean
gearscht,screwed
entflammen,ignite
youssef,youssef
kopfzerbrechen,headache
heimtückische,insidious
rookie,rookie
heine,Heine
vétheuil,vétheuil
angeschrieen,yelled at
hochentwickelte,highly developed
variable,variable
bewegungsfreiheit,freedom of movement
abzukühlen,to cool down
venture,venture
weimar,Weimar
zugemutet,expected
kiwi,kiwi
siegreiche,victorious
gianopolous,gianopolous
fossilen,fossil
liebiing,love
nimmo,nimmo
kingo,kingo
anlegte,created
goken,goken
qualmen,smoke
rosette,rosette
hüllt,wraps
tracks,tracks
sterile,sterile
verschlag,shed
tine,tine
prallte,bounced
umhängen,hang over
tiara,tiara
anthropologe,anthropologist
dahl,dahl
dearden,dearden
crisp,crisp
biochemische,biochemical
existent,existent
gurrt,coos
ölfelder,oil fields
systemherren,system masters
lammkeule,leg of lamb
iwf,IMF
ratsmitglied,council member
schmelztiegel,melting pot
lesley,Lesley
stitch,stitch
turniers,tournament
tricksen,trickery
anlüge,lie
thalberg,thalberg
durchsprechen,discuss
demi,demi
pawlowitsch,Pavlovich
chain,chain
yegor,Yegor
vatertag,Father's Day
dickste,thickest
antonin,antonin
vorfeld,in advance
maybourne,Maybourne
tidwell,tidwell
duzt,informal
kinderkriegen,having children
rausstellt,turns out
akka,Akka
würdelos,undignified
vorzügen,advantages
pints,pints
verschwimmen,blur
messung,measurement
verena,Verena
spendensammlung,fundraising
stopfst,stuff
reinbeißen,Take a bite
molin,molin
balu,balu
hammersmith,hammersmith
jugendgefängnis,juvenile prison
toña,toña
explodierenden,exploding
kryptonischen,Kryptonian
lappland,Lapland
flocken,flakes
weihnachts,Christmas
vermeintliche,alleged
säuglinge,infants
sheridans,Sheridans
wolkenbruch,cloudburst
täterin,perpetrator
vergewissert,confirmed
bluebird,bluebird
matsushima,Matsushima
arendelle,Arendelle
beschlüsse,decisions
parolen,slogans
breton,Breton
ratchett,ratchett
engere,closer
vermurkst,botched
sounds,sounds
easter,Easter
heterosexuelle,heterosexual
zusammenfinden,come together
kreisel,roundabout
ausdrücklichen,express
schlappmachen,give up
kanus,canoes
duftende,fragrant
utopium,utopium
mystisch,mystical
alais,alais
amarillo,yellow
däumeline,Thumbelina
vokabeln,vocabulary
costco,costco
malfoy,Malfoy
novotny,novotny
mellberg,Mellberg
aiiianz,aiiianz
ausgeknockt,knocked out
marzia,marzia
fünfen,five
siesind,they are
schneite,snow
solaris,solaris
azul,azul
fifty,fifty
unmöglichem,impossible
upload,upload
untot,undead
vorarbeit,preliminary work
umsorgt,cared for
dämlichste,dumbest
innehalten,pause
gemachter,made
traben,trot
bubbie,bubbie
raumbasis,space base
kaffeebecher,coffee mug
prahlte,boasted
omnimago,omnimago
geschwollenen,swollen
todschick,very chic
vicente,Vicente
goode,good
pjöngjang,Pyongyang
bothwell,bothwell
versagern,failures
wiggum,wiggum
frostbeulen,frostbite
ungeschützten,unprotected
unterkiefer,lower jaw
salate,salads
predigte,sermon
nachgeschmack,aftertaste
schönheitschirurgen,cosmetic surgeons
mitgehe,come along
vermisstenmeldung,missing person report
medizinstudenten,medical students
nordberg,Nordberg
privatgelände,Private
schallendes,resounding
tampico,tampico
packet,packet
abonniert,subscribed
maitre,maître
bettlerin,beggar
köfferchen,small suitcase
satansbraten,Satan's roast
rammer,Rammer
schürhaken,poker
sekundanten,secondary
chirurgischer,surgical
bestialisch,bestial
thies,these
eingreiftruppe,intervention force
gigant,giant
hymie,hymie
umgestiegen,changed
tavernier,tavernier
keiichi,keiichi
milky,milky
davongemacht,made off
mallard,Mallard
singenden,singing
ausgestopften,stuffed
besorgung,errand
rianne,Rianne
rackham,rackham
probably,probably
fearless,fearless
spinnerin,spinner
umkommt,dies
neufundland,Newfoundland
bekannteste,most well-known
neuner,nine
bounty,bounty
forschern,researchers
rosarote,pink
kletterten,climbed
kundinnen,female customers
kantmiss,Kantmiss
mirakelhof,Miracle Court
lancey,lancey
musikgeschmack,musical taste
rube,turnip
festivals,festivals
kiddo,kiddo
luftröhrenschnitt,Tracheotomy
lönneberga,Lönneberga
maslowa,maslowa
atze,atze
unterhemd,undershirt
isolierten,isolated
moab,moab
märtyrerin,martyr
gastfreundlichkeit,hospitality
marschiere,march
fußnägel,toenails
köpft,beheads
piedmont,Piedmont
geschwollene,swollen
lovecraft,Lovecraft
verbietest,forbid
kochkurs,cooking class
craigs,Craigs
atrium,atrium
raynard,Raynard
empfangshalle,lobby
akupunktur,acupuncture
schiffsarzt,ship's doctor
abwirft,throws
porridge,porridge
mingo,mingo
durchzudringen,to penetrate
huike,Huike
hightech,high-tech
krimskrams,knick-knacks
staatskasse,state treasury
einstweilen,for the time being
modisch,stylish
wigand,Wigand
hörsaal,lecture hall
angeschrieben,written
throne,throne
exorzist,exorcist
wohltaten,benefits
abreißt,tears off
fords,Fords
dachschaden,roof damage
patriotischen,patriotic
klingonisches,Klingon
einplanen,plan
lachse,salmon
erdogan,Erdogan
eiling,Eiling
folterten,tortured
aufwarten,to offer
acerola,acerola
déjà,déjà
ff,ff
gewacht,awake
lafleur,lafleur
schwimmenden,floating
squares,squares
grottenschlecht,awful
fracking,fracking
fourth,fourth
wizard,wizard
knacks,crack
panorama,panorama
urteils,judgment
mores,mores
gehisst,hoisted
fangzähne,canine teeth
zuzu,to
astronomisch,astronomic
hauptstraßen,main streets
nä,na
sο,so
smelly,smelly
altruan,Altruan
axe,axe
übersetz,translate
wilford,wilford
geweht,blown
wespennest,wasp nest
verzichtete,waived
mittelalters,medieval
krummes,crooked
trübselig,gloomy
waverly,waverly
theoretischen,theoretical
schlüsselfigur,key figure
belize,Belize
clermont,Clermont
vermiest,spoiled
kontroversen,controversial
taschendiebe,pickpockets
slide,slide
dshamilja,dshamilja
jubelschreie,cheers
jagdhütte,hunting lodge
geschmacklosen,tasteless
yley,yley
unstimmigkeit,discrepancy
müßtest,you would have to
herzlichsten,most cordial
bäckström,bäckström
bundsch,bundsch
domenico,Domenico
duftenden,fragrant
dutt,bun
wahljahr,election year
aurélie,Aurélie
erstgeborener,firstborn
verantwortungsgefühl,sense of responsibility
allwissend,omniscient
jaaaa,yeeees
slogans,slogans
weiterging,continued
beurlauben,leave of absence
zurückbrachte,brought back
mitgewirkt,participated
mütterlichen,maternal
feuerlord,firelord
baerlica,baerlica
zerschlägt,smashes
schimpfte,scold
ungereimtheiten,inconsistencies
hirns,brains
geschärft,sharpened
zurückverfolgbar,traceable
computerprogramm,computer program
stage,stage
lüftchen,breeze
doesn,doesn
boddy,body
brüderlich,brotherly
pflichtbewusst,conscientious
ansätze,approaches
verwöhnten,spoiled
drogensüchtiger,drug addict
überwindung,overcoming
bogan,bogan
lagerung,storage
feindseligen,hostile
taxen,taxis
sorgfältige,careful
staus,traffic jams
bestrebungen,efforts
übernächsten,the day after next
unfreiwillig,involuntarily
privilegierte,privileged
schneckenhaus,snail shell
herrschten,prevailed
supi,great
lugo,Lugo
leichteres,lighter
shubin,shubin
taipeh,Taipei
limone,lime
schmerzfrei,pain-free
glückssache,a matter of luck
sonderbaren,peculiar
ichabod,ichabod
muttis,moms
eislaufen,ice skating
huldigung,homage
pall,pall
dianas,Diana's
herauszugeben,to issue
diözese,diocese
lebtest,lived
entspringen,originate
nächstgelegenen,nearest
bestärken,reinforce
bundesstaatsanwalt,federal prosecutor
fütterung,feeding
animieren,animate
streut,scatters
kneißl,Kneißl
kopflose,headless
scheckheft,checkbook
gelange,reach
hintun,put
mccord,McCord
omer,omer
manege,circus ring
speaker,speaker
television,television
darkseid,darkseid
finanzielles,financial
willigen,willing
erwill,he wants
jagdgewehr,hunting rifle
handgemenge,Scuffle
morgensonne,morning sun
unterhaltsamer,entertaining
musikalisches,musical
jace,jace
schuljahres,school year
eisprung,ovulation
mindert,reduces
petter,Peter
beeii,beeii
zerstochen,stung
onanieren,masturbate
hausangestellte,domestic staff
tongs,tongs
greenfield,greenfield
kriegsminister,war minister
journey,journey
enamorada,enamorada
seeräuber,pirates
unfassbare,unbelievable
nuklearer,nuclear
frühlingsrolle,spring roll
sprengkraft,explosive force
zustands,condition
abgearbeitet,completed
gepolter,thumping
ehrst,honor
durchgesickert,leaked
pflegten,used to
schülers,student
aufgreifen,pick up
röcken,skirts
hartnäckiger,persistent
aktienmarkt,stock market
weisser,white
hingeworfen,thrown down
fehlschläge,failures
muskatnuss,nutmeg
kriegsherren,warlords
schwangerschaften,pregnancies
fortgehst,you go
zugunglück,train accident
ackern,plow
abgeschreckt,deterred
mitspielst,you play
leduc,leduc
naritsugu,naritsugu
debussy,debussy
zentralrechner,central computer
untersuch,investigate
jupiters,Jupiter
eingearbeitet,incorporated
euerm,your
funkel,sparkle
bottel,bottle
hiromi,hiromi
barfrau,barmaid
abkriegt,gets it
schwatzt,chatter
abdanken,abdicate
beifallklatschen,applause
togusa,togusa
bertone,Bertone
hintermänner,behindmen
hörzu,listen
schmuckkästchen,jewelry box
entglitten,slipped
digitaler,digital
nachuntersuchung,follow-up examination
superkräften,superpowers
tuo,tuo
quintessenz,quintessence
planetenoberfläche,planetary surface
abgefahrenes,crazy
vilar,vilar
retriever,retriever
washburn,Washburn
posse,posse
muchacho,muchacho
musiklehrer,music teacher
racquetball,racquetball
near,near
euere,your
taut,thaws
zubrot,extra income
char,char
liston,liston
schokoladenfabrik,chocolate factory
vorplatz,forecourt
pferdemist,horse manure
unerlaubter,unauthorized
champs,champs
reinigungsmittel,cleaning agents
heuchlerisch,hypocritical
nachtflug,night flight
billigt,approves
wenger,wenger
sabian,sabian
aufgesprungen,jumped up
kaja,Kaja
hackenbush,Hackenbush
beweglichen,movable
ishimatsu,ishimatsu
getrockneten,dried
ferraris,Ferraris
zwänge,compulsions
bomba,bomba
entgleist,derailed
explodierende,exploding
fahrlässige,negligent
finlay,finlay
gebrauche,use
lumpur,Lumpur
zurückerobert,recaptured
trog,trough
klassenlehrer,class teacher
pfadfinderehrenwort,Scout's honor
neubau,new building
eisern,iron
moshe,moshe
casca,casca
sesamstraße,Sesame Street
viktorianische,Victorian
instabile,unstable
nickte,nodded
südost,southeast
ferenginar,ferenginar
fluktuationen,fluctuations
beweinen,mourn
muffi,muffi
savino,Savino
tecumseh,tecumseh
vermassele,mess it up
baylin,baylin
ärmeln,sleeves
aufgedrängt,imposed
zöllner,customs officer
rayden,Rayden
abkömmling,offspring
containern,container
boğaç,boğaç
ungezogenes,naughty
bürgerlicher,bourgeois
hemmen,inhibit
lovejoy,lovejoy
eingelaufen,arrived
bangladesch,Bangladesh
erregtes,excited
seiteneingang,side entrance
umweltschutz,environmental protection
marching,marching
zimmertür,room door
heraufbeschwören,conjure up
crewes,crewes
bardot,bardot
vierundzwanzig,twenty-four
warfield,Warfield
dingens,thingy
rettungshubschrauber,rescue helicopter
gepanzerte,armored
plünderten,looted
leidende,suffering
aprils,April
luce,luce
hinschaut,looks
caterina,Caterina
honk,honk
daliegen,lying there
notier,note
fonda,fonda
holgate,holgate
pieter,pieter
colada,colada
zishe,zishes
marktwirtschaft,market economy
donati,donati
beschlagnahmten,seized
möbelpacker,furniture movers
alleinstehenden,single
alta,alta
ruhigstellen,calm down
kalligraphie,calligraphy
heimischen,local
erschreckender,terrifying
yah,Yah
militärgefängnis,military prison
übereinstimmend,alike
liebestrank,love potion
suhlen,wallow
rumänische,Romanian
heimatort,hometown
billigsten,cheapest
hammonds,Hammonds
pico,pico
legionär,legionary
vorreiter,pioneer
schwulenbar,gay bar
woodford,woodford
abermillionen,millions upon millions
ungeheurer,tremendous
furt,ford
krippenspiel,nativity play
ertappte,caught
bezeuge,testify
umkrempeln,turn upside down
einschluss,inclusion
devine,divine
beirren,mislead
lapidus,lapidus
hanke,hanke
halsketten,necklaces
abgelegene,remote
catherlne,catherlne
hedgefonds,hedge funds
gazpacho,gazpacho
obszönen,obscene
ohrringen,earrings
shields,shields
ruderer,rower
zurückgebliebenen,left behind
gotteswillen,God's will
fleur,fleur
überwachst,monitored
auri,auri
schulfreunde,school friends
aime,aime
getextet,texted
camino,camino
pausieren,pause
stinkend,stinking
caul,caul
brandneuer,brand new
nissan,Nissan
hasso,Hasso
siebente,seventh
observation,observation
websites,websites
millionärin,millionaire
speeren,spears
appartements,apartments
seekrankheit,seasickness
jagdgründe,hunting grounds
rinnen,gutters
aussätzigen,lepers
überarbeitete,revised
bräunen,tan
machtwort,authoritative statement
napf,bowl
gangsters,gangsters
abgründe,abysses
gower,gower
fernbeziehung,long-distance relationship
percival,percival
trine,trine
willkommener,welcome
aufspürt,tracks down
aktes,actes
äfft,ape
ungebührlich,inappropriate
bettwanzen,bed bugs
seibei,be there
pennst,sleep
verbürgt,guaranteed
faustkampf,fistfight
ehrgeizigen,ambitious
schwämme,sponges
zisterne,cistern
kurden,Kurds
sichs,itself
liebschaft,love affair
ursprünglicher,original
darueber,about it
unsterblicher,immortal
allerliebste,dearest
spontaneität,spontaneity
griesgram,grouch
schürt,fuels
actually,actually
stina,Stina
toujours,toujours
teutates,teutates
nervenbahnen,nerve pathways
vik,vik
lilian,Lilian
goober,goober
brüderliche,fraternal
arriba,Arriba
chaplins,Chaplin's
unterernährt,malnourished
neptune,Neptune
silvers,silvers
gekrallt,clawed
rebadow,rebadow
dazugeben,add
stingo,stingo
technology,technology
mcallister,mcallister
unbesiegt,undefeated
phobien,phobias
bestach,bribed
liebenswerten,lovable
jappeloup,jappeloup
gnä,gnä
grashalm,blade of grass
stratosphäre,stratosphere
unbewohnbar,uninhabitable
greggs,Greggs
gum,gum
geldhahn,money tap
schultasche,school bag
herunterfahren,shut down
cartagia,Cartagia
lesebrille,reading glasses
vertagung,adjournment
wanderschaft,hiking
waschmaschinen,washing machines
vetternwirtschaft,Nepotism
warb,advertised
tinle,tinle
überbevölkerung,overpopulation
strähnchen,highlights
verbüßt,served time
sprungtor,springboard
susana,Susana
eingekerkert,imprisoned
mora,mora
leblosen,lifeless
parvati,parvati
abenteuerlustig,adventurous
dankbaren,grateful
irr,mistake
satellite,satellite
huronen,Huronen
blutrache,blood feud
ringfinger,ring finger
dekker,decker
hochlegen,lift
lachens,laughter
schiffer,skipper
zehrt,consumes
degas,degas
attack,attack
versiegelte,sealed
entflohener,escaped
prasselt,rains
gna,gna
grummeln,grumbling
geprellt,defrauded
erfreue,delight
kommandoschiff,command ship
wahrheitsgemäß,truthfully
sorgenfrei,carefree
dissidenten,dissidents
ersatzbank,substitute bench
jugendlich,youth
blendete,blinded
bernardino,Bernardino
kapitalist,capitalist
tain,tain
fernhältst,keep away
baumstumpf,tree stump
gefleht,pleaded
rosco,rosco
komtesse,countess
zusammenspiel,interplay
bonne,bonne
rahm,cream
knoxville,Knoxville
nandi,nandi
stra,stra
haushalte,households
silberdollar,silver dollar
lasch,limp
lächerlichste,most ridiculous
leeia,leeia
fonzie,fonzie
mädchenschule,girls' school
gleichauf,on equal terms
quaid,quaid
micheline,Micheline
zugestochen,stabbed
betrügerischer,fraudulent
operette,operetta
gravitationsfeld,gravitational field
parzelle,plot
wuchang,Wuhang
politikerin,politician
vernachlässigung,neglect
wegkomme,get away
benachteiligt,disadvantaged
stonehenge,Stonehenge
delegieren,delegate
joon,joon
mccombs,mccombs
bohre,drill
primadonna,prima donna
nervenzellen,nerve cells
eheberater,marriage counselor
bemalte,painted
cosmopolitan,cosmopolitan
konvois,convoys
atmend,breathing
mignon,mignon
superbowl,Super Bowl
gifford,Gifford
akima,Akima
yeo,yeo
kamerateam,camera crew
harpers,harpers
unterstehe,subject
hochgefahren,powered up
dunson,Dunson
klospülung,toilet flush
rückhalt,support
belüftung,ventilation
heston,heston
familienprobleme,family problems
verschnürt,tied up
gruppieren,group
ratsmitglieder,council members
kifft,smokes weed
verzichtserklärung,waiver
laramie,laramie
serjoscha,serjoscha
zubinden,tie
sullivans,Sullivan's
boursac,Boursac
wölfin,She-wolf
schabe,cockroach
leger,casual
zurückgeführt,traced back
fleury,fleury
technikern,technicians
whow,Wow!
deppert,stupid
goki,goki
herunterfallen,fall
aufzuschneiden,to cut
urenkel,great-grandchild
laborkittel,lab coat
hinlegt,lies down
terraner,Terran
gerichtsbarkeit,jurisdiction
südwärts,south
vertrocknete,dried out
mundo,world
einsichten,insights
kacheln,tiles
thais,Thai
buchstabiere,spell
rok,rok
dirigiert,directed
cabiria,cabiria
verzückt,enraptured
dunkelste,darkest
dorothee,Dorothee
cake,cake
woolsey,woolsey
abgrunds,abyss
ausdrückst,expresses
kurzatmigkeit,shortness of breath
hausflur,hallway
reben,vines
vergewissere,make sure
radford,Radford
juchzt,cheers
alljährlichen,annual
entrüstet,indignant
bemühung,effort
segnete,blessed
beg,beginning
roulet,roulette
sektors,sectors
giancarlo,Gian Carlo
küster,sexton
exchange,Exchange
selbstüberschätzung,overestimation
lander,countries
cheever,cheever
wahrscheinlichkeiten,probabilities
privatdetektive,private detectives
experimentell,experimental
umgestalten,redesign
kinderlied,children's song
besuchsrecht,visitation rights
mani,mani
trishna,trishna
supercomputer,supercomputer
fairview,fairview
hammar,hammar
ausgereift,mature
sportlichen,sporting
newt,newt
fuhrpark,fleet
gwens,Gwen's
heimkomme,coming home
forschte,researched
forestier,forester
lolo,lolo
heizungskeller,boiler room
rango,range
wawa,wawa
arschbombe,cannonball
hierbleibst,stay here
volksfest,folk festival
erzieherin,educator
emo,emo
kalmus,sweet flag
vorauszahlung,prepayment
verklickern,explain
boullée,boulette
eldon,Eldon
hufschmied,farrier
teenie,teen
bottich,vat
schwedisches,Swedish
goodweather,goodweather
partitur,score
riten,rites
ausgefallenen,unusual
tribeca,tribeca
vogelscheuchen,scarecrows
staatsgeheimnis,state secret
cheerio,cheerio
claras,Clara's
hergefunden,found here
barista,barista
mulmig,uneasy
ersthelfer,first aiders
exportieren,export
blutbaden,bloodbath
versprechs,promise
computerspiele,computer games
nächtlicher,nighttime
pazzi,pazzi
verger,verger
nieman,nobody
unwahrheit,untruth
bouchard,Bouchard
olivias,Olivia's
unfähige,incompetent
wilkinson,wilkinson
korrespondenten,correspondents
sozialleistungen,social benefits
obszönität,obscenity
unterhaltszahlungen,alimony payments
ricki,ricki
gesetzbuch,law book
hulot,hulot
topaze,topaz
pepa,Pepa
gegrillten,grilled
galavant,galavant
bewirkte,caused
auszuleihen,to borrow
spanky,spanky
shae,shae
kiopfen,kippen
sugita,sugita
valois,Valois
auslässt,omits
hatice,hatice
shades,shades
manövriert,maneuvers
crossing,crossing
breed,breed
ruhigeren,quieter
takao,takao
bildschirme,screens
angebettelt,begged
sc,sc
rabbis,rabbis
spielball,ball
widerstrebt,resists
pfaffen,priests
verfärbung,discoloration
hexenschuss,lumbago
berufsleben,professional life
innovative,innovative
bilderrahmen,picture frames
bindeglied,connecting link
kommentaren,comments
quack,quack
recycelt,recycled
wunders,wonders
einprogrammiert,programmed
neuestem,latest
lüstling,lecher
nica,nica
rekrutierung,recruitment
nachgeprüft,verified
rüberfahren,drive over
hunters,hunters
horacio,horacio
wohnraum,living space
durchforstet,scoured
krzeminski,krzeminski
zugegebenermaßen,admittedly
bunty,bunty
felsenfest,rock solid
seezunge,sole
verwunderung,amazement
scream,scream
verhungerst,starve
fitzwilliam,Fitzwilliam
aufden,on the
konklave,conclave
turnblad,turnblade
nantucket,nantucket
halstead,Halstead
abbremsen,brake
florist,florist
missverstehst,misunderstand
pic,pic
erhoffe,I hope
klimpert,clinking
gutgetan,well done
stalkerin,stalker
dadi,dadi
niedergelegt,laid down
neigte,tended
schocker,shocker
suchmaschine,search engine
frédérick,Frederick
barrington,Barrington
across,across
habitat,habitat
abrasieren,shave
versiegen,dry up
ssr,SSR
mana,mana
betreiber,operator
sommerlager,summer camp
trimester,trimester
koala,koala
hemlock,hemlock
könnest,could
cordoba,Cordoba
masaru,masaru
streichel,petting
geschehnissen,events
tachykardie,tachycardia
tr,tr
rasierapparat,razor
anthropologin,anthropologist
schlitzer,slasher
katadreuffe,katadreuffe
hüpfte,jumped
familienwappen,family crest
tempeln,temples
ausarbeitung,elaboration
fortitude,fortitude
sem,sem
kelle,trowel
wuerden,would
synaptische,synaptic
gluant,glue
suboptimal,suboptimal
werdenden,future
bitterkalt,bitterly cold
betazed,betazed
ignorierten,ignored
karens,Karen's
unkenntlichkeit,unrecognizability
flankieren,flank
zugehörigkeit,affiliation
wisteria,wisteria
treter,kicker
handelns,trading
forsche,research
saugst,suck
herzmassage,heart massage
pasa,pasa
schussverletzungen,gunshot wounds
blökt,bleats
romy,Romy
pups,farts
nuckeln,suck
nörgelt,complains
numerobis,numerobis
erzeugten,generated
nippen,sip
trugbild,illusion
drogendeal,drug deal
schuldzuweisungen,Blame assignments
simoncelli,simoncelli
alby,alby
gehende,outgoing
conover,conover
bradbury,Bradbury
entwürfen,designs
hirnblutung,brain hemorrhage
erddrache,earth dragon
calliope,calliope
gevatter,godfather
riesenhaufen,huge pile
geraldine,Geraldine
cuddys,cuddys
gejagten,hunted
anny,anny
infusionen,infusions
kerkermeister,jailer
troubadour,troubadour
verantwortungsvoller,responsible
unterzutauchen,to submerge
kuala,Kuala
alright,alright
nuo,nuo
dämme,dams
stoddart,stoddart
umprogrammiert,reprogrammed
kham,kham
kataloge,catalogs
wegzuschaffen,to remove
lieblicher,lovely
monogam,monogam
hazienda,hacienda
conklin,conklin
aquädukt,aqueduct
unfallstelle,accident site
eintragungen,entries
schlagmal,hit me
señores,gentlemen
grundrechte,fundamental rights
zusehends,increasingly
erwidere,reply
sanne,Sanne
saracen,Saracen
scannte,scanned
hitzschlag,heatstroke
lauscher,eavesdropper
spottpreis,bargain price
kreditwürdig,creditworthy
versoffen,drunk
fransen,fringes
sutra,sutra
eggers,eggers
blickes,view
beschimpfst,insult
willkommensparty,welcome party
ungehobelter,uncouth
beängstigender,frightening
chetley,Chetley
fußnote,footnote
ahnungslose,unsuspecting
schöpfte,drew
milchshakes,milkshakes
verführerische,seductive
galja,galja
bru,bru
programmierten,programmed
kôichi,koichi
geiziger,miser
sable,sable
fabrikat,manufacturer
überquerten,crossed
messlatte,benchmark
gerüttelt,shaken
unverschämtes,outrageous
gelegentlichen,occasional
kohlensäure,carbonic acid
aberkannt,revoked
coggins,coggins
cowan,cowan
schulkameraden,schoolmates
haupthalle,main hall
physikalisch,physically
galoppiert,gallops
linn,linn
chefetage,executive floor
selbstsucht,selfishness
inhaftierten,incarcerated
entlaufen,escaped
nachrede,gossip
schlaffe,flabby
merthin,merthin
wegschnappen,snatch it away
verdrängung,displacement
kostenloser,free
rumzuschnüffeln,to snoop around
dryland,dryland
nixe,mermaid
einwohnerzahl,population
hauptaufgabe,main task
ehebett,double bed
eiizabeth,Elizabeth
neueren,newer
thaddäus,Thaddeus
inspektoren,inspectors
persie,persie
verkracht,crashed
spusi,spusi
achselhöhlen,armpits
jahrzehntelang,for decades
gepard,cheetah
geniert,embarrassed
jigsaw,jigsaw
siamesischen,Siamese
towns,towns
muncie,muncie
ishida,ishida
niepolomski,niepolomski
bewässerung,irrigation
buttons,buttons
sanken,sank
dumpty,dumpty
freiburg,Freiburg
ota,ota
anlächeln,smile
affairs,affairs
wolfie,wolfie
freikommt,comes free
wortlos,wordless
souleymane,Souleymane
hinwerfen,throw
azrael,Azrael
jugendfrei,suitable for all ages
vulkanischer,volcanic
anrücken,approach
internationalem,international
langjähriger,long-term
herbrachten,brought here
verklagte,sued
personenbeschreibung,personal description
andrer,other
friedenspfeife,peace pipe
inschriften,inscriptions
zachs,zachs
cleaver,cleaver
vorgängerin,predecessor
doppelschichten,double layers
begossen,watered
zusammengerufen,summoned
geplanter,planned
dothraki,dothraki
massenhysterie,mass hysteria
zerschmetterte,shattered
verursache,cause
karriereleiter,career ladder
verheiratetes,married
duschst,shower
spezialauftrag,special order
heilungsprozess,healing process
kôsuke,kôsuke
spontaner,spontaneous
aquino,Aquino
zuschieben,push
gerechtes,just
häupter,heads
kuchenmacher,cake maker
taiia,taiia
textilien,textiles
dragut,dragut
brunton,brunton
aufzulegen,to hang up
hirtin,shepherdess
entzweien,divide
generalfeldmarschall,field marshal
pel,pel
blutrausch,bloodlust
nebst,besides
nachrichtensender,news channel
johlt,cheers
nachgeholfen,helped
whipple,whipple
versenke,sink
kurierdienst,courier service
fräuleins,misses
disziplinarverfahren,disciplinary proceedings
gaye,gay
nothin,nothing
carpe,carpe
verdünnt,diluted
versace,Versace
zugekommen,received
kryptonier,Kryptonian
arithmetik,arithmetic
tappt,taps
attentatsversuch,assassination attempt
kobba,kobba
ginas,Gina's
hautausschlag,skin rash
handball,handball
lebensbedrohlich,life-threatening
scheppert,rattles
leckte,licked
sicherheitsteams,security teams
prot,prot
kojima,Kojima
kämmerchen,small room
erminia,Erminia
edelmut,gallantry
talaxianer,talaxianer
philby,philby
onigamiden,onigamides
abkommens,agreement
kampfspuren,battle scars
augenwinkel,corner of the eye
weisses,white
zusammenzukommen,to come together
indes,however
hiram,Hiram
beisammensein,get-together
veta,veta
plädiere,I plead
korridors,corridor
baske,Basque
rückschritt,regression
anraten,advise
untat,crime
huld,huld
stichfest,puncture-proof
gaddafi,Gaddafi
sweeper,sweeper
urteilskraft,judgment
newgate,newgate
unterernährung,malnutrition
anzeigetafel,scoreboard
jagdunfall,hunting accident
bedeutsames,significant
flaschenöffner,bottle opener
mordmotiv,motive for murder
naylor,naylor
hosenbein,trouser leg
schulmeister,schoolmaster
donaghy,donaghy
akutes,acute
terrorzelle,terror cell
rendite,return
geleitschutz,escort
lusche,loser
entlohnung,remuneration
hundi,dog
bündnisse,alliances
angefüllt,filled
anzudeuten,to indicate
feels,feels
versteckter,hidden
plastiktüten,plastic bags
naturkundemuseum,natural history museum
einquartiert,quartered
zaubere,magic
kultivierte,cultivated
dasist,that is
babineaux,babineaux
gnomeo,gnome
mancuso,mancuso
hassverbrechen,hate crime
brennerei,distillery
drachens,dragon
tsi,tsi
zugange,in progress
geilsten,most awesome
capa,capa
zhong,zhong
revanchiere,revenge
geselliger,sociable
tips,tips
spin,spin
fenner,fenner
umzugswagen,moving van
ritas,Rita's
entbinde,release
französinnen,French women
lightcap,lightcap
belanglose,trivial
forschungsschiff,research vessel
entzünde,ignite
amcs,amcs
eingeborenensprache,native language
schlugst,hit
durchschneidet,cuts through
deutlichen,clear
schleudersitz,ejection seat
boxenstopp,pit stop
beeindruckenden,impressive
scratch,scratch
softie,softie
surfst,surfst
hinfahre,go there
schilddrüse,thyroid
rauschgiftdezernat,narcotics division
erledigten,completed
scheißgeld,shitty money
hornissennest,hornet's nest
leeta,Leeta
ausstoßen,expel
aktionär,shareholder
friedenskonferenz,peace conference
wassergeist,water spirit
besetztzeichen,Occuped sign
kippst,tip
musizieren,make music
bourgeois,bourgeois
hylas,hylas
kraulen,crawl
anfällen,seizures
ph,ph
zygonen,Zygonen
stöbern,browse
adels,adel
richt,correct
bertinelli,bertinelli
denkfabrik,think tank
meuterer,mutineer
gotch,gotch
gelänge,succeed
posey,posey
ängstlichen,anxious
beschissenste,shittiest
luftblase,air bubble
umgestimmt,changed their mind
georgien,Georgia
abhielt,held
begünstigten,favored
behämmert,idiotic
redselig,talkative
hexenjäger,witch hunter
between,between
öff,open
stummel,stub
rhinozeros,rhinoceros
desjenigen,of that one
naked,naked
shunt,shunt
unvorhergesehene,unforeseen
dyle,Dylan
faustschlag,fist punch
weinbrand,brandy
titelkampf,title fight
attackierte,attacked
noriega,noriega
tú,tú
weiterbildung,continuing education
kondo,condo
faultier,sloth
belesen,well-read
yoshioka,yoshioka
wasseroberfläche,water surface
zerfiel,disintegrated
soma,soma
drogenabhängiger,drug addict
gemütszustand,mood
herc,herc
normalisieren,normalize
kretin,cretin
seniorenheim,retirement home
wartens,waiting
zahnweh,toothache
abmelden,log out
fastfood,fast food
hollys,hollys
schuhsohlen,shoe soles
cowgirl,cowgirl
wahrsagen,fortune telling
arbeitskollegin,work colleague
yus,yus
graeme,Graeme
nagelstudio,nail salon
walnut,walnut
kontinuität,continuity
granatsplitter,grenade fragments
mahdi,Mahdi
geschaukelt,rocked
aufzurichten,to erect
haarbürste,hairbrush
verfaulte,rotten
jähriger,year-old
elterlichen,parental
heihachi,heihachi
störsender,jammer
bannon,bannon
caspas,caspas
regieassistent,assistant director
bastion,bastion
geneco,geneco
wolfram,tungsten
wohltätig,charitable
verhaftest,arrest
phasern,phasers
kroll,kroll
esme,esme
godard,Godard
ruinier,ruin
abschotten,isolate
schlangenfrau,snake woman
edelmütig,magnanimous
raumfähre,space shuttle
bestattungsunternehmen,funeral homes
obskuren,obscure
fontainebleau,Fontainebleau
süßwarenladen,confectionery shop
porta,porta
neurosen,neuroses
europäisches,European
ärztlicher,medical
seereise,voyage
neutralität,neutrality
herfahren,drive here
fesselnde,captivating
beneidete,envied
montenegro,Montenegro
uneins,disagree
nierensteine,kidney stones
pfefferminztee,peppermint tea
selbstmordmission,suicide mission
überzeugendes,convincing
frischkäse,cream cheese
gimme,gimme
arbeitsvertrag,employment contract
plaît,plaît
idyllisch,idyllic
scho,already
habicht,hawk
industrieller,industrial
hildur,Hildur
pixote,pixote
stillsitzen,sitting still
verletzlichkeit,vulnerability
res,res
vernahm,heard
dreister,brazen
mcbain,McBain
mecky,mecky
vollstopfen,Stuff it full
hoffend,hoping
kreationen,creations
bleu,blue
newsweek,newsweek
ashram,ashram
privatlehrer,private tutor
abbildung,illustration
offenbare,reveal
miro,miro
teuerster,most expensive
kriss,Kriss
allied,allied
gospel,gospel
sonderausgabe,special edition
oyster,oyster
pornofilm,porn film
gigs,gigs
sehnerv,optic nerve
zeder,cedar
landsleuten,compatriots
affaire,affair
hereingefallen,fell for it
ungebetenen,uninvited
frostig,frosty
wehwehchen,minor ailments
erleuchte,illuminate
ungleich,unequal
neuro,neuro
pferdegetrappel,horse hooves
einfängt,captures
klammerte,clung
aufzusammeln,to collect
geködert,baited
tomasz,tomasz
anzuschalten,to turn on
schrieen,screamed
vorangetrieben,advanced
spukhaus,haunted house
ramones,Ramones
verfärbt,discolored
hooligans,hooligans
waffenbrüder,comrades in arms
möbliert,furnished
zusammentrommeln,gather together
philosophischen,philosophical
einsiehst,you see
mürrische,grumpy
seniorpartner,senior partner
widern,against
drewe,drewe
verhasst,hated
rawhide,rawhide
affengeil,awesome
gendwer,gendwer
legendärer,legendary
albion,Albion
überlieferung,tradition
filmstudio,film studio
karoline,Karoline
apoll,Apollo
pappas,Pappas
aina,aina
korban,Korban
zickiger,bitchy
ineffizient,inefficient
aris,Aris
brandmal,brand
frauenhaus,women's shelter
entsprang,originated
himura,himura
hamre,hamre
reader,reader
hrt,hrt
xenia,xenia
konturen,contours
nüscht,nothing
mri,mri
zweifels,undoubtedly
sechsjährigen,six-year-old
umziehe,moving
zunehmenden,increasing
liebeslieder,love songs
rustikal,rustic
dichtungen,seals
geheimoperationen,covert operations
ausschweifungen,excesses
einnahm,took
longfellow,longfellow
wütete,raged
sexspielzeug,sex toys
klettergerüst,climbing frame
zunimmt,increases
minusch,minusch
omatsu,omatsu
absperrungen,barriers
autokolonne,motorcade
ramo,ramo
dutchy,Dutch
myles,myles
scheffel,bushel
transports,transports
rosti,rosti
budderball,budderball
gebunkert,bunkered
meacham,Meacham
loup,loup
blutenden,bleeding
trüffeln,truffles
kränkung,insult
lupita,Lupita
weihnachtsgeld,Christmas bonus
mcmurphy,McMurphy
diensthabenden,on duty
wohlsein,well-being
lovett,lovett
gemäuer,masonry
brandopfer,burn victims
moglich,possible
zustimmte,agreed
sexualtrieb,sexual drive
meereen,seas
festsitze,stuck
macky,Macky
carlsson,Carlsson
zerkratzen,scratch
viertausend,four thousand
luftwaffenstützpunkt,air force base
mitchel,Mitchell
italian,Italian
adela,Adela
reinschreiben,write in it
spielstand,score
ausfälle,failures
barth,barth
ausbildungslager,training camp
delly,delly
presseerklärung,press release
fettige,greasy
denkste,You think so?
fernsehstar,TV star
hervorgehen,emerge
eindrang,intrusion
martys,marty's
bevorzugten,preferred
kapitols,Capitols
bespricht,discusses
gutgläubig,in good faith
fratzen,grimaces
gabelstapler,forklift
autorisieren,authorize
jahrzehnts,decades
hochhäuser,skyscrapers
nachteinbruch,nightfall
mikrochips,microchips
flachzulegen,to flatten
berüchtigter,notorious
quad,quad
beknackte,crazy
gentry,gentry
taka,taka
borneo,Borneo
feuchtigkeitscreme,moisturizer
grundmauern,foundations
abschießt,shoots down
lap,lap
brautstrauß,bridal bouquet
timecodes,timecodes
pharmazeutika,pharmaceuticals
ersparnissen,savings
jauchzt,cheers
trends,trends
stolziert,struts
kriegerischen,warlike
plaudere,chat
besouro,besouro
röntgenblick,X-ray vision
sitzungssaal,meeting room
rudelführer,pack leader
silvania,Silvania
chronischen,chronic
zeichneten,drew
entschlüsselung,decryption
überschwemmen,flood
vollnarkose,general anesthesia
bürgerkriegs,civil war
lebenslängliche,life sentence
gesetzgeber,legislator
barbossa,Barbossa
since,since
mosaik,mosaic
vergeßt,forget
doughnut,doughnut
mittelmäßige,mediocre
provokativ,provocative
gurukul,gurukul
magenkrebs,stomach cancer
maik,maik
menschenleer,deserted
xy,xy
blütezeit,flowering period
akiko,Akiko
chiara,chiara
gesamtsumme,total
kandi,Kandi
verdorbener,spoiled
ramzey,ramzey
phd,PhD
jungfräulich,virgin
swanee,swanee
hochschicken,send up
aufzuschieben,to postpone
sic,sic
sandbank,sandbank
österreichs,Austria's
essbare,edible
einflussreichsten,most influential
heraufbeschworen,conjured up
pferch,pen
pluspunkte,plus points
literweise,liters
bettel,begging
zugegangen,approached
überreichte,presented
bezüge,references
sicherheitsbüro,security office
zugpfeife,train whistle
tibor,tibor
anzündet,ignites
janvier,January
russian,Russian
entstammt,originates
drogenkonsum,drug use
luk,luk
marconi,Marconi
ausweispapiere,identification documents
kalkuliert,calculated
überlieferungen,traditions
magnussen,magnuts
kakadu,cockatoo
geburtstagen,birthdays
unempfindlich,insensitive
fraida,Fraida
keogh,keogh
gatlin,gatlin
brockman,brockman
vika,vika
salben,anoint
stöckelschuhe,high heels
rumtreiber,loiterer
zweifache,double
witch,which
veridian,veridian
lalo,lalo
tatsuo,tatsuo
familiengeheimnis,family secret
capote,capote
burroughs,Burroughs
aktivist,activist
charakteren,characters
drogendealern,drug dealers
rowe,rowe
ayana,ayana
steckdosen,electrical sockets
hattori,hattori
liebelei,flirtation
widi,widi
kuppeln,couple
gangmitglied,gang member
telegrafenamt,telegraph office
engagierter,dedicated
automotor,car engine
züchte,breed
inoperabel,inoperable
pensacola,Pensacola
beflecken,stain
kapellmeister,bandmaster
bongos,bongos
disharmonische,disharmonious
ewiglich,eternally
erdrückst,crush
sklavenarbeit,slave labor
bouvier,bouvier
eirik,Eirik
meißel,chisel
roanoke,roanoke
heilbutt,halibut
whitlock,Whitlock
innerste,innermost
heißblütig,hot-blooded
longley,longley
jaunbie,jaunbie
artisten,artists
faktisch,in fact
hundertsten,hundredth
rausgeprügelt,beaten out
oah,oh
salzsäure,hydrochloric acid
lookin,lookin
annäherungsversuche,approach attempts
philanthrop,philanthropist
vx,vx
viviane,viviane
lieblingswort,favorite word
durchstoßen,pier
grischka,grischka
khalil,khalil
ptolemaios,Ptolemaios
zornige,angry
sasaki,Sasaki
verhängnisvolle,disastrous
radioactive,radioactive
screen,screen
schneepflug,snowplow
sponsern,sponsor
entwenden,steal
frühgeburt,premature birth
spots,spots
auffordert,requests
umzieht,moves
rummelplatz,fairground
übergewichtig,overweight
pazifischen,Pacific
adem,adem
giften,poisons
schwebende,floating
isham,isham
unvermeidlichen,unavoidable
katholisches,Catholic
atheisten,atheists
verseuchte,contaminated
tundra,tundra
unterwandert,infiltrated
propan,propane
drey,three
kühlsystem,cooling system
orientierungssinn,sense of direction
anonymous,anonymous
tomatensuppe,tomato soup
lumpy,lumpy
einmaleins,multiplication table
fremdling,stranger
kjetil,kjetil
harrisburg,Harrisburg
limits,limits
bespitzelt,spied on
zollt,pays
ansteckt,infects
krawalle,riots
guðmundur,guðmundur
höh,height
nimms,take it
bluntschi,bluntschi
bällchen,balls
reede,roadstead
freizuhalten,to keep clear
miesesten,worst
ausleeren,empty
übermenschlichen,superhuman
gefuttert,eaten
intergalaktischen,intergalactic
psychiatrisches,psychiatric
wunschtraum,wishful thinking
streckst,stretch
tales,tales
raktajino,raktagino
mathers,mathers
niederlanden,Netherlands
ausfüllt,fills
bauerntrampel,farmer
überzeugungskraft,persuasiveness
ponty,ponty
megatron,megatron
bashan,bashan
wischte,wiped
vermeer,Vermeer
herzensgüte,kindness
tratscht,gossips
veröffentlichungen,publications
austrittswunde,exit wound
sprüht,sprays
toxikologischen,toxicological
mitziehen,pull along
grunts,grunts
glazer,glazer
tiff,TIFF
trümmerhaufen,pile of rubble
übermenschlich,superhuman
verprassen,squander
degeneriert,degenerate
erwürgte,strangled
steigbügel,stirrup
tarling,tarling
fußballtraining,football training
menschengestalt,human form
schweinekotelett,pork chop
kajsa,kajsa
abgewöhnt,weaned
erprobt,tested
zank,quarrel
leatherface,leatherface
apanatschi,apanatschi
dahingerafft,wiped out
hirse,millet
verliefen,went
uncut,uncut
kandahar,Kandahar
grundstücks,property
matten,mats
punktet,scores
erbsünde,original sin
mulholland,Mulholland
schani,Schani
begin,begin
hf,hf
vermasselte,botched
vintage,vintage
subventionen,subsidies
borman,borman
schockzustand,state of shock
überraschendes,surprising
michiko,michiko
stiletto,stiletto
entkräftet,refuted
drachmen,drachmas
pikant,spicy
ballistische,ballistic
untersuchst,examine
geldgierig,greedy
waten,wade
abspülen,rinse
geschützte,protected
kable,cable
gesülze,drivel
ouzo,ouzo
wimmelte,teeming
gutenachtgeschichte,bedtime story
indianisch,Native American
hlen,hlen
salpeter,saltpeter
jolinar,jolinar
mantle,mantle
stecht,stings
julebukk,julebukk
gräten,bones
weihnachtsferien,Christmas holidays
assoziiert,associated
eigil,eigil
stuff,stuff
milverton,Milverton
eingeflößt,instilled
optik,optics
roadie,roadie
freilasse,release
ankern,anchor
verlockende,tempting
hungernde,starving
pran,pran
erinnre,remember
verzweifeltes,desperate
gleichbedeutend,synonymous
kadi,Kadi
abgetragen,worn away
eingelegte,inserted
megaphon,megaphone
cogan,cogan
natürlichem,natural
usbekistan,Uzbekistan
reinlässt,lets in
bundesbeamten,federal civil servants
versicherten,insured
illegalem,illegal
qm,square meter
apps,apps
verlockendes,tempting
verliebtheit,infatuation
nichtsnutzige,worthless
geheimsache,top secret
energiekern,energy core
zwielichtig,shady
rondo,rondo
kovin,covin
spint,spint
nachbarhaus,neighboring house
haifa,Haifa
warnst,warn you
undichten,leaking
coulsons,Coulson's
telefonklingel,telephone ringer
konventionell,conventional
randaliert,riots
kiev,Kiev
schlafprobleme,sleep problems
runterspringen,jump down
bacchus,Bacchus
geteiltes,shared
josua,Joshua
cob,cob
hinreichend,sufficient
feststellte,determined
gescheites,sensible
chicas,girls
anlasten,to blame
zurückkäme,would return
kriminallabor,crime lab
lapdance,lap dance
verordnungen,regulations
messerstich,knife stab
handtüchern,towels
beantwortung,answer
nygma,nygma
natrium,sodium
angina,angina
beschließe,decide
foren,forums
loew,lion
khang,khang
traumhafte,dreamlike
gregorio,Gregorio
bühnen,stages
jeppe,jeppe
spendengala,fundraising gala
gilliam,gilliam
potentieller,potential
jackman,Jackman
vorbereite,prepare
kichi,kichi
traumfänger,dreamcatcher
rebekka,Rebecca
started,started
erträge,yields
knauserig,stingy
fledermäusen,bats
bomb,bomb
fragile,fragile
strenges,strict
facetten,facets
knuddelig,cuddly
küchentür,kitchen door
nepomuk,nepomuk
kindesentführung,child abduction
schminkt,makeup
gepflogenheiten,customs
gehsteig,pavement
mcgrath,McGrath
boaz,boaz
zusammenkratzen,scrape together
rojo,rojo
vagen,vague
durchgestrichen,crossed out
unabdingbar,indispensable
anlaß,occasion
kodos,kodos
präsidentensuite,presidential suite
haares,hair
salle,hall
morin,morin
versenkte,sunken
mieder,bodice
niger,Niger
anschaute,looked
beschwingt,lively
ideales,ideal
jacquot,jacquot
zerbrechliches,fragile
abkühlt,cools down
bale,bale
nachbauen,rebuild
naturwissenschaft,natural science
stundenweise,hourly
gehaltsstufe,salary level
hochgeklettert,climbed up
ez,ez
verplappert,let it slip
nebenrolle,supporting role
verziehst,You spoil
prahlerei,boasting
dietrichson,Dietrichson
begabungen,talents
gemeingefährlich,Public danger
bandage,bandage
spacko,spacko
austesten,test it out
kensei,kensei
verstauchung,sprain
heterosexuell,heterosexual
jensens,Jensen's
eiko,eiko
provoziere,provoke
königslande,royal lands
affekt,affect
ferruccio,Ferruccio
vernichtest,destroy
loan,loan
parkway,parkway
putzmunter,bright-eyed
synthetisches,synthetic
errichtung,construction
thanner,thanner
playa,beach
dagobert,Scrooge McDuck
internes,internal
dürrer,dry
gouda,Gouda
strickt,knits
wirtschaftsprüfer,auditor
zustieß,happened
mitfühlende,compassionate
ejakulation,ejaculation
ernestine,Ernestine
mozarts,Mozart
alleingelassen,left alone
stehenlassen,leave
ermahnt,admonished
mizio,mizio
cortland,Cortland
darstellungen,representations
terok,terok
zugeständnis,concession
aiian,aiian
würfle,dice
eingeritzt,etched
kaka,kak
autonummer,car number
dorfman,dorfman
ansatzpunkt,starting point
euros,euros
rückständig,backward
gummihandschuhe,rubber gloves
rockland,rockland
mcintyre,mcintyre
bauernhöfe,farms
actual,actual
yukon,Yukon
modifizierten,modified
korsar,corsair
bingham,Bingham
jeter,jeter
ertränkte,drowned
weitsicht,foresight
rash,rash
pines,pines
necip,necip
snell,snell
eingespannt,harnessed
übersetzerin,translator
bewerbungsgespräche,job interviews
äußerlichkeiten,appearance
dreyman,dreyman
vollbesitz,full ownership
nebenkosten,extra costs
hazlit,hazlit
degenerierten,degenerate
lka,lka
senkte,lowered
cuisine,cuisine
izmir,Izmir
überstand,survived
beizeiten,in good time
oswalds,Oswald's
sympathische,likeable
samenspender,sperm donor
katies,Katie's
attraktives,attractive
leinwände,canvases
überempfindlich,hypersensitive
auftragsmord,contract killing
eheringe,wedding rings
affenarsch,monkey ass
gustafson,gustafson
lauerte,lurking
gerinnt,coagulates
kurzwahl,speed dial
koffeinfrei,caffeine-free
drachentöter,dragon slayer
nitroglycerin,nitroglycerin
abnahme,acceptance
danas,danas
gemischtes,mixed
fabrikarbeiter,factory worker
anspruchsvollen,demanding
forster,ranger
versäumst,miss
topsy,topsy
moderiert,moderated
gerri,Gerri
vorlonen,Vorlon
auswurf,ejection
hochzunehmen,to lift
materialismus,materialism
enter,enter
coates,coates
zeitgenosse,contemporary
simmerl,simmerl
smike,smike
strammer,tighter
dabo,dabo
russischem,Russian
sternenlicht,starlight
nôi,noi
durchführbar,feasible
glucke,hen
dufresne,dufresne
wurd,was
lobster,lobster
merkwürdigste,strangest
doggy,doggy
bozo,bozo
kazak,Kazak
googeln,google
anpfiff,kick-off
soapy,soapy
vereins,club
kryptonische,Kryptonian
marsianer,Martians
mallow,mallow
fluggäste,passengers
tierwelt,wildlife
uneinig,disagree
barhocker,bar stool
furie,fury
esist,It is
estefania,estefania
zurückwerfen,throw back
tartaros,Tartarus
pingpong,ping-pong
ermuntern,encourage
nordwestlichen,northwestern
augenbiick,moment
kesselring,boiler ring
anzufreunden,to befriend
abzuschlachten,to slaughter
junta,junta
livingstone,livingstone
neurales,neural
straffreiheit,impunity
lodi,lodi
mutigsten,bravest
ausbügeln,iron out
gables,gables
angelst,fishing
betrügerischen,fraudulent
ramponiert,battered
gesundheitlich,health-related
schmetterlingen,butterflies
schelten,scold
carabinieri,carabinieri
korfu,Corfu
unbezwingbar,invincible
liefst,ran
terminals,terminals
bindestrich,hyphen
spracht,spoke
hierbleibt,stay here
lesstorff,Lestorff
eigelb,egg yolk
entgegensehen,look forward
nachthemden,nightgowns
fahrgeld,fare
borschtsch,borscht
hlmmelsdrache,hlmmelsdrache
notenergie,emergency energy
verben,verbs
kommandiere,command
gemeindehaus,community center
lautrec,Lautrec
belvedere,belvedere
belebten,revived
rausfindest,find out
zuzulegen,to acquire
brisson,brisson
nanine,nanine
fca,FCA
durchdrehe,go crazy
zusammensitzen,sitting together
genickbruch,neck fracture
herbs,herbs
rieten,advised
glico,glico
assassin,assassin
skorbut,scurvy
macmaster,macmaster
bissel,a little
tombola,tombola
schlangenbiss,snakebite
nachtsicht,night vision
krill,krill
drinne,inside
misshandelte,abused
verbrüderung,fraternization
unübertroffen,unsurpassed
kartoffelpüree,mashed potatoes
widersetzte,resisted
misslichen,unfortunate
sirenengeheul,siren wail
heiben,heiben
tanzunterricht,dance lessons
interessierts,interested
bettelarm,dirt poor
strapse,garter belt
briefbeschwerer,paperweight
profits,profits
unerwünschten,unwanted
geschoren,sheared
pistazien,pistachios
aufmacher,opening
limbo,limbo
porco,porco
unfähigen,incompetent
familienmitgliedern,family members
mee,me
kumpeln,buddies
erschiesst,shoots
lebensfähig,viable
leeann,leeann
vergeltungsschlag,retaliatory strike
jamaikaner,Jamaican
kollekte,collection
abregen,calm down
strähnen,strands
herzhaft,hearty
conley,conley
vorzügliche,excellent
grillparty,barbecue party
eingehenden,incoming
lugosi,lugosi
royalton,Royalton
eintüten,to bag
vergänglichkeit,transience
taquito,taquito
abbrach,aborted
mangelnder,lack of
sacht,gently
biko,biko
transformiert,transformed
wiederkehrt,returns
bordcomputer,on-board computer
büttel,büttel
bloomfield,bloomfield
schweigegeld,hush money
mutterliebe,mother's love
schnappschuss,snapshot
blutgruppen,blood groups
superstars,superstars
mietern,tenants
berggipfel,mountain peak
vorgesprochen,interviewed
landeier,country bumpkins
agenor,agenor
findelkind,foundling
riesenarsch,huge ass
vonstatten,take place
anfänglichen,initial
lieblingssong,favorite song
stagg,stagg
schwerverbrechen,serious crimes
andeutet,suggests
szymanski,Szymanski
anspielen,to play
knappheit,scarcity
sledge,sledge
nowak,nowak
hamlin,hamlin
notgroschen,emergency fund
kaninchenbau,rabbit hole
erforschte,researched
kreuzzüge,Crusades
bürgerlich,civil
härchen,hairs
schwefelsäure,sulfuric acid
fehlerhafte,faulty
knusprige,crispy
gilberts,Gilberts
fremdkörper,foreign body
erbsensuppe,pea soup
vergraulen,scare away
verkrüppelten,crippled
rucker,rucker
schätzten,estimated
grässliches,gruesome
depressive,depressive
rickys,Ricky's
endorphine,endorphins
knalltüte,bag
malten,painted
entsendet,sent
runterkommst,come down
rockys,rocky
wilmington,Wilmington
vasallen,vassals
reinnehmen,take in
fanatismus,bigotry
beasley,beasley
friedmann,Friedmann
flugzeuglärm,aircraft noise
fellatio,fellatio
ambiente,ambiente
highlights,highlights
tsui,tsui
regatta,regatta
toxische,toxic
dorfbewohnern,villagers
archäologischen,archaeological
aussätziger,leper
wedelt,waving
zurückzufahren,to drive back
quimby,Quimby
sitcom,sitcom
rauszunehmen,to remove
tanzlehrer,dance teacher
rapids,rapids
schockierte,shocked
proletariat,proletariat
liebhabers,lover
clausen,clauses
schleierhaft,mysterious
loewen,lions
aufzurufen,to call up
optimalen,optimal
örtchen,small town
spazierstock,walking stick
monsignor,monsignor
lichterloh,ablaze
auslauf,outlet
farn,fern
fili,fili
testeten,tested
plauderei,chat
buro,office
ehrenvoller,honorable
aaaaah,aaaaah
seneca,Seneca
nordischen,Nordic
farblos,colorless
blutopfer,blood sacrifice
samurais,samurai
triangulieren,triangulate
stechenden,stinging
scheunen,barns
helix,helix
hype,hype
presidente,presidents
kellertür,cellar door
runterrutschen,slide down
kwong,kwong
spülst,rinse
unnatürliche,unnatural
pororo,pororo
mungo,mongo
augenhöhle,eye socket
gambrelli,Gambrelli
generalversammlung,general meeting
spielzeugen,toys
challenger,challenger
polizeiakademie,police academy
atwater,atwater
jw,jw
hitzeschild,heat shield
ausstehenden,outstanding
uäh,ugh
litern,liters
zurückgewonnen,recovered
erntedank,Thanksgiving
hungere,hunger
diskriminiert,discriminated against
regenfälle,rainfall
vorgesetzt,supervisor
wohlfühlt,feels good
zeitreisende,time travelers
teilzuhaben,to participate
sonnenblumen,sunflowers
attinger,Attinger
marshalsea,Marshallsea
tibbe,tibbe
teng,teng
kriegshelden,war heroes
runterging,went down
karr,karr
relations,relations
treues,loyal
cheerleading,cheerleading
zurückdenke,Looking back
ausgangsposition,starting position
being,being
rummacht,making out
dickwanst,fat belly
ersatzteilen,spare parts
rundfahrt,tour
hysterischen,hysterical
vamonos,vamonos
karaman,Karaman
couchtisch,coffee table
verlässlichen,reliable
beurlaubung,leave of absence
geringfügige,minor
usw,etc
unternahmen,undertakes
kiffst,smoke weed
filmindustrie,film industry
stallone,Stallone
halliday,halliday
tragfläche,wing
rogan,rogan
hineingeboren,born into
mammuts,mammoths
stubbins,Stubbins
großhirnrinde,cerebral cortex
zustandes,state
einfacheres,simpler
verschaukeln,to fool
bouly,bouly
eisenstange,iron bar
crying,crying
überweist,transfers
besorgniserregend,worrying
festgeschnallt,strapped down
unterstellst,you assume
hummeln,bumblebees
zugeschüttet,filled in
achselhöhle,armpit
suiten,suites
transplantieren,transplant
latz,bib
anklopft,knocks
verfügst,have
eisdiele,ice cream parlor
hochform,top form
stibitzt,stole
gebräuche,customs
allerwertesten,most awful
abgesondert,separated
innenleben,interior
wievielten,which number
wegpacken,pack away
vivia,vivia
tappe,tappe
cerebro,cerebro
sicherheitsüberprüfung,security check
ausmaßen,dimensions
versinke,sink
energiereserven,energy reserves
tiefkühltruhe,deep freezer
privatangelegenheiten,private matters
dartmoor,Dartmoor
brandbeschleuniger,fire accelerant
krauss,Kraus
galveston,Galveston
bigelow,bigelow
wärmstens,warmest regards
selbstgemachte,homemade
aufmachte,opened
sprechzimmer,consultation room
barosky,barosky
jabba,Jabba
boogeyman,boogeyman
murren,murmur
assi,asshole
isländer,Icelanders
runterschalten,downshift
bloßem,mere
kriegsbemalung,war paint
hinterfrage,question
rosé,rose
ol,oil
weltausstellung,world's fair
chupacabra,chupacabra
offenhalten,keep open
kopfe,heads
peso,peso
schmiedete,forged
hertha,Hertha
diabolo,diabolo
sibel,sibel
mitwisser,accomplice
interstellare,interstellar
kopflosen,headless
frikadellen,meatballs
idea,idea
hängten,hung
startsequenz,start sequence
abstellraum,storage room
gnadenschuss,mercy killing
milliardäre,billionaires
tores,tores
upgrades,upgrades
statist,extra
asiens,Asia
rübergeschickt,sent over
mcp,mcp
riesenhunger,huge hunger
unreinen,impure
curtain,curtain
gesteinigt,stoned
sportsgeist,sportsmanship
übernachtungen,overnight stays
angewachsen,grown
samia,samia
gap,gap
hp,hp
almost,almost
kommandomodul,command module
sakai,sakai
sichtfeld,field of vision
idiotie,idiocy
plünderungen,looting
patensohn,godson
blässe,paleness
hama,Hama
minirock,miniskirt
feinstes,finest
missglückt,failed
juchzen,cheers
savoyen,Savoy
fliesst,flows
laurens,Laurens
pfauen,peacocks
patentochter,goddaughter
meckie,meckie
zurücklaufen,run back
deputys,deputy
kabinendruck,cabin pressure
papis,papis
zuverlässigkeit,reliability
heime,homes
megans,megans
finstern,dark
ausreißerin,runaway
shady,shady
margarine,margarine
ténia,ténia
ghidorah,Ghidorah
mitchum,mitchum
buchhändler,bookseller
zurückbekommt,gets back
humanitären,humanitarian
spazierst,walk
kitten,kitten
stromausfälle,power outages
leonora,leonora
friseure,hairdressers
allianzen,alliances
sekundäre,secondary
malhotra,malhotra
josepha,Josepha
reihenhaus,terraced house
sadismus,sadism
unsereiner,ours
erkälte,cold
catherines,Catherine's
fougasse,fougasse
stuarts,Stuarts
besessenen,possessed
woodsboro,woodsboro
exklusivbericht,exclusive report
eliminierung,elimination
komödiant,comedian
rowley,Rowley
woge,wave
kneten,knead
ausschreibung,tender
dankend,thank you
pendler,commuter
zusammenarbeitest,work together
pelzigen,furry
euphemismus,euphemism
aussichtslose,hopeless
patientenakten,patient records
nachwachsen,grow back
harren,wait
hiroko,hiroko
delbert,delbert
finanzchef,chief financial officer
birnam,birnam
gedehnt,stretched
vorbeikamen,passed by
ulme,elm
generalbundesanwalt,Attorney General
kneife,pinch
layout,layout
einkauft,shops
tami,Tami
trudys,trudy's
langstrumpf,longstocking
auslosung,draw
unwissentlich,unknowingly
schrottkiste,junk box
smokings,smokings
lateinamerikanische,Latin American
blutwein,blood wine
devils,devils
musikalischer,musical
bekanntmachen,announce
aerobic,aerobics
sock,sock
einzelzelle,single cell
loswird,gets rid of
vergolten,repaid
steii,steii
ausrüsten,equip
mops,pug
abstammen,descend from
starkey,Starkey
blutanalyse,blood analysis
römisch,Roman
geschlossenes,closed
chappy,chappy
mondo,mondo
lieblingsbeschäftigung,favorite pastime
jackass,jackass
wladiwostok,Vladivostok
krasses,crazy
harue,harue
mclaren,McLaren
schwörs,swear
großväter,grandfathers
jorgensen,jorgensen
modells,models
mitwirken,participate
befeuchten,moisten
dorfvorsteher,village headman
ultimate,ultimate
scheinfirma,shell company
kšnig,king
halbstarken,teenagers
vuitton,vuitton
polarkreis,Arctic Circle
zuckerberg,pile of sugar
destruktiv,destructive
weihnachtseinkäufe,Christmas shopping
vanya,vanya
tschechow,Chekhov
kriminalitätsrate,crime rate
scheißspiel,shitty game
summa,in summary
überreizt,overstimulated
booa,booa
gewordenen,become
fachausdruck,technical term
bewohnte,inhabited
eisenstein,ironstone
nomads,nomads
einfinden,find
zugelaufen,found
passive,passive
vine,vine
gestutzt,trimmed
spielhölle,gambling den
friseurin,hairdresser
heimliches,secret
unterdrücke,suppress
geleast,leased
wiggin,Wiggin
reinschleichen,sneak in
mundes,mouth
traffic,traffic
moschus,musk
zurechtgekommen,coped
intendantin,director
sondereinsatzkommando,special operations unit
kurses,course
babes,babes
rückkampf,rematch
herzloser,heartless
himbeere,raspberry
kontern,counter
gedenkstätte,memorial
milzbrand,anthrax
glitzernden,glittering
nettigkeiten,niceties
damji,damji
diebes,thief
fernhält,keeps away
cirque,cirque
freudigen,joyful
geflasht,flashed
regisseurs,directors
sans,sans
stückes,piece
regimenter,regiments
hofdamen,ladies-in-waiting
echsen,lizards
tragbar,portable
treiber,driver
louison,louison
potomac,potomac
kleides,dress
vogelgrippe,bird flu
strickler,Strickler
widersetze,resist
mieteten,rented
kaukasus,Caucasus
vokale,vocals
jordon,Jordan
schwachsinniger,feeble-minded
affair,affair
checkte,checked
verewigt,immortalized
trinidad,Trinidad
mccormack,McCormack
abfärben,staining
weiã,white
corrie,Corrie
trinkerin,drinker
operierte,operated
rabauken,ruffians
thailändischen,Thai
eingereist,entered
becket,Becket
gotteslästerer,blasphemers
absurdität,absurdity
malachi,malachi
pflichterfüllung,fulfillment of duty
puzzleteil,puzzle piece
zuckerstange,candy cane
drakes,drakes
türrahmen,door frame
maclaren,maclaren
büroräume,office space
verderb,spoilage
jacquard,jacquard
lächelnde,smiling
gallifrey,gallifrey
aufgefahren,driven
gordie,Gordie
exekutive,executive
flak,flak
vics,vics
mandarine,mandarin
spoon,spoon
bup,bup
fitzpatrick,fitpatrick
zufriedene,satisfied
kontinents,continent
jemima,jemima
zuhaus,at home
absacker,nightcap
eizelle,egg cell
abartige,deviant
akribisch,meticulously
erziehungsanstalt,reformatory
übertraf,exceeded
unbestätigten,unconfirmed
gefrorenes,frozen
umzuleiten,to redirect
durchschlafen,sleeping through the night
kochendes,boiling
winstone,Winstone
miserables,miserable
roan,roan
einzuatmen,to inhale
metcalf,metcalf
flüsternde,whispering
unheilbare,incurable
beschränkter,limited
kaute,chewed
boshafte,malicious
nachhaken,follow up
unbeschreibliche,indescribable
verwirrende,confusing
onnte,could
kompakt,compact
versauten,ruined
familiär,family
zugeguckt,watched
pharmazeutische,pharmaceutical
shayne,shayne
zunehmende,increasing
flinke,nimble
typischerweise,typically
nelsons,Nelsons
delphi,Delphi
geflochten,braided
selektion,selection
prominent,prominent
inés,inés
verschluckte,swallowed
virtuelles,virtual
lieferjunge,delivery boy
zurückgestellt,postponed
tragweite,scope
sattelt,saddles
großraum,greater area
beläuft,amounts to
backgammon,backgammon
mcneil,mcneil
schwammkopf,SpongeBob
warrens,Warrens
architektin,architect
federico,Federico
durchsickert,seeps through
timmons,timmons
lockenwickler,hair curlers
sig,sig
autoverkäufer,car salesman
tsun,tsun
instandhaltung,maintenance
forschungs,research
menüs,menus
erkennbare,recognizable
hypnotiseur,hypnotist
produktiver,productive
tokuhei,tokuhei
entflieht,escapes
auszulachen,to laugh at
grizz,grizz
vinzenz,Vincent
naoto,naoto
leno,leno
laboren,laboratories
klubhaus,clubhouse
kitschige,kitschy
puffy,puffy
schießwütige,trigger-happy
schlachtruf,battle cry
grillfest,barbecue
chávez,chávez
letterman,letterman
reinhart,Reinhard
schweinepriester,swine priest
unkooperativ,uncooperative
regierungstruppen,government troops
vitaminen,vitamins
zurückbleibt,remains
kimani,Kimani
spross,shoot
daidalos,daidalos
drilling,drilling
accessoire,accessory
quadrate,squares
chattanooga,chattanooga
ci,ci
kaveriamma,kaveriamma
aufschlug,hit
nichtsnutzigen,worthless
finanzkrise,financial crisis
blechschaden,sheet metal damage
tonlage,pitch
verstopfte,clogged
verteidigungssysteme,defense systems
laine,plain
vertragsbruch,breach of contract
mes,mes
fluchtkapsel,escape capsule
quality,quality
smash,smash
arbeiterin,worker
kickt,kicks
aufenthaltsorte,places of residence
murmelte,muttered
pleasure,pleasure
kulturelles,cultural
eingeständnis,admission
angesiedelt,located
reaktorkern,reactor core
attentats,assassination
mondfinsternis,lunar eclipse
nullkommanichts,absolutely nothing
fernzusehen,watching television
überanstrengt,overworked
tollwütige,rabid
eiji,eiji
freudiger,joyful
minimaler,minimal
bahnbrechende,groundbreaking
chiba,chiba
cu,cu
ausbessern,repair
twelve,twelve
regelmäßiges,regular
elastisch,elastic
mulan,Mulan
dewy,dewy
chaough,chaough
tiefschlag,low blow
mullins,Mullins
grease,grease
gora,gora
aurélien,Aurélien
weiterreichen,forward
installiere,install
tyrells,tyrells
hintergrundinformationen,background information
zeitlimit,time limit
prez,price
drohnenangriff,drone attack
schwirr,whir
taxifahrt,taxi ride
filmaufnahmen,film recordings
yintsi,yintsi
speisezimmer,dining room
haushalten,household
justinian,Justinian
rastete,rested
ungerechten,unjust
garstig,nasty
gelungene,successful
muir,muir
maschen,stitches
lastwagenfahrer,truck driver
gebrabbel,babble
tsuya,tsuya
bevorstand,was about to
trudi,trudi
krum,crook
jorinde,jorinde
camerons,Cameron's
chatsworth,Chatsworth
gekämmt,combed
beurteilungen,assessments
ausgeweitet,expanded
rummy,rummy
ladd,ladd
outback,outback
lanzetta,lancet
xiv,xiv
fluren,corridors
azmuth,azmuth
auslacht,laughs
leonhard,Leonhard
schattens,shadows
erfurt,Erfurt
yokai,yokai
dienstvorschriften,service regulations
télétota,teletota
lieblingssohn,favorite son
ohrwurm,earworm
jano,jano
gummistiefel,rubber boots
scheinheilige,hypocritical
koko,koko
scherst,shears
emsig,busy
schwermut,melancholy
